participant_id,label_aktual,kondisi_lux,kondisi_jarak,skor_facenet,skor_ear,skor_mar,keputusan_S1,keputusan_S2,keputusan_S3
P01,Bona_Fide,Redup,30cm,0.243,0.323,0.146,Accept,Accept,Accept
P01,Bona_Fide,Redup,30cm,0.220,0.278,0.225,Accept,Accept,Accept
P01,Bona_Fide,Redup,30cm,0.296,0.313,0.245,Accept,Accept,Accept
P01,Bona_Fide,Redup,30cm,0.309,0.261,0.249,Accept,Accept,Accept
P01,Bona_Fide,Redup,30cm,0.243,0.270,0.144,Accept,Accept,Accept
P01,Bona_Fide,Redup,30cm,0.192,0.257,0.219,Accept,Accept,Accept
P01,Bona_Fide,Redup,30cm,0.285,0.313,0.253,Accept,Accept,Accept
P01,Bona_Fide,Redup,30cm,0.214,0.259,0.129,Accept,Accept,Accept
P01,Bona_Fide,Redup,30cm,0.330,0.320,0.159,Accept,Accept,Accept
P01,Bona_Fide,Redup,30cm,0.332,0.286,0.133,Accept,Accept,Accept
P01,Bona_Fide,Redup,45cm,0.220,0.253,0.187,Accept,Accept,Accept
P01,Bona_Fide,Redup,45cm,0.256,0.326,0.145,Accept,Accept,Accept
P01,Bona_Fide,Redup,45cm,0.262,0.258,0.144,Accept,Accept,Accept
P01,Bona_Fide,Redup,45cm,0.369,0.266,0.234,Accept,Accept,Accept
P01,Bona_Fide,Redup,45cm,0.308,0.308,0.197,Accept,Accept,Accept
P01,Bona_Fide,Redup,45cm,0.312,0.283,0.160,Accept,Accept,Accept
P01,Bona_Fide,Redup,45cm,0.354,0.256,0.127,Accept,Accept,Accept
P01,Bona_Fide,Redup,45cm,0.216,0.255,0.252,Accept,Accept,Accept
P01,Bona_Fide,Redup,45cm,0.248,0.282,0.220,Accept,Accept,Accept
P01,Bona_Fide,Redup,45cm,0.334,0.320,0.208,Accept,Accept,Accept
P01,Bona_Fide,Redup,60cm,0.371,0.270,0.173,Accept,Accept,Accept
P01,Bona_Fide,Redup,60cm,0.298,0.309,0.177,Accept,Accept,Accept
P01,Bona_Fide,Redup,60cm,0.346,0.261,0.153,Accept,Accept,Accept
P01,Bona_Fide,Redup,60cm,0.442,0.304,0.220,Reject,Reject,Accept
P01,Bona_Fide,Redup,60cm,0.378,0.292,0.170,Accept,Accept,Accept
P01,Bona_Fide,Redup,60cm,0.285,0.295,0.169,Accept,Accept,Accept
P01,Bona_Fide,Redup,60cm,0.251,0.252,0.160,Accept,Accept,Accept
P01,Bona_Fide,Redup,60cm,0.296,0.322,0.242,Accept,Accept,Accept
P01,Bona_Fide,Redup,60cm,0.433,0.286,0.187,Reject,Reject,Accept
P01,Bona_Fide,Redup,60cm,0.329,0.301,0.241,Accept,Accept,Accept
P01,Bona_Fide,Standar,30cm,0.281,0.321,0.187,Accept,Accept,Accept
P01,Bona_Fide,Standar,30cm,0.226,0.273,0.183,Accept,Accept,Accept
P01,Bona_Fide,Standar,30cm,0.182,0.321,0.207,Accept,Accept,Accept
P01,Bona_Fide,Standar,30cm,0.201,0.258,0.150,Accept,Accept,Accept
P01,Bona_Fide,Standar,30cm,0.163,0.330,0.180,Accept,Accept,Accept
P01,Bona_Fide,Standar,30cm,0.227,0.255,0.181,Accept,Accept,Accept
P01,Bona_Fide,Standar,30cm,0.282,0.299,0.211,Accept,Accept,Accept
P01,Bona_Fide,Standar,30cm,0.241,0.269,0.130,Accept,Accept,Accept
P01,Bona_Fide,Standar,30cm,0.295,0.326,0.165,Accept,Accept,Accept
P01,Bona_Fide,Standar,30cm,0.160,0.275,0.247,Accept,Accept,Accept
P01,Bona_Fide,Standar,45cm,0.262,0.294,0.184,Accept,Accept,Accept
P01,Bona_Fide,Standar,45cm,0.198,0.308,0.150,Accept,Accept,Accept
P01,Bona_Fide,Standar,45cm,0.176,0.307,0.145,Accept,Accept,Accept
P01,Bona_Fide,Standar,45cm,0.261,0.316,0.231,Accept,Accept,Accept
P01,Bona_Fide,Standar,45cm,0.322,0.295,0.199,Accept,Accept,Accept
P01,Bona_Fide,Standar,45cm,0.210,0.253,0.161,Accept,Accept,Accept
P01,Bona_Fide,Standar,45cm,0.283,0.319,0.132,Accept,Accept,Accept
P01,Bona_Fide,Standar,45cm,0.260,0.286,0.213,Accept,Accept,Accept
P01,Bona_Fide,Standar,45cm,0.182,0.318,0.177,Accept,Accept,Accept
P01,Bona_Fide,Standar,45cm,0.265,0.272,0.236,Accept,Accept,Accept
P01,Bona_Fide,Standar,60cm,0.309,0.276,0.216,Accept,Accept,Accept
P01,Bona_Fide,Standar,60cm,0.210,0.325,0.136,Accept,Accept,Accept
P01,Bona_Fide,Standar,60cm,0.356,0.273,0.257,Accept,Accept,Accept
P01,Bona_Fide,Standar,60cm,0.332,0.312,0.263,Accept,Accept,Accept
P01,Bona_Fide,Standar,60cm,0.311,0.308,0.208,Accept,Accept,Accept
P01,Bona_Fide,Standar,60cm,0.321,0.317,0.134,Accept,Accept,Accept
P01,Bona_Fide,Standar,60cm,0.347,0.277,0.259,Accept,Accept,Accept
P01,Bona_Fide,Standar,60cm,0.233,0.303,0.241,Accept,Accept,Accept
P01,Bona_Fide,Standar,60cm,0.212,0.280,0.190,Accept,Accept,Accept
P01,Bona_Fide,Standar,60cm,0.339,0.308,0.215,Accept,Accept,Accept
P01,Bona_Fide,Terang,30cm,0.297,0.297,0.264,Accept,Accept,Accept
P01,Bona_Fide,Terang,30cm,0.289,0.267,0.227,Accept,Accept,Accept
P01,Bona_Fide,Terang,30cm,0.294,0.258,0.202,Accept,Accept,Accept
P01,Bona_Fide,Terang,30cm,0.204,0.326,0.163,Accept,Accept,Accept
P01,Bona_Fide,Terang,30cm,0.190,0.293,0.132,Accept,Accept,Accept
P01,Bona_Fide,Terang,30cm,0.233,0.289,0.231,Accept,Accept,Accept
P01,Bona_Fide,Terang,30cm,0.221,0.288,0.201,Accept,Accept,Accept
P01,Bona_Fide,Terang,30cm,0.196,0.250,0.182,Accept,Accept,Accept
P01,Bona_Fide,Terang,30cm,0.180,0.315,0.147,Accept,Accept,Accept
P01,Bona_Fide,Terang,30cm,0.267,0.319,0.196,Accept,Accept,Accept
P01,Bona_Fide,Terang,45cm,0.269,0.251,0.228,Accept,Accept,Accept
P01,Bona_Fide,Terang,45cm,0.205,0.315,0.163,Accept,Accept,Accept
P01,Bona_Fide,Terang,45cm,0.280,0.277,0.168,Accept,Accept,Accept
P01,Bona_Fide,Terang,45cm,0.285,0.262,0.179,Accept,Accept,Accept
P01,Bona_Fide,Terang,45cm,0.264,0.325,0.211,Accept,Accept,Accept
P01,Bona_Fide,Terang,45cm,0.257,0.285,0.150,Accept,Accept,Accept
P01,Bona_Fide,Terang,45cm,0.295,0.256,0.179,Accept,Accept,Accept
P01,Bona_Fide,Terang,45cm,0.346,0.262,0.197,Accept,Accept,Accept
P01,Bona_Fide,Terang,45cm,0.211,0.268,0.233,Accept,Accept,Accept
P01,Bona_Fide,Terang,45cm,0.280,0.326,0.146,Accept,Accept,Accept
P01,Bona_Fide,Terang,60cm,0.260,0.250,0.237,Accept,Accept,Accept
P01,Bona_Fide,Terang,60cm,0.329,0.284,0.135,Accept,Accept,Accept
P01,Bona_Fide,Terang,60cm,0.224,0.298,0.154,Accept,Accept,Accept
P01,Bona_Fide,Terang,60cm,0.351,0.279,0.188,Accept,Accept,Accept
P01,Bona_Fide,Terang,60cm,0.262,0.325,0.243,Accept,Accept,Accept
P01,Bona_Fide,Terang,60cm,0.369,0.319,0.137,Accept,Accept,Accept
P01,Bona_Fide,Terang,60cm,0.303,0.316,0.151,Accept,Accept,Accept
P01,Bona_Fide,Terang,60cm,0.273,0.307,0.210,Accept,Accept,Accept
P01,Bona_Fide,Terang,60cm,0.252,0.288,0.261,Accept,Accept,Accept
P01,Bona_Fide,Terang,60cm,0.249,0.324,0.153,Accept,Accept,Accept
P02,Bona_Fide,Redup,30cm,0.312,0.292,0.192,Accept,Accept,Accept
P02,Bona_Fide,Redup,30cm,0.257,0.307,0.159,Accept,Accept,Accept
P02,Bona_Fide,Redup,30cm,0.338,0.267,0.135,Accept,Accept,Accept
P02,Bona_Fide,Redup,30cm,0.306,0.297,0.241,Accept,Accept,Accept
P02,Bona_Fide,Redup,30cm,0.275,0.275,0.191,Accept,Accept,Accept
P02,Bona_Fide,Redup,30cm,0.322,0.314,0.152,Accept,Accept,Accept
P02,Bona_Fide,Redup,30cm,0.193,0.300,0.143,Accept,Accept,Accept
P02,Bona_Fide,Redup,30cm,0.197,0.269,0.223,Accept,Accept,Accept
P02,Bona_Fide,Redup,30cm,0.326,0.265,0.168,Accept,Accept,Accept
P02,Bona_Fide,Redup,30cm,0.311,0.284,0.154,Accept,Accept,Accept
P02,Bona_Fide,Redup,45cm,0.282,0.302,0.178,Accept,Accept,Accept
P02,Bona_Fide,Redup,45cm,0.249,0.253,0.174,Accept,Accept,Accept
P02,Bona_Fide,Redup,45cm,0.297,0.302,0.218,Accept,Accept,Accept
P02,Bona_Fide,Redup,45cm,0.254,0.298,0.140,Accept,Accept,Accept
P02,Bona_Fide,Redup,45cm,0.272,0.328,0.189,Accept,Accept,Accept
P02,Bona_Fide,Redup,45cm,0.348,0.254,0.190,Accept,Accept,Accept
P02,Bona_Fide,Redup,45cm,0.339,0.259,0.200,Accept,Accept,Accept
P02,Bona_Fide,Redup,45cm,0.215,0.265,0.260,Accept,Accept,Accept
P02,Bona_Fide,Redup,45cm,0.280,0.319,0.174,Accept,Accept,Accept
P02,Bona_Fide,Redup,45cm,0.252,0.274,0.178,Accept,Accept,Accept
P02,Bona_Fide,Redup,60cm,0.291,0.325,0.164,Accept,Accept,Accept
P02,Bona_Fide,Redup,60cm,0.269,0.314,0.206,Accept,Accept,Accept
P02,Bona_Fide,Redup,60cm,0.440,0.299,0.226,Reject,Reject,Accept
P02,Bona_Fide,Redup,60cm,0.312,0.251,0.126,Accept,Accept,Accept
P02,Bona_Fide,Redup,60cm,0.339,0.310,0.162,Accept,Accept,Accept
P02,Bona_Fide,Redup,60cm,0.317,0.272,0.199,Accept,Accept,Accept
P02,Bona_Fide,Redup,60cm,0.268,0.258,0.233,Accept,Accept,Accept
P02,Bona_Fide,Redup,60cm,0.273,0.327,0.251,Accept,Accept,Accept
P02,Bona_Fide,Redup,60cm,0.368,0.320,0.141,Accept,Accept,Accept
P02,Bona_Fide,Redup,60cm,0.375,0.307,0.198,Accept,Accept,Accept
P02,Bona_Fide,Standar,30cm,0.230,0.264,0.134,Accept,Accept,Accept
P02,Bona_Fide,Standar,30cm,0.266,0.317,0.235,Accept,Accept,Accept
P02,Bona_Fide,Standar,30cm,0.233,0.296,0.197,Accept,Accept,Accept
P02,Bona_Fide,Standar,30cm,0.162,0.267,0.171,Accept,Accept,Accept
P02,Bona_Fide,Standar,30cm,0.143,0.293,0.257,Accept,Accept,Accept
P02,Bona_Fide,Standar,30cm,0.173,0.293,0.223,Accept,Accept,Accept
P02,Bona_Fide,Standar,30cm,0.297,0.302,0.208,Accept,Accept,Accept
P02,Bona_Fide,Standar,30cm,0.287,0.303,0.151,Accept,Accept,Accept
P02,Bona_Fide,Standar,30cm,0.153,0.273,0.241,Accept,Accept,Accept
P02,Bona_Fide,Standar,30cm,0.151,0.256,0.146,Accept,Accept,Accept
P02,Bona_Fide,Standar,45cm,0.238,0.308,0.256,Accept,Accept,Accept
P02,Bona_Fide,Standar,45cm,0.199,0.306,0.257,Accept,Accept,Accept
P02,Bona_Fide,Standar,45cm,0.301,0.280,0.136,Accept,Accept,Accept
P02,Bona_Fide,Standar,45cm,0.252,0.273,0.209,Accept,Accept,Accept
P02,Bona_Fide,Standar,45cm,0.246,0.276,0.263,Accept,Accept,Accept
P02,Bona_Fide,Standar,45cm,0.252,0.315,0.259,Accept,Accept,Accept
P02,Bona_Fide,Standar,45cm,0.325,0.276,0.134,Accept,Accept,Accept
P02,Bona_Fide,Standar,45cm,0.264,0.265,0.191,Accept,Accept,Accept
P02,Bona_Fide,Standar,45cm,0.258,0.288,0.242,Accept,Accept,Accept
P02,Bona_Fide,Standar,45cm,0.221,0.291,0.175,Accept,Accept,Accept
P02,Bona_Fide,Standar,60cm,0.314,0.295,0.247,Accept,Accept,Accept
P02,Bona_Fide,Standar,60cm,0.310,0.322,0.144,Accept,Accept,Accept
P02,Bona_Fide,Standar,60cm,0.307,0.322,0.149,Accept,Accept,Accept
P02,Bona_Fide,Standar,60cm,0.220,0.270,0.200,Accept,Accept,Accept
P02,Bona_Fide,Standar,60cm,0.244,0.293,0.231,Accept,Accept,Accept
P02,Bona_Fide,Standar,60cm,0.292,0.297,0.133,Accept,Accept,Accept
P02,Bona_Fide,Standar,60cm,0.345,0.310,0.162,Accept,Accept,Accept
P02,Bona_Fide,Standar,60cm,0.252,0.283,0.177,Accept,Accept,Accept
P02,Bona_Fide,Standar,60cm,0.256,0.253,0.214,Accept,Accept,Accept
P02,Bona_Fide,Standar,60cm,0.345,0.281,0.199,Accept,Accept,Accept
P02,Bona_Fide,Terang,30cm,0.246,0.279,0.163,Accept,Accept,Accept
P02,Bona_Fide,Terang,30cm,0.272,0.269,0.197,Accept,Accept,Accept
P02,Bona_Fide,Terang,30cm,0.298,0.329,0.233,Accept,Accept,Accept
P02,Bona_Fide,Terang,30cm,0.231,0.312,0.145,Accept,Accept,Accept
P02,Bona_Fide,Terang,30cm,0.180,0.277,0.146,Accept,Accept,Accept
P02,Bona_Fide,Terang,30cm,0.224,0.315,0.184,Accept,Accept,Accept
P02,Bona_Fide,Terang,30cm,0.223,0.305,0.243,Accept,Accept,Accept
P02,Bona_Fide,Terang,30cm,0.275,0.311,0.163,Accept,Accept,Accept
P02,Bona_Fide,Terang,30cm,0.271,0.300,0.168,Accept,Accept,Accept
P02,Bona_Fide,Terang,30cm,0.286,0.293,0.208,Accept,Accept,Accept
P02,Bona_Fide,Terang,45cm,0.251,0.286,0.179,Accept,Accept,Accept
P02,Bona_Fide,Terang,45cm,0.188,0.257,0.183,Accept,Accept,Accept
P02,Bona_Fide,Terang,45cm,0.335,0.268,0.148,Accept,Accept,Accept
P02,Bona_Fide,Terang,45cm,0.317,0.260,0.207,Accept,Accept,Accept
P02,Bona_Fide,Terang,45cm,0.238,0.285,0.187,Accept,Accept,Accept
P02,Bona_Fide,Terang,45cm,0.197,0.276,0.186,Accept,Accept,Accept
P02,Bona_Fide,Terang,45cm,0.337,0.295,0.146,Accept,Accept,Accept
P02,Bona_Fide,Terang,45cm,0.326,0.264,0.227,Accept,Accept,Accept
P02,Bona_Fide,Terang,45cm,0.247,0.308,0.202,Accept,Accept,Accept
P02,Bona_Fide,Terang,45cm,0.200,0.280,0.133,Accept,Accept,Accept
P02,Bona_Fide,Terang,60cm,0.369,0.284,0.212,Accept,Accept,Accept
P02,Bona_Fide,Terang,60cm,0.265,0.290,0.170,Accept,Accept,Accept
P02,Bona_Fide,Terang,60cm,0.271,0.330,0.260,Accept,Accept,Accept
P02,Bona_Fide,Terang,60cm,0.366,0.320,0.239,Accept,Accept,Accept
P02,Bona_Fide,Terang,60cm,0.355,0.283,0.195,Accept,Accept,Accept
P02,Bona_Fide,Terang,60cm,0.281,0.324,0.158,Accept,Accept,Accept
P02,Bona_Fide,Terang,60cm,0.365,0.318,0.133,Accept,Accept,Accept
P02,Bona_Fide,Terang,60cm,0.339,0.295,0.255,Accept,Accept,Accept
P02,Bona_Fide,Terang,60cm,0.306,0.285,0.216,Accept,Accept,Accept
P02,Bona_Fide,Terang,60cm,0.244,0.308,0.251,Accept,Accept,Accept
P03,Bona_Fide,Redup,30cm,0.328,0.303,0.215,Accept,Accept,Accept
P03,Bona_Fide,Redup,30cm,0.335,0.268,0.136,Accept,Accept,Accept
P03,Bona_Fide,Redup,30cm,0.284,0.326,0.257,Accept,Accept,Accept
P03,Bona_Fide,Redup,30cm,0.304,0.297,0.264,Accept,Accept,Accept
P03,Bona_Fide,Redup,30cm,0.338,0.260,0.209,Accept,Accept,Accept
P03,Bona_Fide,Redup,30cm,0.204,0.274,0.134,Accept,Accept,Accept
P03,Bona_Fide,Redup,30cm,0.329,0.324,0.259,Accept,Accept,Accept
P03,Bona_Fide,Redup,30cm,0.240,0.279,0.241,Accept,Accept,Accept
P03,Bona_Fide,Redup,30cm,0.320,0.266,0.191,Accept,Accept,Accept
P03,Bona_Fide,Redup,30cm,0.289,0.291,0.215,Accept,Accept,Accept
P03,Bona_Fide,Redup,45cm,0.315,0.288,0.155,Accept,Accept,Accept
P03,Bona_Fide,Redup,45cm,0.284,0.295,0.197,Accept,Accept,Accept
P03,Bona_Fide,Redup,45cm,0.303,0.325,0.236,Accept,Accept,Accept
P03,Bona_Fide,Redup,45cm,0.227,0.301,0.257,Accept,Accept,Accept
P03,Bona_Fide,Redup,45cm,0.343,0.266,0.171,Accept,Accept,Accept
P03,Bona_Fide,Redup,45cm,0.334,0.291,0.208,Accept,Accept,Accept
P03,Bona_Fide,Redup,45cm,0.230,0.312,0.224,Accept,Accept,Accept
P03,Bona_Fide,Redup,45cm,0.358,0.253,0.241,Accept,Accept,Accept
P03,Bona_Fide,Redup,45cm,0.313,0.316,0.151,Accept,Accept,Accept
P03,Bona_Fide,Redup,45cm,0.351,0.274,0.126,Accept,Accept,Accept
P03,Bona_Fide,Redup,60cm,0.249,0.287,0.188,Accept,Accept,Accept
P03,Bona_Fide,Redup,60cm,0.338,0.328,0.183,Accept,Accept,Accept
P03,Bona_Fide,Redup,60cm,0.375,0.306,0.208,Accept,Accept,Accept
P03,Bona_Fide,Redup,60cm,0.252,0.282,0.149,Accept,Accept,Accept
P03,Bona_Fide,Redup,60cm,0.276,0.263,0.180,Accept,Accept,Accept
P03,Bona_Fide,Redup,60cm,0.420,0.259,0.180,Reject,Reject,Accept
P03,Bona_Fide,Redup,60cm,0.417,0.255,0.210,Reject,Reject,Accept
P03,Bona_Fide,Redup,60cm,0.347,0.284,0.129,Accept,Accept,Accept
P03,Bona_Fide,Redup,60cm,0.349,0.293,0.164,Accept,Accept,Accept
P03,Bona_Fide,Redup,60cm,0.261,0.310,0.258,Accept,Accept,Accept
P03,Bona_Fide,Standar,30cm,0.157,0.251,0.213,Accept,Accept,Accept
P03,Bona_Fide,Standar,30cm,0.147,0.256,0.138,Accept,Accept,Accept
P03,Bona_Fide,Standar,30cm,0.158,0.288,0.253,Accept,Accept,Accept
P03,Bona_Fide,Standar,30cm,0.210,0.267,0.240,Accept,Accept,Accept
P03,Bona_Fide,Standar,30cm,0.161,0.289,0.229,Accept,Accept,Accept
P03,Bona_Fide,Standar,30cm,0.226,0.262,0.150,Accept,Accept,Accept
P03,Bona_Fide,Standar,30cm,0.240,0.263,0.241,Accept,Accept,Accept
P03,Bona_Fide,Standar,30cm,0.164,0.298,0.224,Accept,Accept,Accept
P03,Bona_Fide,Standar,30cm,0.277,0.258,0.209,Accept,Accept,Accept
P03,Bona_Fide,Standar,30cm,0.292,0.268,0.126,Accept,Accept,Accept
P03,Bona_Fide,Standar,45cm,0.322,0.264,0.157,Accept,Accept,Accept
P03,Bona_Fide,Standar,45cm,0.296,0.302,0.194,Accept,Accept,Accept
P03,Bona_Fide,Standar,45cm,0.261,0.280,0.240,Accept,Accept,Accept
P03,Bona_Fide,Standar,45cm,0.295,0.327,0.140,Accept,Accept,Accept
P03,Bona_Fide,Standar,45cm,0.322,0.313,0.150,Accept,Accept,Accept
P03,Bona_Fide,Standar,45cm,0.170,0.307,0.192,Accept,Accept,Accept
P03,Bona_Fide,Standar,45cm,0.326,0.298,0.242,Accept,Accept,Accept
P03,Bona_Fide,Standar,45cm,0.267,0.310,0.258,Accept,Accept,Accept
P03,Bona_Fide,Standar,45cm,0.180,0.319,0.133,Accept,Accept,Accept
P03,Bona_Fide,Standar,45cm,0.246,0.281,0.136,Accept,Accept,Accept
P03,Bona_Fide,Standar,60cm,0.259,0.262,0.166,Accept,Accept,Accept
P03,Bona_Fide,Standar,60cm,0.343,0.271,0.166,Accept,Accept,Accept
P03,Bona_Fide,Standar,60cm,0.254,0.303,0.226,Accept,Accept,Accept
P03,Bona_Fide,Standar,60cm,0.284,0.266,0.150,Accept,Accept,Accept
P03,Bona_Fide,Standar,60cm,0.281,0.312,0.183,Accept,Accept,Accept
P03,Bona_Fide,Standar,60cm,0.222,0.260,0.179,Accept,Accept,Accept
P03,Bona_Fide,Standar,60cm,0.237,0.279,0.215,Accept,Accept,Accept
P03,Bona_Fide,Standar,60cm,0.241,0.276,0.132,Accept,Accept,Accept
P03,Bona_Fide,Standar,60cm,0.305,0.258,0.160,Accept,Accept,Accept
P03,Bona_Fide,Standar,60cm,0.245,0.321,0.149,Accept,Accept,Accept
P03,Bona_Fide,Terang,30cm,0.239,0.315,0.207,Accept,Accept,Accept
P03,Bona_Fide,Terang,30cm,0.267,0.273,0.146,Accept,Accept,Accept
P03,Bona_Fide,Terang,30cm,0.204,0.296,0.186,Accept,Accept,Accept
P03,Bona_Fide,Terang,30cm,0.188,0.268,0.179,Accept,Accept,Accept
P03,Bona_Fide,Terang,30cm,0.202,0.307,0.213,Accept,Accept,Accept
P03,Bona_Fide,Terang,30cm,0.276,0.291,0.148,Accept,Accept,Accept
P03,Bona_Fide,Terang,30cm,0.274,0.318,0.183,Accept,Accept,Accept
P03,Bona_Fide,Terang,30cm,0.292,0.271,0.199,Accept,Accept,Accept
P03,Bona_Fide,Terang,30cm,0.167,0.282,0.229,Accept,Accept,Accept
P03,Bona_Fide,Terang,30cm,0.175,0.280,0.166,Accept,Accept,Accept
P03,Bona_Fide,Terang,45cm,0.347,0.254,0.145,Accept,Accept,Accept
P03,Bona_Fide,Terang,45cm,0.257,0.330,0.243,Accept,Accept,Accept
P03,Bona_Fide,Terang,45cm,0.341,0.298,0.184,Accept,Accept,Accept
P03,Bona_Fide,Terang,45cm,0.271,0.299,0.163,Accept,Accept,Accept
P03,Bona_Fide,Terang,45cm,0.281,0.252,0.130,Accept,Accept,Accept
P03,Bona_Fide,Terang,45cm,0.233,0.304,0.233,Accept,Accept,Accept
P03,Bona_Fide,Terang,45cm,0.223,0.285,0.197,Accept,Accept,Accept
P03,Bona_Fide,Terang,45cm,0.267,0.262,0.180,Accept,Accept,Accept
P03,Bona_Fide,Terang,45cm,0.208,0.281,0.152,Accept,Accept,Accept
P03,Bona_Fide,Terang,45cm,0.197,0.288,0.176,Accept,Accept,Accept
P03,Bona_Fide,Terang,60cm,0.302,0.269,0.253,Accept,Accept,Accept
P03,Bona_Fide,Terang,60cm,0.264,0.311,0.257,Accept,Accept,Accept
P03,Bona_Fide,Terang,60cm,0.301,0.253,0.212,Accept,Accept,Accept
P03,Bona_Fide,Terang,60cm,0.338,0.304,0.130,Accept,Accept,Accept
P03,Bona_Fide,Terang,60cm,0.306,0.318,0.261,Accept,Accept,Accept
P03,Bona_Fide,Terang,60cm,0.323,0.320,0.260,Accept,Accept,Accept
P03,Bona_Fide,Terang,60cm,0.321,0.329,0.210,Accept,Accept,Accept
P03,Bona_Fide,Terang,60cm,0.279,0.327,0.153,Accept,Accept,Accept
P03,Bona_Fide,Terang,60cm,0.362,0.317,0.138,Accept,Accept,Accept
P03,Bona_Fide,Terang,60cm,0.284,0.270,0.198,Accept,Accept,Accept
P04,Bona_Fide,Redup,30cm,0.258,0.314,0.250,Accept,Accept,Accept
P04,Bona_Fide,Redup,30cm,0.285,0.309,0.251,Accept,Accept,Accept
P04,Bona_Fide,Redup,30cm,0.342,0.274,0.142,Accept,Accept,Accept
P04,Bona_Fide,Redup,30cm,0.218,0.313,0.223,Accept,Accept,Accept
P04,Bona_Fide,Redup,30cm,0.232,0.312,0.248,Accept,Accept,Accept
P04,Bona_Fide,Redup,30cm,0.334,0.274,0.244,Accept,Accept,Accept
P04,Bona_Fide,Redup,30cm,0.215,0.320,0.149,Accept,Accept,Accept
P04,Bona_Fide,Redup,30cm,0.265,0.267,0.206,Accept,Accept,Accept
P04,Bona_Fide,Redup,30cm,0.188,0.282,0.227,Accept,Accept,Accept
P04,Bona_Fide,Redup,30cm,0.301,0.257,0.250,Accept,Accept,Accept
P04,Bona_Fide,Redup,45cm,0.258,0.252,0.130,Accept,Accept,Accept
P04,Bona_Fide,Redup,45cm,0.354,0.301,0.232,Accept,Accept,Accept
P04,Bona_Fide,Redup,45cm,0.333,0.307,0.200,Accept,Accept,Accept
P04,Bona_Fide,Redup,45cm,0.222,0.294,0.146,Accept,Accept,Accept
P04,Bona_Fide,Redup,45cm,0.287,0.261,0.141,Accept,Accept,Accept
P04,Bona_Fide,Redup,45cm,0.258,0.266,0.248,Accept,Accept,Accept
P04,Bona_Fide,Redup,45cm,0.285,0.253,0.184,Accept,Accept,Accept
P04,Bona_Fide,Redup,45cm,0.310,0.289,0.126,Accept,Accept,Accept
P04,Bona_Fide,Redup,45cm,0.354,0.284,0.126,Accept,Accept,Accept
P04,Bona_Fide,Redup,45cm,0.351,0.298,0.140,Accept,Accept,Accept
P04,Bona_Fide,Redup,60cm,0.289,0.284,0.158,Accept,Accept,Accept
P04,Bona_Fide,Redup,60cm,0.336,0.304,0.223,Accept,Accept,Accept
P04,Bona_Fide,Redup,60cm,0.383,0.326,0.168,Accept,Accept,Accept
P04,Bona_Fide,Redup,60cm,0.446,0.313,0.174,Reject,Reject,Accept
P04,Bona_Fide,Redup,60cm,0.315,0.308,0.155,Accept,Accept,Accept
P04,Bona_Fide,Redup,60cm,0.379,0.267,0.215,Accept,Accept,Accept
P04,Bona_Fide,Redup,60cm,0.376,0.315,0.174,Accept,Accept,Accept
P04,Bona_Fide,Redup,60cm,0.255,0.287,0.159,Accept,Accept,Accept
P04,Bona_Fide,Redup,60cm,0.340,0.302,0.135,Accept,Accept,Accept
P04,Bona_Fide,Redup,60cm,0.301,0.320,0.142,Accept,Accept,Accept
P04,Bona_Fide,Standar,30cm,0.168,0.283,0.126,Accept,Accept,Accept
P04,Bona_Fide,Standar,30cm,0.194,0.318,0.206,Accept,Accept,Accept
P04,Bona_Fide,Standar,30cm,0.259,0.286,0.125,Accept,Accept,Accept
P04,Bona_Fide,Standar,30cm,0.170,0.253,0.250,Accept,Accept,Accept
P04,Bona_Fide,Standar,30cm,0.158,0.280,0.144,Accept,Accept,Accept
P04,Bona_Fide,Standar,30cm,0.161,0.267,0.218,Accept,Accept,Accept
P04,Bona_Fide,Standar,30cm,0.252,0.305,0.255,Accept,Accept,Accept
P04,Bona_Fide,Standar,30cm,0.155,0.281,0.130,Accept,Accept,Accept
P04,Bona_Fide,Standar,30cm,0.256,0.285,0.158,Accept,Accept,Accept
P04,Bona_Fide,Standar,30cm,0.231,0.284,0.126,Accept,Accept,Accept
P04,Bona_Fide,Standar,45cm,0.234,0.300,0.206,Accept,Accept,Accept
P04,Bona_Fide,Standar,45cm,0.210,0.294,0.164,Accept,Accept,Accept
P04,Bona_Fide,Standar,45cm,0.239,0.293,0.265,Accept,Accept,Accept
P04,Bona_Fide,Standar,45cm,0.287,0.282,0.233,Accept,Accept,Accept
P04,Bona_Fide,Standar,45cm,0.322,0.305,0.198,Accept,Accept,Accept
P04,Bona_Fide,Standar,45cm,0.282,0.280,0.161,Accept,Accept,Accept
P04,Bona_Fide,Standar,45cm,0.318,0.271,0.126,Accept,Accept,Accept
P04,Bona_Fide,Standar,45cm,0.326,0.305,0.250,Accept,Accept,Accept
P04,Bona_Fide,Standar,45cm,0.201,0.310,0.221,Accept,Accept,Accept
P04,Bona_Fide,Standar,45cm,0.197,0.257,0.243,Accept,Accept,Accept
P04,Bona_Fide,Standar,60cm,0.315,0.301,0.174,Accept,Accept,Accept
P04,Bona_Fide,Standar,60cm,0.198,0.260,0.178,Accept,Accept,Accept
P04,Bona_Fide,Standar,60cm,0.208,0.311,0.152,Accept,Accept,Accept
P04,Bona_Fide,Standar,60cm,0.298,0.302,0.201,Accept,Accept,Accept
P04,Bona_Fide,Standar,60cm,0.265,0.308,0.190,Accept,Accept,Accept
P04,Bona_Fide,Standar,60cm,0.274,0.312,0.189,Accept,Accept,Accept
P04,Bona_Fide,Standar,60cm,0.205,0.328,0.140,Accept,Accept,Accept
P04,Bona_Fide,Standar,60cm,0.213,0.273,0.223,Accept,Accept,Accept
P04,Bona_Fide,Standar,60cm,0.202,0.252,0.207,Accept,Accept,Accept
P04,Bona_Fide,Standar,60cm,0.199,0.323,0.244,Accept,Accept,Accept
P04,Bona_Fide,Terang,30cm,0.208,0.300,0.261,Accept,Accept,Accept
P04,Bona_Fide,Terang,30cm,0.238,0.303,0.261,Accept,Accept,Accept
P04,Bona_Fide,Terang,30cm,0.280,0.277,0.131,Accept,Accept,Accept
P04,Bona_Fide,Terang,30cm,0.268,0.317,0.213,Accept,Accept,Accept
P04,Bona_Fide,Terang,30cm,0.236,0.306,0.259,Accept,Accept,Accept
P04,Bona_Fide,Terang,30cm,0.232,0.261,0.255,Accept,Accept,Accept
P04,Bona_Fide,Terang,30cm,0.292,0.256,0.139,Accept,Accept,Accept
P04,Bona_Fide,Terang,30cm,0.317,0.295,0.196,Accept,Accept,Accept
P04,Bona_Fide,Terang,30cm,0.307,0.257,0.237,Accept,Accept,Accept
P04,Bona_Fide,Terang,30cm,0.185,0.264,0.192,Accept,Accept,Accept
P04,Bona_Fide,Terang,45cm,0.240,0.290,0.260,Accept,Accept,Accept
P04,Bona_Fide,Terang,45cm,0.258,0.326,0.221,Accept,Accept,Accept
P04,Bona_Fide,Terang,45cm,0.194,0.280,0.211,Accept,Accept,Accept
P04,Bona_Fide,Terang,45cm,0.289,0.266,0.157,Accept,Accept,Accept
P04,Bona_Fide,Terang,45cm,0.300,0.286,0.131,Accept,Accept,Accept
P04,Bona_Fide,Terang,45cm,0.291,0.303,0.238,Accept,Accept,Accept
P04,Bona_Fide,Terang,45cm,0.263,0.299,0.194,Accept,Accept,Accept
P04,Bona_Fide,Terang,45cm,0.188,0.285,0.137,Accept,Accept,Accept
P04,Bona_Fide,Terang,45cm,0.291,0.290,0.255,Accept,Accept,Accept
P04,Bona_Fide,Terang,45cm,0.207,0.289,0.169,Accept,Accept,Accept
P04,Bona_Fide,Terang,60cm,0.261,0.322,0.147,Accept,Accept,Accept
P04,Bona_Fide,Terang,60cm,0.220,0.328,0.213,Accept,Accept,Accept
P04,Bona_Fide,Terang,60cm,0.233,0.300,0.178,Accept,Accept,Accept
P04,Bona_Fide,Terang,60cm,0.288,0.285,0.184,Accept,Accept,Accept
P04,Bona_Fide,Terang,60cm,0.307,0.253,0.144,Accept,Accept,Accept
P04,Bona_Fide,Terang,60cm,0.242,0.304,0.205,Accept,Accept,Accept
P04,Bona_Fide,Terang,60cm,0.332,0.280,0.185,Accept,Accept,Accept
P04,Bona_Fide,Terang,60cm,0.314,0.284,0.169,Accept,Accept,Accept
P04,Bona_Fide,Terang,60cm,0.288,0.308,0.265,Accept,Accept,Accept
P04,Bona_Fide,Terang,60cm,0.277,0.302,0.170,Accept,Accept,Accept
P05,Bona_Fide,Redup,30cm,0.336,0.266,0.232,Accept,Accept,Accept
P05,Bona_Fide,Redup,30cm,0.297,0.302,0.129,Accept,Accept,Accept
P05,Bona_Fide,Redup,30cm,0.266,0.260,0.164,Accept,Accept,Accept
P05,Bona_Fide,Redup,30cm,0.289,0.279,0.206,Accept,Accept,Accept
P05,Bona_Fide,Redup,30cm,0.300,0.282,0.226,Accept,Accept,Accept
P05,Bona_Fide,Redup,30cm,0.217,0.278,0.128,Accept,Accept,Accept
P05,Bona_Fide,Redup,30cm,0.307,0.252,0.168,Accept,Accept,Accept
P05,Bona_Fide,Redup,30cm,0.277,0.294,0.183,Accept,Accept,Accept
P05,Bona_Fide,Redup,30cm,0.266,0.324,0.208,Accept,Accept,Accept
P05,Bona_Fide,Redup,30cm,0.284,0.275,0.167,Accept,Accept,Accept
P05,Bona_Fide,Redup,45cm,0.315,0.302,0.148,Accept,Accept,Accept
P05,Bona_Fide,Redup,45cm,0.370,0.306,0.214,Accept,Accept,Accept
P05,Bona_Fide,Redup,45cm,0.275,0.318,0.178,Accept,Accept,Accept
P05,Bona_Fide,Redup,45cm,0.357,0.325,0.164,Accept,Accept,Accept
P05,Bona_Fide,Redup,45cm,0.269,0.289,0.164,Accept,Accept,Accept
P05,Bona_Fide,Redup,45cm,0.329,0.265,0.225,Accept,Accept,Accept
P05,Bona_Fide,Redup,45cm,0.306,0.323,0.165,Accept,Accept,Accept
P05,Bona_Fide,Redup,45cm,0.249,0.264,0.150,Accept,Accept,Accept
P05,Bona_Fide,Redup,45cm,0.229,0.324,0.144,Accept,Accept,Accept
P05,Bona_Fide,Redup,45cm,0.229,0.272,0.215,Accept,Accept,Accept
P05,Bona_Fide,Redup,60cm,0.432,0.284,0.139,Reject,Reject,Accept
P05,Bona_Fide,Redup,60cm,0.384,0.324,0.241,Accept,Accept,Accept
P05,Bona_Fide,Redup,60cm,0.297,0.285,0.191,Accept,Accept,Accept
P05,Bona_Fide,Redup,60cm,0.334,0.328,0.156,Accept,Accept,Accept
P05,Bona_Fide,Redup,60cm,0.324,0.309,0.132,Accept,Accept,Accept
P05,Bona_Fide,Redup,60cm,0.252,0.323,0.238,Accept,Accept,Accept
P05,Bona_Fide,Redup,60cm,0.342,0.275,0.193,Accept,Accept,Accept
P05,Bona_Fide,Redup,60cm,0.253,0.287,0.136,Accept,Accept,Accept
P05,Bona_Fide,Redup,60cm,0.290,0.292,0.256,Accept,Accept,Accept
P05,Bona_Fide,Redup,60cm,0.377,0.262,0.199,Accept,Accept,Accept
P05,Bona_Fide,Standar,30cm,0.187,0.262,0.249,Accept,Accept,Accept
P05,Bona_Fide,Standar,30cm,0.141,0.328,0.142,Accept,Accept,Accept
P05,Bona_Fide,Standar,30cm,0.258,0.270,0.147,Accept,Accept,Accept
P05,Bona_Fide,Standar,30cm,0.143,0.304,0.202,Accept,Accept,Accept
P05,Bona_Fide,Standar,30cm,0.223,0.308,0.233,Accept,Accept,Accept
P05,Bona_Fide,Standar,30cm,0.280,0.268,0.131,Accept,Accept,Accept
P05,Bona_Fide,Standar,30cm,0.210,0.300,0.160,Accept,Accept,Accept
P05,Bona_Fide,Standar,30cm,0.296,0.257,0.217,Accept,Accept,Accept
P05,Bona_Fide,Standar,30cm,0.217,0.323,0.253,Accept,Accept,Accept
P05,Bona_Fide,Standar,30cm,0.164,0.260,0.179,Accept,Accept,Accept
P05,Bona_Fide,Standar,45cm,0.205,0.298,0.243,Accept,Accept,Accept
P05,Bona_Fide,Standar,45cm,0.288,0.268,0.248,Accept,Accept,Accept
P05,Bona_Fide,Standar,45cm,0.191,0.317,0.223,Accept,Accept,Accept
P05,Bona_Fide,Standar,45cm,0.222,0.257,0.140,Accept,Accept,Accept
P05,Bona_Fide,Standar,45cm,0.325,0.324,0.249,Accept,Accept,Accept
P05,Bona_Fide,Standar,45cm,0.196,0.318,0.249,Accept,Accept,Accept
P05,Bona_Fide,Standar,45cm,0.252,0.295,0.219,Accept,Accept,Accept
P05,Bona_Fide,Standar,45cm,0.301,0.290,0.163,Accept,Accept,Accept
P05,Bona_Fide,Standar,45cm,0.199,0.254,0.128,Accept,Accept,Accept
P05,Bona_Fide,Standar,45cm,0.238,0.253,0.175,Accept,Accept,Accept
P05,Bona_Fide,Standar,60cm,0.246,0.281,0.136,Accept,Accept,Accept
P05,Bona_Fide,Standar,60cm,0.288,0.285,0.234,Accept,Accept,Accept
P05,Bona_Fide,Standar,60cm,0.211,0.283,0.195,Accept,Accept,Accept
P05,Bona_Fide,Standar,60cm,0.276,0.253,0.173,Accept,Accept,Accept
P05,Bona_Fide,Standar,60cm,0.287,0.257,0.259,Accept,Accept,Accept
P05,Bona_Fide,Standar,60cm,0.285,0.301,0.222,Accept,Accept,Accept
P05,Bona_Fide,Standar,60cm,0.286,0.253,0.206,Accept,Accept,Accept
P05,Bona_Fide,Standar,60cm,0.269,0.307,0.190,Accept,Accept,Accept
P05,Bona_Fide,Standar,60cm,0.211,0.296,0.141,Accept,Accept,Accept
P05,Bona_Fide,Standar,60cm,0.202,0.255,0.127,Accept,Accept,Accept
P05,Bona_Fide,Terang,30cm,0.319,0.324,0.157,Accept,Accept,Accept
P05,Bona_Fide,Terang,30cm,0.214,0.273,0.194,Accept,Accept,Accept
P05,Bona_Fide,Terang,30cm,0.320,0.320,0.238,Accept,Accept,Accept
P05,Bona_Fide,Terang,30cm,0.199,0.270,0.260,Accept,Accept,Accept
P05,Bona_Fide,Terang,30cm,0.238,0.302,0.169,Accept,Accept,Accept
P05,Bona_Fide,Terang,30cm,0.242,0.304,0.211,Accept,Accept,Accept
P05,Bona_Fide,Terang,30cm,0.291,0.309,0.221,Accept,Accept,Accept
P05,Bona_Fide,Terang,30cm,0.193,0.325,0.240,Accept,Accept,Accept
P05,Bona_Fide,Terang,30cm,0.278,0.300,0.154,Accept,Accept,Accept
P05,Bona_Fide,Terang,30cm,0.218,0.302,0.156,Accept,Accept,Accept
P05,Bona_Fide,Terang,45cm,0.201,0.261,0.213,Accept,Accept,Accept
P05,Bona_Fide,Terang,45cm,0.218,0.279,0.139,Accept,Accept,Accept
P05,Bona_Fide,Terang,45cm,0.241,0.321,0.255,Accept,Accept,Accept
P05,Bona_Fide,Terang,45cm,0.286,0.317,0.261,Accept,Accept,Accept
P05,Bona_Fide,Terang,45cm,0.234,0.294,0.211,Accept,Accept,Accept
P05,Bona_Fide,Terang,45cm,0.193,0.255,0.131,Accept,Accept,Accept
P05,Bona_Fide,Terang,45cm,0.327,0.322,0.261,Accept,Accept,Accept
P05,Bona_Fide,Terang,45cm,0.194,0.297,0.243,Accept,Accept,Accept
P05,Bona_Fide,Terang,45cm,0.302,0.292,0.188,Accept,Accept,Accept
P05,Bona_Fide,Terang,45cm,0.315,0.313,0.246,Accept,Accept,Accept
P05,Bona_Fide,Terang,60cm,0.222,0.326,0.186,Accept,Accept,Accept
P05,Bona_Fide,Terang,60cm,0.267,0.293,0.148,Accept,Accept,Accept
P05,Bona_Fide,Terang,60cm,0.260,0.315,0.147,Accept,Accept,Accept
P05,Bona_Fide,Terang,60cm,0.255,0.282,0.233,Accept,Accept,Accept
P05,Bona_Fide,Terang,60cm,0.307,0.312,0.197,Accept,Accept,Accept
P05,Bona_Fide,Terang,60cm,0.312,0.319,0.163,Accept,Accept,Accept
P05,Bona_Fide,Terang,60cm,0.354,0.324,0.130,Accept,Accept,Accept
P05,Bona_Fide,Terang,60cm,0.318,0.313,0.211,Accept,Accept,Accept
P05,Bona_Fide,Terang,60cm,0.347,0.291,0.179,Accept,Accept,Accept
P05,Bona_Fide,Terang,60cm,0.228,0.290,0.243,Accept,Accept,Accept
P06,Bona_Fide,Redup,30cm,0.314,0.292,0.261,Accept,Accept,Accept
P06,Bona_Fide,Redup,30cm,0.224,0.297,0.261,Accept,Accept,Accept
P06,Bona_Fide,Redup,30cm,0.197,0.306,0.210,Accept,Accept,Accept
P06,Bona_Fide,Redup,30cm,0.268,0.264,0.139,Accept,Accept,Accept
P06,Bona_Fide,Redup,30cm,0.340,0.279,0.255,Accept,Accept,Accept
P06,Bona_Fide,Redup,30cm,0.186,0.316,0.259,Accept,Accept,Accept
P06,Bona_Fide,Redup,30cm,0.188,0.258,0.214,Accept,Accept,Accept
P06,Bona_Fide,Redup,30cm,0.243,0.289,0.154,Accept,Accept,Accept
P06,Bona_Fide,Redup,30cm,0.314,0.286,0.135,Accept,Accept,Accept
P06,Bona_Fide,Redup,30cm,0.285,0.288,0.128,Accept,Accept,Accept
P06,Bona_Fide,Redup,45cm,0.369,0.266,0.222,Accept,Accept,Accept
P06,Bona_Fide,Redup,45cm,0.345,0.298,0.260,Accept,Accept,Accept
P06,Bona_Fide,Redup,45cm,0.361,0.298,0.169,Accept,Accept,Accept
P06,Bona_Fide,Redup,45cm,0.227,0.296,0.194,Accept,Accept,Accept
P06,Bona_Fide,Redup,45cm,0.286,0.290,0.237,Accept,Accept,Accept
P06,Bona_Fide,Redup,45cm,0.238,0.286,0.131,Accept,Accept,Accept
P06,Bona_Fide,Redup,45cm,0.257,0.256,0.157,Accept,Accept,Accept
P06,Bona_Fide,Redup,45cm,0.298,0.321,0.216,Accept,Accept,Accept
P06,Bona_Fide,Redup,45cm,0.310,0.292,0.255,Accept,Accept,Accept
P06,Bona_Fide,Redup,45cm,0.233,0.310,0.262,Accept,Accept,Accept
P06,Bona_Fide,Redup,60cm,0.285,0.253,0.213,Accept,Accept,Accept
P06,Bona_Fide,Redup,60cm,0.300,0.314,0.147,Accept,Accept,Accept
P06,Bona_Fide,Redup,60cm,0.361,0.259,0.183,Accept,Accept,Accept
P06,Bona_Fide,Redup,60cm,0.364,0.293,0.185,Accept,Accept,Accept
P06,Bona_Fide,Redup,60cm,0.303,0.307,0.205,Accept,Accept,Accept
P06,Bona_Fide,Redup,60cm,0.291,0.269,0.145,Accept,Accept,Accept
P06,Bona_Fide,Redup,60cm,0.301,0.290,0.185,Accept,Accept,Accept
P06,Bona_Fide,Redup,60cm,0.316,0.259,0.202,Accept,Accept,Accept
P06,Bona_Fide,Redup,60cm,0.348,0.258,0.227,Accept,Accept,Accept
P06,Bona_Fide,Redup,60cm,0.362,0.264,0.224,Accept,Accept,Accept
P06,Bona_Fide,Standar,30cm,0.161,0.271,0.176,Accept,Accept,Accept
P06,Bona_Fide,Standar,30cm,0.273,0.278,0.176,Accept,Accept,Accept
P06,Bona_Fide,Standar,30cm,0.298,0.284,0.157,Accept,Accept,Accept
P06,Bona_Fide,Standar,30cm,0.154,0.328,0.224,Accept,Accept,Accept
P06,Bona_Fide,Standar,30cm,0.240,0.262,0.169,Accept,Accept,Accept
P06,Bona_Fide,Standar,30cm,0.202,0.296,0.173,Accept,Accept,Accept
P06,Bona_Fide,Standar,30cm,0.189,0.319,0.158,Accept,Accept,Accept
P06,Bona_Fide,Standar,30cm,0.241,0.287,0.239,Accept,Accept,Accept
P06,Bona_Fide,Standar,30cm,0.146,0.328,0.188,Accept,Accept,Accept
P06,Bona_Fide,Standar,30cm,0.181,0.266,0.234,Accept,Accept,Accept
P06,Bona_Fide,Standar,45cm,0.313,0.285,0.156,Accept,Accept,Accept
P06,Bona_Fide,Standar,45cm,0.176,0.319,0.194,Accept,Accept,Accept
P06,Bona_Fide,Standar,45cm,0.287,0.322,0.234,Accept,Accept,Accept
P06,Bona_Fide,Standar,45cm,0.209,0.315,0.259,Accept,Accept,Accept
P06,Bona_Fide,Standar,45cm,0.262,0.310,0.173,Accept,Accept,Accept
P06,Bona_Fide,Standar,45cm,0.174,0.303,0.206,Accept,Accept,Accept
P06,Bona_Fide,Standar,45cm,0.197,0.272,0.222,Accept,Accept,Accept
P06,Bona_Fide,Standar,45cm,0.195,0.279,0.142,Accept,Accept,Accept
P06,Bona_Fide,Standar,45cm,0.316,0.288,0.191,Accept,Accept,Accept
P06,Bona_Fide,Standar,45cm,0.312,0.286,0.259,Accept,Accept,Accept
P06,Bona_Fide,Standar,60cm,0.245,0.272,0.147,Accept,Accept,Accept
P06,Bona_Fide,Standar,60cm,0.305,0.255,0.222,Accept,Accept,Accept
P06,Bona_Fide,Standar,60cm,0.303,0.284,0.247,Accept,Accept,Accept
P06,Bona_Fide,Standar,60cm,0.201,0.313,0.250,Accept,Accept,Accept
P06,Bona_Fide,Standar,60cm,0.295,0.327,0.141,Accept,Accept,Accept
P06,Bona_Fide,Standar,60cm,0.242,0.286,0.220,Accept,Accept,Accept
P06,Bona_Fide,Standar,60cm,0.257,0.307,0.250,Accept,Accept,Accept
P06,Bona_Fide,Standar,60cm,0.198,0.296,0.128,Accept,Accept,Accept
P06,Bona_Fide,Standar,60cm,0.338,0.254,0.163,Accept,Accept,Accept
P06,Bona_Fide,Standar,60cm,0.305,0.251,0.126,Accept,Accept,Accept
P06,Bona_Fide,Terang,30cm,0.250,0.313,0.138,Accept,Accept,Accept
P06,Bona_Fide,Terang,30cm,0.173,0.324,0.245,Accept,Accept,Accept
P06,Bona_Fide,Terang,30cm,0.245,0.268,0.190,Accept,Accept,Accept
P06,Bona_Fide,Terang,30cm,0.206,0.268,0.155,Accept,Accept,Accept
P06,Bona_Fide,Terang,30cm,0.184,0.262,0.135,Accept,Accept,Accept
P06,Bona_Fide,Terang,30cm,0.248,0.305,0.237,Accept,Accept,Accept
P06,Bona_Fide,Terang,30cm,0.261,0.274,0.197,Accept,Accept,Accept
P06,Bona_Fide,Terang,30cm,0.292,0.327,0.137,Accept,Accept,Accept
P06,Bona_Fide,Terang,30cm,0.269,0.260,0.253,Accept,Accept,Accept
P06,Bona_Fide,Terang,30cm,0.255,0.327,0.148,Accept,Accept,Accept
P06,Bona_Fide,Terang,45cm,0.339,0.255,0.242,Accept,Accept,Accept
P06,Bona_Fide,Terang,45cm,0.293,0.283,0.238,Accept,Accept,Accept
P06,Bona_Fide,Terang,45cm,0.257,0.310,0.152,Accept,Accept,Accept
P06,Bona_Fide,Terang,45cm,0.221,0.257,0.215,Accept,Accept,Accept
P06,Bona_Fide,Terang,45cm,0.324,0.309,0.254,Accept,Accept,Accept
P06,Bona_Fide,Terang,45cm,0.256,0.318,0.255,Accept,Accept,Accept
P06,Bona_Fide,Terang,45cm,0.313,0.302,0.136,Accept,Accept,Accept
P06,Bona_Fide,Terang,45cm,0.197,0.311,0.196,Accept,Accept,Accept
P06,Bona_Fide,Terang,45cm,0.345,0.307,0.239,Accept,Accept,Accept
P06,Bona_Fide,Terang,45cm,0.240,0.309,0.213,Accept,Accept,Accept
P06,Bona_Fide,Terang,60cm,0.328,0.273,0.228,Accept,Accept,Accept
P06,Bona_Fide,Terang,60cm,0.323,0.266,0.130,Accept,Accept,Accept
P06,Bona_Fide,Terang,60cm,0.317,0.312,0.161,Accept,Accept,Accept
P06,Bona_Fide,Terang,60cm,0.257,0.295,0.202,Accept,Accept,Accept
P06,Bona_Fide,Terang,60cm,0.256,0.293,0.227,Accept,Accept,Accept
P06,Bona_Fide,Terang,60cm,0.222,0.251,0.264,Accept,Accept,Accept
P06,Bona_Fide,Terang,60cm,0.371,0.298,0.169,Accept,Accept,Accept
P06,Bona_Fide,Terang,60cm,0.253,0.298,0.187,Accept,Accept,Accept
P06,Bona_Fide,Terang,60cm,0.321,0.311,0.207,Accept,Accept,Accept
P06,Bona_Fide,Terang,60cm,0.339,0.279,0.201,Accept,Accept,Accept
P07,Bona_Fide,Redup,30cm,0.313,0.301,0.140,Accept,Accept,Accept
P07,Bona_Fide,Redup,30cm,0.265,0.265,0.243,Accept,Accept,Accept
P07,Bona_Fide,Redup,30cm,0.196,0.279,0.188,Accept,Accept,Accept
P07,Bona_Fide,Redup,30cm,0.237,0.261,0.157,Accept,Accept,Accept
P07,Bona_Fide,Redup,30cm,0.257,0.266,0.138,Accept,Accept,Accept
P07,Bona_Fide,Redup,30cm,0.263,0.270,0.236,Accept,Accept,Accept
P07,Bona_Fide,Redup,30cm,0.271,0.288,0.195,Accept,Accept,Accept
P07,Bona_Fide,Redup,30cm,0.318,0.302,0.177,Accept,Accept,Accept
P07,Bona_Fide,Redup,30cm,0.292,0.284,0.153,Accept,Accept,Accept
P07,Bona_Fide,Redup,30cm,0.342,0.324,0.226,Accept,Accept,Accept
P07,Bona_Fide,Redup,45cm,0.255,0.255,0.203,Accept,Accept,Accept
P07,Bona_Fide,Redup,45cm,0.257,0.253,0.138,Accept,Accept,Accept
P07,Bona_Fide,Redup,45cm,0.315,0.327,0.192,Accept,Accept,Accept
P07,Bona_Fide,Redup,45cm,0.233,0.302,0.176,Accept,Accept,Accept
P07,Bona_Fide,Redup,45cm,0.340,0.305,0.215,Accept,Accept,Accept
P07,Bona_Fide,Redup,45cm,0.346,0.250,0.154,Accept,Accept,Accept
P07,Bona_Fide,Redup,45cm,0.361,0.303,0.175,Accept,Accept,Accept
P07,Bona_Fide,Redup,45cm,0.251,0.306,0.193,Accept,Accept,Accept
P07,Bona_Fide,Redup,45cm,0.358,0.291,0.237,Accept,Accept,Accept
P07,Bona_Fide,Redup,45cm,0.357,0.265,0.156,Accept,Accept,Accept
P07,Bona_Fide,Redup,60cm,0.295,0.289,0.231,Accept,Accept,Accept
P07,Bona_Fide,Redup,60cm,0.415,0.250,0.129,Reject,Reject,Accept
P07,Bona_Fide,Redup,60cm,0.327,0.264,0.160,Accept,Accept,Accept
P07,Bona_Fide,Redup,60cm,0.342,0.318,0.203,Accept,Accept,Accept
P07,Bona_Fide,Redup,60cm,0.346,0.267,0.228,Accept,Accept,Accept
P07,Bona_Fide,Redup,60cm,0.335,0.254,0.262,Accept,Accept,Accept
P07,Bona_Fide,Redup,60cm,0.283,0.289,0.166,Accept,Accept,Accept
P07,Bona_Fide,Redup,60cm,0.354,0.303,0.226,Accept,Accept,Accept
P07,Bona_Fide,Redup,60cm,0.379,0.304,0.246,Accept,Accept,Accept
P07,Bona_Fide,Redup,60cm,0.349,0.304,0.183,Accept,Accept,Accept
P07,Bona_Fide,Standar,30cm,0.241,0.271,0.135,Accept,Accept,Accept
P07,Bona_Fide,Standar,30cm,0.235,0.311,0.238,Accept,Accept,Accept
P07,Bona_Fide,Standar,30cm,0.250,0.317,0.192,Accept,Accept,Accept
P07,Bona_Fide,Standar,30cm,0.166,0.312,0.152,Accept,Accept,Accept
P07,Bona_Fide,Standar,30cm,0.234,0.268,0.142,Accept,Accept,Accept
P07,Bona_Fide,Standar,30cm,0.296,0.275,0.240,Accept,Accept,Accept
P07,Bona_Fide,Standar,30cm,0.190,0.264,0.190,Accept,Accept,Accept
P07,Bona_Fide,Standar,30cm,0.241,0.286,0.172,Accept,Accept,Accept
P07,Bona_Fide,Standar,30cm,0.216,0.256,0.157,Accept,Accept,Accept
P07,Bona_Fide,Standar,30cm,0.160,0.260,0.182,Accept,Accept,Accept
P07,Bona_Fide,Standar,45cm,0.245,0.269,0.217,Accept,Accept,Accept
P07,Bona_Fide,Standar,45cm,0.210,0.263,0.152,Accept,Accept,Accept
P07,Bona_Fide,Standar,45cm,0.265,0.290,0.177,Accept,Accept,Accept
P07,Bona_Fide,Standar,45cm,0.243,0.268,0.190,Accept,Accept,Accept
P07,Bona_Fide,Standar,45cm,0.311,0.262,0.201,Accept,Accept,Accept
P07,Bona_Fide,Standar,45cm,0.295,0.291,0.140,Accept,Accept,Accept
P07,Bona_Fide,Standar,45cm,0.278,0.273,0.190,Accept,Accept,Accept
P07,Bona_Fide,Standar,45cm,0.291,0.313,0.208,Accept,Accept,Accept
P07,Bona_Fide,Standar,45cm,0.176,0.255,0.224,Accept,Accept,Accept
P07,Bona_Fide,Standar,45cm,0.309,0.258,0.188,Accept,Accept,Accept
P07,Bona_Fide,Standar,60cm,0.214,0.267,0.226,Accept,Accept,Accept
P07,Bona_Fide,Standar,60cm,0.275,0.311,0.264,Accept,Accept,Accept
P07,Bona_Fide,Standar,60cm,0.283,0.313,0.164,Accept,Accept,Accept
P07,Bona_Fide,Standar,60cm,0.244,0.286,0.199,Accept,Accept,Accept
P07,Bona_Fide,Standar,60cm,0.270,0.261,0.234,Accept,Accept,Accept
P07,Bona_Fide,Standar,60cm,0.203,0.324,0.127,Accept,Accept,Accept
P07,Bona_Fide,Standar,60cm,0.355,0.254,0.162,Accept,Accept,Accept
P07,Bona_Fide,Standar,60cm,0.296,0.280,0.221,Accept,Accept,Accept
P07,Bona_Fide,Standar,60cm,0.323,0.274,0.251,Accept,Accept,Accept
P07,Bona_Fide,Standar,60cm,0.223,0.270,0.226,Accept,Accept,Accept
P07,Bona_Fide,Terang,30cm,0.269,0.276,0.215,Accept,Accept,Accept
P07,Bona_Fide,Terang,30cm,0.289,0.318,0.136,Accept,Accept,Accept
P07,Bona_Fide,Terang,30cm,0.216,0.293,0.255,Accept,Accept,Accept
P07,Bona_Fide,Terang,30cm,0.163,0.277,0.242,Accept,Accept,Accept
P07,Bona_Fide,Terang,30cm,0.259,0.277,0.227,Accept,Accept,Accept
P07,Bona_Fide,Terang,30cm,0.233,0.292,0.152,Accept,Accept,Accept
P07,Bona_Fide,Terang,30cm,0.186,0.308,0.238,Accept,Accept,Accept
P07,Bona_Fide,Terang,30cm,0.234,0.296,0.222,Accept,Accept,Accept
P07,Bona_Fide,Terang,30cm,0.263,0.280,0.211,Accept,Accept,Accept
P07,Bona_Fide,Terang,30cm,0.264,0.262,0.126,Accept,Accept,Accept
P07,Bona_Fide,Terang,45cm,0.280,0.250,0.155,Accept,Accept,Accept
P07,Bona_Fide,Terang,45cm,0.322,0.255,0.197,Accept,Accept,Accept
P07,Bona_Fide,Terang,45cm,0.325,0.327,0.237,Accept,Accept,Accept
P07,Bona_Fide,Terang,45cm,0.304,0.289,0.138,Accept,Accept,Accept
P07,Bona_Fide,Terang,45cm,0.232,0.260,0.153,Accept,Accept,Accept
P07,Bona_Fide,Terang,45cm,0.233,0.288,0.190,Accept,Accept,Accept
P07,Bona_Fide,Terang,45cm,0.243,0.302,0.245,Accept,Accept,Accept
P07,Bona_Fide,Terang,45cm,0.339,0.267,0.261,Accept,Accept,Accept
P07,Bona_Fide,Terang,45cm,0.290,0.291,0.131,Accept,Accept,Accept
P07,Bona_Fide,Terang,45cm,0.210,0.276,0.136,Accept,Accept,Accept
P07,Bona_Fide,Terang,60cm,0.359,0.296,0.168,Accept,Accept,Accept
P07,Bona_Fide,Terang,60cm,0.349,0.255,0.164,Accept,Accept,Accept
P07,Bona_Fide,Terang,60cm,0.275,0.310,0.228,Accept,Accept,Accept
P07,Bona_Fide,Terang,60cm,0.250,0.268,0.152,Accept,Accept,Accept
P07,Bona_Fide,Terang,60cm,0.330,0.290,0.181,Accept,Accept,Accept
P07,Bona_Fide,Terang,60cm,0.266,0.290,0.181,Accept,Accept,Accept
P07,Bona_Fide,Terang,60cm,0.318,0.323,0.213,Accept,Accept,Accept
P07,Bona_Fide,Terang,60cm,0.323,0.266,0.129,Accept,Accept,Accept
P07,Bona_Fide,Terang,60cm,0.243,0.270,0.163,Accept,Accept,Accept
P07,Bona_Fide,Terang,60cm,0.248,0.316,0.149,Accept,Accept,Accept
P08,Bona_Fide,Redup,30cm,0.208,0.290,0.180,Accept,Accept,Accept
P08,Bona_Fide,Redup,30cm,0.193,0.297,0.180,Accept,Accept,Accept
P08,Bona_Fide,Redup,30cm,0.206,0.316,0.151,Accept,Accept,Accept
P08,Bona_Fide,Redup,30cm,0.329,0.268,0.229,Accept,Accept,Accept
P08,Bona_Fide,Redup,30cm,0.325,0.254,0.164,Accept,Accept,Accept
P08,Bona_Fide,Redup,30cm,0.315,0.289,0.169,Accept,Accept,Accept
P08,Bona_Fide,Redup,30cm,0.314,0.259,0.163,Accept,Accept,Accept
P08,Bona_Fide,Redup,30cm,0.233,0.313,0.244,Accept,Accept,Accept
P08,Bona_Fide,Redup,30cm,0.229,0.282,0.185,Accept,Accept,Accept
P08,Bona_Fide,Redup,30cm,0.225,0.278,0.135,Accept,Accept,Accept
P08,Bona_Fide,Redup,45cm,0.342,0.288,0.161,Accept,Accept,Accept
P08,Bona_Fide,Redup,45cm,0.311,0.322,0.199,Accept,Accept,Accept
P08,Bona_Fide,Redup,45cm,0.274,0.252,0.229,Accept,Accept,Accept
P08,Bona_Fide,Redup,45cm,0.227,0.275,0.263,Accept,Accept,Accept
P08,Bona_Fide,Redup,45cm,0.298,0.321,0.168,Accept,Accept,Accept
P08,Bona_Fide,Redup,45cm,0.321,0.315,0.201,Accept,Accept,Accept
P08,Bona_Fide,Redup,45cm,0.245,0.312,0.226,Accept,Accept,Accept
P08,Bona_Fide,Redup,45cm,0.310,0.290,0.146,Accept,Accept,Accept
P08,Bona_Fide,Redup,45cm,0.335,0.313,0.185,Accept,Accept,Accept
P08,Bona_Fide,Redup,45cm,0.270,0.265,0.246,Accept,Accept,Accept
P08,Bona_Fide,Redup,60cm,0.435,0.289,0.153,Reject,Reject,Accept
P08,Bona_Fide,Redup,60cm,0.264,0.273,0.227,Accept,Accept,Accept
P08,Bona_Fide,Redup,60cm,0.446,0.311,0.243,Reject,Reject,Accept
P08,Bona_Fide,Redup,60cm,0.351,0.258,0.254,Accept,Accept,Accept
P08,Bona_Fide,Redup,60cm,0.341,0.321,0.135,Accept,Accept,Accept
P08,Bona_Fide,Redup,60cm,0.255,0.281,0.215,Accept,Accept,Accept
P08,Bona_Fide,Redup,60cm,0.293,0.253,0.254,Accept,Accept,Accept
P08,Bona_Fide,Redup,60cm,0.254,0.325,0.132,Accept,Accept,Accept
P08,Bona_Fide,Redup,60cm,0.335,0.293,0.158,Accept,Accept,Accept
P08,Bona_Fide,Redup,60cm,0.248,0.293,0.242,Accept,Accept,Accept
P08,Bona_Fide,Standar,30cm,0.216,0.252,0.144,Accept,Accept,Accept
P08,Bona_Fide,Standar,30cm,0.153,0.292,0.246,Accept,Accept,Accept
P08,Bona_Fide,Standar,30cm,0.191,0.302,0.186,Accept,Accept,Accept
P08,Bona_Fide,Standar,30cm,0.218,0.289,0.161,Accept,Accept,Accept
P08,Bona_Fide,Standar,30cm,0.205,0.283,0.128,Accept,Accept,Accept
P08,Bona_Fide,Standar,30cm,0.257,0.297,0.234,Accept,Accept,Accept
P08,Bona_Fide,Standar,30cm,0.257,0.317,0.198,Accept,Accept,Accept
P08,Bona_Fide,Standar,30cm,0.208,0.285,0.141,Accept,Accept,Accept
P08,Bona_Fide,Standar,30cm,0.197,0.260,0.253,Accept,Accept,Accept
P08,Bona_Fide,Standar,30cm,0.259,0.265,0.220,Accept,Accept,Accept
P08,Bona_Fide,Standar,45cm,0.242,0.263,0.246,Accept,Accept,Accept
P08,Bona_Fide,Standar,45cm,0.207,0.270,0.247,Accept,Accept,Accept
P08,Bona_Fide,Standar,45cm,0.202,0.330,0.146,Accept,Accept,Accept
P08,Bona_Fide,Standar,45cm,0.216,0.306,0.219,Accept,Accept,Accept
P08,Bona_Fide,Standar,45cm,0.239,0.304,0.253,Accept,Accept,Accept
P08,Bona_Fide,Standar,45cm,0.321,0.254,0.249,Accept,Accept,Accept
P08,Bona_Fide,Standar,45cm,0.299,0.323,0.144,Accept,Accept,Accept
P08,Bona_Fide,Standar,45cm,0.172,0.307,0.201,Accept,Accept,Accept
P08,Bona_Fide,Standar,45cm,0.309,0.282,0.230,Accept,Accept,Accept
P08,Bona_Fide,Standar,45cm,0.212,0.297,0.150,Accept,Accept,Accept
P08,Bona_Fide,Standar,60cm,0.319,0.265,0.238,Accept,Accept,Accept
P08,Bona_Fide,Standar,60cm,0.326,0.300,0.135,Accept,Accept,Accept
P08,Bona_Fide,Standar,60cm,0.331,0.308,0.160,Accept,Accept,Accept
P08,Bona_Fide,Standar,60cm,0.223,0.290,0.209,Accept,Accept,Accept
P08,Bona_Fide,Standar,60cm,0.324,0.304,0.220,Accept,Accept,Accept
P08,Bona_Fide,Standar,60cm,0.276,0.300,0.262,Accept,Accept,Accept
P08,Bona_Fide,Standar,60cm,0.209,0.263,0.171,Accept,Accept,Accept
P08,Bona_Fide,Standar,60cm,0.284,0.261,0.187,Accept,Accept,Accept
P08,Bona_Fide,Standar,60cm,0.316,0.261,0.203,Accept,Accept,Accept
P08,Bona_Fide,Standar,60cm,0.199,0.294,0.189,Accept,Accept,Accept
P08,Bona_Fide,Terang,30cm,0.262,0.306,0.264,Accept,Accept,Accept
P08,Bona_Fide,Terang,30cm,0.295,0.275,0.226,Accept,Accept,Accept
P08,Bona_Fide,Terang,30cm,0.162,0.310,0.205,Accept,Accept,Accept
P08,Bona_Fide,Terang,30cm,0.207,0.256,0.162,Accept,Accept,Accept
P08,Bona_Fide,Terang,30cm,0.247,0.258,0.127,Accept,Accept,Accept
P08,Bona_Fide,Terang,30cm,0.305,0.262,0.234,Accept,Accept,Accept
P08,Bona_Fide,Terang,30cm,0.188,0.296,0.199,Accept,Accept,Accept
P08,Bona_Fide,Terang,30cm,0.264,0.323,0.142,Accept,Accept,Accept
P08,Bona_Fide,Terang,30cm,0.282,0.272,0.251,Accept,Accept,Accept
P08,Bona_Fide,Terang,30cm,0.319,0.268,0.218,Accept,Accept,Accept
P08,Bona_Fide,Terang,45cm,0.203,0.276,0.126,Accept,Accept,Accept
P08,Bona_Fide,Terang,45cm,0.302,0.272,0.127,Accept,Accept,Accept
P08,Bona_Fide,Terang,45cm,0.344,0.270,0.127,Accept,Accept,Accept
P08,Bona_Fide,Terang,45cm,0.340,0.287,0.217,Accept,Accept,Accept
P08,Bona_Fide,Terang,45cm,0.274,0.315,0.254,Accept,Accept,Accept
P08,Bona_Fide,Terang,45cm,0.278,0.277,0.249,Accept,Accept,Accept
P08,Bona_Fide,Terang,45cm,0.271,0.293,0.143,Accept,Accept,Accept
P08,Bona_Fide,Terang,45cm,0.211,0.314,0.200,Accept,Accept,Accept
P08,Bona_Fide,Terang,45cm,0.212,0.276,0.231,Accept,Accept,Accept
P08,Bona_Fide,Terang,45cm,0.318,0.251,0.144,Accept,Accept,Accept
P08,Bona_Fide,Terang,60cm,0.237,0.322,0.238,Accept,Accept,Accept
P08,Bona_Fide,Terang,60cm,0.230,0.275,0.135,Accept,Accept,Accept
P08,Bona_Fide,Terang,60cm,0.240,0.253,0.159,Accept,Accept,Accept
P08,Bona_Fide,Terang,60cm,0.284,0.271,0.190,Accept,Accept,Accept
P08,Bona_Fide,Terang,60cm,0.322,0.273,0.240,Accept,Accept,Accept
P08,Bona_Fide,Terang,60cm,0.348,0.274,0.142,Accept,Accept,Accept
P08,Bona_Fide,Terang,60cm,0.248,0.306,0.152,Accept,Accept,Accept
P08,Bona_Fide,Terang,60cm,0.342,0.318,0.167,Accept,Accept,Accept
P08,Bona_Fide,Terang,60cm,0.266,0.263,0.222,Accept,Accept,Accept
P08,Bona_Fide,Terang,60cm,0.308,0.310,0.240,Accept,Accept,Accept
P09,Bona_Fide,Redup,30cm,0.327,0.287,0.199,Accept,Accept,Accept
P09,Bona_Fide,Redup,30cm,0.287,0.328,0.161,Accept,Accept,Accept
P09,Bona_Fide,Redup,30cm,0.294,0.270,0.128,Accept,Accept,Accept
P09,Bona_Fide,Redup,30cm,0.318,0.276,0.247,Accept,Accept,Accept
P09,Bona_Fide,Redup,30cm,0.228,0.256,0.188,Accept,Accept,Accept
P09,Bona_Fide,Redup,30cm,0.324,0.262,0.146,Accept,Accept,Accept
P09,Bona_Fide,Redup,30cm,0.205,0.306,0.145,Accept,Accept,Accept
P09,Bona_Fide,Redup,30cm,0.322,0.311,0.127,Accept,Accept,Accept
P09,Bona_Fide,Redup,30cm,0.186,0.268,0.203,Accept,Accept,Accept
P09,Bona_Fide,Redup,30cm,0.327,0.266,0.207,Accept,Accept,Accept
P09,Bona_Fide,Redup,45cm,0.338,0.294,0.143,Accept,Accept,Accept
P09,Bona_Fide,Redup,45cm,0.265,0.289,0.218,Accept,Accept,Accept
P09,Bona_Fide,Redup,45cm,0.233,0.296,0.252,Accept,Accept,Accept
P09,Bona_Fide,Redup,45cm,0.263,0.264,0.245,Accept,Accept,Accept
P09,Bona_Fide,Redup,45cm,0.263,0.317,0.145,Accept,Accept,Accept
P09,Bona_Fide,Redup,45cm,0.285,0.264,0.224,Accept,Accept,Accept
P09,Bona_Fide,Redup,45cm,0.326,0.267,0.244,Accept,Accept,Accept
P09,Bona_Fide,Redup,45cm,0.353,0.295,0.263,Accept,Accept,Accept
P09,Bona_Fide,Redup,45cm,0.352,0.329,0.167,Accept,Accept,Accept
P09,Bona_Fide,Redup,45cm,0.341,0.306,0.161,Accept,Accept,Accept
P09,Bona_Fide,Redup,60cm,0.381,0.314,0.171,Accept,Accept,Accept
P09,Bona_Fide,Redup,60cm,0.426,0.272,0.209,Reject,Reject,Accept
P09,Bona_Fide,Redup,60cm,0.270,0.296,0.220,Accept,Accept,Accept
P09,Bona_Fide,Redup,60cm,0.371,0.295,0.133,Accept,Accept,Accept
P09,Bona_Fide,Redup,60cm,0.438,0.296,0.159,Reject,Reject,Accept
P09,Bona_Fide,Redup,60cm,0.371,0.285,0.192,Accept,Accept,Accept
P09,Bona_Fide,Redup,60cm,0.380,0.269,0.236,Accept,Accept,Accept
P09,Bona_Fide,Redup,60cm,0.285,0.274,0.155,Accept,Accept,Accept
P09,Bona_Fide,Redup,60cm,0.326,0.328,0.176,Accept,Accept,Accept
P09,Bona_Fide,Redup,60cm,0.280,0.285,0.175,Accept,Accept,Accept
P09,Bona_Fide,Standar,30cm,0.290,0.271,0.203,Accept,Accept,Accept
P09,Bona_Fide,Standar,30cm,0.292,0.284,0.128,Accept,Accept,Accept
P09,Bona_Fide,Standar,30cm,0.187,0.321,0.262,Accept,Accept,Accept
P09,Bona_Fide,Standar,30cm,0.237,0.316,0.251,Accept,Accept,Accept
P09,Bona_Fide,Standar,30cm,0.228,0.252,0.219,Accept,Accept,Accept
P09,Bona_Fide,Standar,30cm,0.197,0.297,0.140,Accept,Accept,Accept
P09,Bona_Fide,Standar,30cm,0.289,0.325,0.251,Accept,Accept,Accept
P09,Bona_Fide,Standar,30cm,0.235,0.306,0.235,Accept,Accept,Accept
P09,Bona_Fide,Standar,30cm,0.179,0.299,0.199,Accept,Accept,Accept
P09,Bona_Fide,Standar,30cm,0.265,0.310,0.132,Accept,Accept,Accept
P09,Bona_Fide,Standar,45cm,0.172,0.268,0.168,Accept,Accept,Accept
P09,Bona_Fide,Standar,45cm,0.216,0.293,0.205,Accept,Accept,Accept
P09,Bona_Fide,Standar,45cm,0.243,0.303,0.230,Accept,Accept,Accept
P09,Bona_Fide,Standar,45cm,0.276,0.254,0.130,Accept,Accept,Accept
P09,Bona_Fide,Standar,45cm,0.321,0.288,0.160,Accept,Accept,Accept
P09,Bona_Fide,Standar,45cm,0.179,0.295,0.202,Accept,Accept,Accept
P09,Bona_Fide,Standar,45cm,0.222,0.297,0.232,Accept,Accept,Accept
P09,Bona_Fide,Standar,45cm,0.177,0.325,0.247,Accept,Accept,Accept
P09,Bona_Fide,Standar,45cm,0.223,0.260,0.142,Accept,Accept,Accept
P09,Bona_Fide,Standar,45cm,0.200,0.283,0.220,Accept,Accept,Accept
P09,Bona_Fide,Standar,60cm,0.247,0.282,0.177,Accept,Accept,Accept
P09,Bona_Fide,Standar,60cm,0.234,0.278,0.178,Accept,Accept,Accept
P09,Bona_Fide,Standar,60cm,0.250,0.260,0.217,Accept,Accept,Accept
P09,Bona_Fide,Standar,60cm,0.329,0.256,0.139,Accept,Accept,Accept
P09,Bona_Fide,Standar,60cm,0.296,0.273,0.193,Accept,Accept,Accept
P09,Bona_Fide,Standar,60cm,0.258,0.314,0.188,Accept,Accept,Accept
P09,Bona_Fide,Standar,60cm,0.347,0.261,0.204,Accept,Accept,Accept
P09,Bona_Fide,Standar,60cm,0.327,0.306,0.261,Accept,Accept,Accept
P09,Bona_Fide,Standar,60cm,0.317,0.296,0.170,Accept,Accept,Accept
P09,Bona_Fide,Standar,60cm,0.266,0.313,0.229,Accept,Accept,Accept
P09,Bona_Fide,Terang,30cm,0.258,0.309,0.217,Accept,Accept,Accept
P09,Bona_Fide,Terang,30cm,0.267,0.319,0.143,Accept,Accept,Accept
P09,Bona_Fide,Terang,30cm,0.197,0.260,0.249,Accept,Accept,Accept
P09,Bona_Fide,Terang,30cm,0.191,0.296,0.126,Accept,Accept,Accept
P09,Bona_Fide,Terang,30cm,0.194,0.276,0.207,Accept,Accept,Accept
P09,Bona_Fide,Terang,30cm,0.243,0.325,0.127,Accept,Accept,Accept
P09,Bona_Fide,Terang,30cm,0.216,0.289,0.127,Accept,Accept,Accept
P09,Bona_Fide,Terang,30cm,0.302,0.287,0.248,Accept,Accept,Accept
P09,Bona_Fide,Terang,30cm,0.260,0.323,0.184,Accept,Accept,Accept
P09,Bona_Fide,Terang,30cm,0.293,0.308,0.155,Accept,Accept,Accept
P09,Bona_Fide,Terang,45cm,0.326,0.311,0.162,Accept,Accept,Accept
P09,Bona_Fide,Terang,45cm,0.315,0.273,0.199,Accept,Accept,Accept
P09,Bona_Fide,Terang,45cm,0.188,0.282,0.234,Accept,Accept,Accept
P09,Bona_Fide,Terang,45cm,0.236,0.289,0.264,Accept,Accept,Accept
P09,Bona_Fide,Terang,45cm,0.312,0.262,0.164,Accept,Accept,Accept
P09,Bona_Fide,Terang,45cm,0.300,0.252,0.206,Accept,Accept,Accept
P09,Bona_Fide,Terang,45cm,0.257,0.256,0.226,Accept,Accept,Accept
P09,Bona_Fide,Terang,45cm,0.257,0.275,0.244,Accept,Accept,Accept
P09,Bona_Fide,Terang,45cm,0.334,0.309,0.149,Accept,Accept,Accept
P09,Bona_Fide,Terang,45cm,0.281,0.309,0.165,Accept,Accept,Accept
P09,Bona_Fide,Terang,60cm,0.225,0.252,0.190,Accept,Accept,Accept
P09,Bona_Fide,Terang,60cm,0.290,0.257,0.190,Accept,Accept,Accept
P09,Bona_Fide,Terang,60cm,0.243,0.282,0.201,Accept,Accept,Accept
P09,Bona_Fide,Terang,60cm,0.345,0.319,0.152,Accept,Accept,Accept
P09,Bona_Fide,Terang,60cm,0.270,0.321,0.178,Accept,Accept,Accept
P09,Bona_Fide,Terang,60cm,0.226,0.273,0.173,Accept,Accept,Accept
P09,Bona_Fide,Terang,60cm,0.303,0.257,0.217,Accept,Accept,Accept
P09,Bona_Fide,Terang,60cm,0.367,0.254,0.136,Accept,Accept,Accept
P09,Bona_Fide,Terang,60cm,0.313,0.308,0.157,Accept,Accept,Accept
P09,Bona_Fide,Terang,60cm,0.274,0.320,0.208,Accept,Accept,Accept
P10,Bona_Fide,Redup,30cm,0.199,0.251,0.211,Accept,Accept,Accept
P10,Bona_Fide,Redup,30cm,0.295,0.293,0.150,Accept,Accept,Accept
P10,Bona_Fide,Redup,30cm,0.302,0.264,0.179,Accept,Accept,Accept
P10,Bona_Fide,Redup,30cm,0.315,0.295,0.163,Accept,Accept,Accept
P10,Bona_Fide,Redup,30cm,0.201,0.319,0.227,Accept,Accept,Accept
P10,Bona_Fide,Redup,30cm,0.313,0.299,0.162,Accept,Accept,Accept
P10,Bona_Fide,Redup,30cm,0.197,0.261,0.167,Accept,Accept,Accept
P10,Bona_Fide,Redup,30cm,0.271,0.305,0.186,Accept,Accept,Accept
P10,Bona_Fide,Redup,30cm,0.317,0.268,0.246,Accept,Accept,Accept
P10,Bona_Fide,Redup,30cm,0.239,0.327,0.140,Accept,Accept,Accept
P10,Bona_Fide,Redup,45cm,0.306,0.276,0.132,Accept,Accept,Accept
P10,Bona_Fide,Redup,45cm,0.354,0.276,0.230,Accept,Accept,Accept
P10,Bona_Fide,Redup,45cm,0.372,0.276,0.201,Accept,Accept,Accept
P10,Bona_Fide,Redup,45cm,0.299,0.281,0.169,Accept,Accept,Accept
P10,Bona_Fide,Redup,45cm,0.344,0.303,0.265,Accept,Accept,Accept
P10,Bona_Fide,Redup,45cm,0.254,0.272,0.227,Accept,Accept,Accept
P10,Bona_Fide,Redup,45cm,0.289,0.263,0.203,Accept,Accept,Accept
P10,Bona_Fide,Redup,45cm,0.303,0.290,0.184,Accept,Accept,Accept
P10,Bona_Fide,Redup,45cm,0.235,0.256,0.144,Accept,Accept,Accept
P10,Bona_Fide,Redup,45cm,0.317,0.259,0.215,Accept,Accept,Accept
P10,Bona_Fide,Redup,60cm,0.438,0.297,0.240,Reject,Reject,Accept
P10,Bona_Fide,Redup,60cm,0.283,0.255,0.244,Accept,Accept,Accept
P10,Bona_Fide,Redup,60cm,0.293,0.306,0.228,Accept,Accept,Accept
P10,Bona_Fide,Redup,60cm,0.343,0.280,0.136,Accept,Accept,Accept
P10,Bona_Fide,Redup,60cm,0.311,0.286,0.255,Accept,Accept,Accept
P10,Bona_Fide,Redup,60cm,0.284,0.292,0.255,Accept,Accept,Accept
P10,Bona_Fide,Redup,60cm,0.366,0.309,0.216,Accept,Accept,Accept
P10,Bona_Fide,Redup,60cm,0.302,0.270,0.157,Accept,Accept,Accept
P10,Bona_Fide,Redup,60cm,0.337,0.291,0.131,Accept,Accept,Accept
P10,Bona_Fide,Redup,60cm,0.307,0.303,0.236,Accept,Accept,Accept
P10,Bona_Fide,Standar,30cm,0.250,0.303,0.146,Accept,Accept,Accept
P10,Bona_Fide,Standar,30cm,0.247,0.262,0.225,Accept,Accept,Accept
P10,Bona_Fide,Standar,30cm,0.286,0.254,0.246,Accept,Accept,Accept
P10,Bona_Fide,Standar,30cm,0.273,0.323,0.249,Accept,Accept,Accept
P10,Bona_Fide,Standar,30cm,0.296,0.292,0.144,Accept,Accept,Accept
P10,Bona_Fide,Standar,30cm,0.241,0.274,0.219,Accept,Accept,Accept
P10,Bona_Fide,Standar,30cm,0.230,0.292,0.253,Accept,Accept,Accept
P10,Bona_Fide,Standar,30cm,0.277,0.279,0.129,Accept,Accept,Accept
P10,Bona_Fide,Standar,30cm,0.254,0.304,0.160,Accept,Accept,Accept
P10,Bona_Fide,Standar,30cm,0.158,0.313,0.203,Accept,Accept,Accept
P10,Bona_Fide,Standar,45cm,0.192,0.269,0.186,Accept,Accept,Accept
P10,Bona_Fide,Standar,45cm,0.232,0.266,0.145,Accept,Accept,Accept
P10,Bona_Fide,Standar,45cm,0.273,0.321,0.144,Accept,Accept,Accept
P10,Bona_Fide,Standar,45cm,0.245,0.288,0.234,Accept,Accept,Accept
P10,Bona_Fide,Standar,45cm,0.258,0.290,0.197,Accept,Accept,Accept
P10,Bona_Fide,Standar,45cm,0.242,0.261,0.160,Accept,Accept,Accept
P10,Bona_Fide,Standar,45cm,0.227,0.273,0.127,Accept,Accept,Accept
P10,Bona_Fide,Standar,45cm,0.314,0.319,0.252,Accept,Accept,Accept
P10,Bona_Fide,Standar,45cm,0.328,0.302,0.220,Accept,Accept,Accept
P10,Bona_Fide,Standar,45cm,0.203,0.314,0.178,Accept,Accept,Accept
P10,Bona_Fide,Standar,60cm,0.353,0.292,0.173,Accept,Accept,Accept
P10,Bona_Fide,Standar,60cm,0.259,0.327,0.177,Accept,Accept,Accept
P10,Bona_Fide,Standar,60cm,0.219,0.319,0.153,Accept,Accept,Accept
P10,Bona_Fide,Standar,60cm,0.290,0.321,0.220,Accept,Accept,Accept
P10,Bona_Fide,Standar,60cm,0.313,0.271,0.170,Accept,Accept,Accept
P10,Bona_Fide,Standar,60cm,0.224,0.279,0.170,Accept,Accept,Accept
P10,Bona_Fide,Standar,60cm,0.329,0.272,0.160,Accept,Accept,Accept
P10,Bona_Fide,Standar,60cm,0.225,0.301,0.242,Accept,Accept,Accept
P10,Bona_Fide,Standar,60cm,0.269,0.304,0.187,Accept,Accept,Accept
P10,Bona_Fide,Standar,60cm,0.258,0.291,0.160,Accept,Accept,Accept
P10,Bona_Fide,Terang,30cm,0.169,0.265,0.129,Accept,Accept,Accept
P10,Bona_Fide,Terang,30cm,0.236,0.316,0.232,Accept,Accept,Accept
P10,Bona_Fide,Terang,30cm,0.283,0.298,0.195,Accept,Accept,Accept
P10,Bona_Fide,Terang,30cm,0.248,0.317,0.146,Accept,Accept,Accept
P10,Bona_Fide,Terang,30cm,0.256,0.312,0.146,Accept,Accept,Accept
P10,Bona_Fide,Terang,30cm,0.209,0.309,0.244,Accept,Accept,Accept
P10,Bona_Fide,Terang,30cm,0.201,0.278,0.185,Accept,Accept,Accept
P10,Bona_Fide,Terang,30cm,0.202,0.294,0.169,Accept,Accept,Accept
P10,Bona_Fide,Terang,30cm,0.232,0.261,0.164,Accept,Accept,Accept
P10,Bona_Fide,Terang,30cm,0.210,0.274,0.193,Accept,Accept,Accept
P10,Bona_Fide,Terang,45cm,0.252,0.287,0.214,Accept,Accept,Accept
P10,Bona_Fide,Terang,45cm,0.284,0.270,0.149,Accept,Accept,Accept
P10,Bona_Fide,Terang,45cm,0.217,0.296,0.184,Accept,Accept,Accept
P10,Bona_Fide,Terang,45cm,0.210,0.314,0.186,Accept,Accept,Accept
P10,Bona_Fide,Terang,45cm,0.339,0.328,0.206,Accept,Accept,Accept
P10,Bona_Fide,Terang,45cm,0.253,0.287,0.145,Accept,Accept,Accept
P10,Bona_Fide,Terang,45cm,0.295,0.308,0.185,Accept,Accept,Accept
P10,Bona_Fide,Terang,45cm,0.244,0.318,0.201,Accept,Accept,Accept
P10,Bona_Fide,Terang,45cm,0.305,0.317,0.226,Accept,Accept,Accept
P10,Bona_Fide,Terang,45cm,0.270,0.325,0.189,Accept,Accept,Accept
P10,Bona_Fide,Terang,60cm,0.346,0.285,0.223,Accept,Accept,Accept
P10,Bona_Fide,Terang,60cm,0.335,0.318,0.261,Accept,Accept,Accept
P10,Bona_Fide,Terang,60cm,0.221,0.319,0.170,Accept,Accept,Accept
P10,Bona_Fide,Terang,60cm,0.352,0.252,0.195,Accept,Accept,Accept
P10,Bona_Fide,Terang,60cm,0.280,0.327,0.239,Accept,Accept,Accept
P10,Bona_Fide,Terang,60cm,0.323,0.320,0.132,Accept,Accept,Accept
P10,Bona_Fide,Terang,60cm,0.374,0.290,0.158,Accept,Accept,Accept
P10,Bona_Fide,Terang,60cm,0.235,0.285,0.215,Accept,Accept,Accept
P10,Bona_Fide,Terang,60cm,0.277,0.256,0.254,Accept,Accept,Accept
P10,Bona_Fide,Terang,60cm,0.367,0.269,0.150,Accept,Accept,Accept
P11,Bona_Fide,Redup,30cm,0.297,0.329,0.233,Accept,Accept,Accept
P11,Bona_Fide,Redup,30cm,0.210,0.316,0.127,Accept,Accept,Accept
P11,Bona_Fide,Redup,30cm,0.244,0.305,0.160,Accept,Accept,Accept
P11,Bona_Fide,Redup,30cm,0.231,0.307,0.186,Accept,Accept,Accept
P11,Bona_Fide,Redup,30cm,0.342,0.317,0.246,Accept,Accept,Accept
P11,Bona_Fide,Redup,30cm,0.198,0.277,0.144,Accept,Accept,Accept
P11,Bona_Fide,Redup,30cm,0.336,0.303,0.145,Accept,Accept,Accept
P11,Bona_Fide,Redup,30cm,0.237,0.302,0.204,Accept,Accept,Accept
P11,Bona_Fide,Redup,30cm,0.233,0.255,0.128,Accept,Accept,Accept
P11,Bona_Fide,Redup,30cm,0.309,0.260,0.176,Accept,Accept,Accept
P11,Bona_Fide,Redup,45cm,0.343,0.281,0.249,Accept,Accept,Accept
P11,Bona_Fide,Redup,45cm,0.307,0.250,0.254,Accept,Accept,Accept
P11,Bona_Fide,Redup,45cm,0.297,0.312,0.219,Accept,Accept,Accept
P11,Bona_Fide,Redup,45cm,0.268,0.266,0.146,Accept,Accept,Accept
P11,Bona_Fide,Redup,45cm,0.251,0.303,0.246,Accept,Accept,Accept
P11,Bona_Fide,Redup,45cm,0.322,0.296,0.245,Accept,Accept,Accept
P11,Bona_Fide,Redup,45cm,0.262,0.303,0.225,Accept,Accept,Accept
P11,Bona_Fide,Redup,45cm,0.290,0.296,0.166,Accept,Accept,Accept
P11,Bona_Fide,Redup,45cm,0.273,0.271,0.262,Accept,Accept,Accept
P11,Bona_Fide,Redup,45cm,0.359,0.273,0.166,Accept,Accept,Accept
P11,Bona_Fide,Redup,60cm,0.264,0.326,0.262,Accept,Accept,Accept
P11,Bona_Fide,Redup,60cm,0.348,0.250,0.221,Accept,Accept,Accept
P11,Bona_Fide,Redup,60cm,0.269,0.295,0.210,Accept,Accept,Accept
P11,Bona_Fide,Redup,60cm,0.363,0.324,0.160,Accept,Accept,Accept
P11,Bona_Fide,Redup,60cm,0.326,0.253,0.134,Accept,Accept,Accept
P11,Bona_Fide,Redup,60cm,0.364,0.297,0.237,Accept,Accept,Accept
P11,Bona_Fide,Redup,60cm,0.334,0.324,0.193,Accept,Accept,Accept
P11,Bona_Fide,Redup,60cm,0.297,0.294,0.175,Accept,Accept,Accept
P11,Bona_Fide,Redup,60cm,0.415,0.251,0.154,Reject,Reject,Accept
P11,Bona_Fide,Redup,60cm,0.307,0.320,0.132,Accept,Accept,Accept
P11,Bona_Fide,Standar,30cm,0.206,0.322,0.229,Accept,Accept,Accept
P11,Bona_Fide,Standar,30cm,0.178,0.305,0.262,Accept,Accept,Accept
P11,Bona_Fide,Standar,30cm,0.161,0.303,0.167,Accept,Accept,Accept
P11,Bona_Fide,Standar,30cm,0.294,0.314,0.203,Accept,Accept,Accept
P11,Bona_Fide,Standar,30cm,0.180,0.297,0.232,Accept,Accept,Accept
P11,Bona_Fide,Standar,30cm,0.296,0.261,0.131,Accept,Accept,Accept
P11,Bona_Fide,Standar,30cm,0.169,0.314,0.161,Accept,Accept,Accept
P11,Bona_Fide,Standar,30cm,0.243,0.259,0.218,Accept,Accept,Accept
P11,Bona_Fide,Standar,30cm,0.288,0.304,0.252,Accept,Accept,Accept
P11,Bona_Fide,Standar,30cm,0.178,0.290,0.243,Accept,Accept,Accept
P11,Bona_Fide,Standar,45cm,0.307,0.330,0.263,Accept,Accept,Accept
P11,Bona_Fide,Standar,45cm,0.176,0.295,0.127,Accept,Accept,Accept
P11,Bona_Fide,Standar,45cm,0.227,0.288,0.203,Accept,Accept,Accept
P11,Bona_Fide,Standar,45cm,0.169,0.251,0.139,Accept,Accept,Accept
P11,Bona_Fide,Standar,45cm,0.294,0.259,0.251,Accept,Accept,Accept
P11,Bona_Fide,Standar,45cm,0.300,0.256,0.250,Accept,Accept,Accept
P11,Bona_Fide,Standar,45cm,0.247,0.292,0.219,Accept,Accept,Accept
P11,Bona_Fide,Standar,45cm,0.244,0.276,0.162,Accept,Accept,Accept
P11,Bona_Fide,Standar,45cm,0.323,0.261,0.128,Accept,Accept,Accept
P11,Bona_Fide,Standar,45cm,0.179,0.312,0.237,Accept,Accept,Accept
P11,Bona_Fide,Standar,60cm,0.304,0.291,0.136,Accept,Accept,Accept
P11,Bona_Fide,Standar,60cm,0.323,0.299,0.235,Accept,Accept,Accept
P11,Bona_Fide,Standar,60cm,0.295,0.275,0.194,Accept,Accept,Accept
P11,Bona_Fide,Standar,60cm,0.214,0.314,0.153,Accept,Accept,Accept
P11,Bona_Fide,Standar,60cm,0.330,0.293,0.139,Accept,Accept,Accept
P11,Bona_Fide,Standar,60cm,0.274,0.254,0.241,Accept,Accept,Accept
P11,Bona_Fide,Standar,60cm,0.261,0.309,0.186,Accept,Accept,Accept
P11,Bona_Fide,Standar,60cm,0.322,0.279,0.170,Accept,Accept,Accept
P11,Bona_Fide,Standar,60cm,0.210,0.324,0.160,Accept,Accept,Accept
P11,Bona_Fide,Standar,60cm,0.243,0.301,0.211,Accept,Accept,Accept
P11,Bona_Fide,Terang,30cm,0.195,0.295,0.186,Accept,Accept,Accept
P11,Bona_Fide,Terang,30cm,0.293,0.291,0.185,Accept,Accept,Accept
P11,Bona_Fide,Terang,30cm,0.168,0.312,0.145,Accept,Accept,Accept
P11,Bona_Fide,Terang,30cm,0.246,0.265,0.214,Accept,Accept,Accept
P11,Bona_Fide,Terang,30cm,0.254,0.268,0.180,Accept,Accept,Accept
P11,Bona_Fide,Terang,30cm,0.210,0.313,0.184,Accept,Accept,Accept
P11,Bona_Fide,Terang,30cm,0.261,0.325,0.149,Accept,Accept,Accept
P11,Bona_Fide,Terang,30cm,0.231,0.274,0.229,Accept,Accept,Accept
P11,Bona_Fide,Terang,30cm,0.285,0.300,0.199,Accept,Accept,Accept
P11,Bona_Fide,Terang,30cm,0.289,0.292,0.155,Accept,Accept,Accept
P11,Bona_Fide,Terang,45cm,0.300,0.254,0.147,Accept,Accept,Accept
P11,Bona_Fide,Terang,45cm,0.326,0.298,0.185,Accept,Accept,Accept
P11,Bona_Fide,Terang,45cm,0.257,0.287,0.244,Accept,Accept,Accept
P11,Bona_Fide,Terang,45cm,0.298,0.290,0.129,Accept,Accept,Accept
P11,Bona_Fide,Terang,45cm,0.280,0.296,0.162,Accept,Accept,Accept
P11,Bona_Fide,Terang,45cm,0.327,0.279,0.195,Accept,Accept,Accept
P11,Bona_Fide,Terang,45cm,0.296,0.258,0.232,Accept,Accept,Accept
P11,Bona_Fide,Terang,45cm,0.255,0.300,0.151,Accept,Accept,Accept
P11,Bona_Fide,Terang,45cm,0.236,0.324,0.180,Accept,Accept,Accept
P11,Bona_Fide,Terang,45cm,0.316,0.277,0.226,Accept,Accept,Accept
P11,Bona_Fide,Terang,60cm,0.302,0.320,0.137,Accept,Accept,Accept
P11,Bona_Fide,Terang,60cm,0.221,0.313,0.212,Accept,Accept,Accept
P11,Bona_Fide,Terang,60cm,0.332,0.330,0.257,Accept,Accept,Accept
P11,Bona_Fide,Terang,60cm,0.328,0.289,0.260,Accept,Accept,Accept
P11,Bona_Fide,Terang,60cm,0.378,0.312,0.130,Accept,Accept,Accept
P11,Bona_Fide,Terang,60cm,0.326,0.260,0.209,Accept,Accept,Accept
P11,Bona_Fide,Terang,60cm,0.239,0.294,0.260,Accept,Accept,Accept
P11,Bona_Fide,Terang,60cm,0.312,0.319,0.137,Accept,Accept,Accept
P11,Bona_Fide,Terang,60cm,0.339,0.288,0.152,Accept,Accept,Accept
P11,Bona_Fide,Terang,60cm,0.367,0.323,0.263,Accept,Accept,Accept
P12,Bona_Fide,Redup,30cm,0.239,0.318,0.140,Accept,Accept,Accept
P12,Bona_Fide,Redup,30cm,0.250,0.276,0.200,Accept,Accept,Accept
P12,Bona_Fide,Redup,30cm,0.243,0.309,0.189,Accept,Accept,Accept
P12,Bona_Fide,Redup,30cm,0.197,0.324,0.178,Accept,Accept,Accept
P12,Bona_Fide,Redup,30cm,0.228,0.265,0.152,Accept,Accept,Accept
P12,Bona_Fide,Redup,30cm,0.213,0.285,0.218,Accept,Accept,Accept
P12,Bona_Fide,Redup,30cm,0.242,0.279,0.174,Accept,Accept,Accept
P12,Bona_Fide,Redup,30cm,0.239,0.254,0.158,Accept,Accept,Accept
P12,Bona_Fide,Redup,30cm,0.202,0.261,0.137,Accept,Accept,Accept
P12,Bona_Fide,Redup,30cm,0.319,0.271,0.222,Accept,Accept,Accept
P12,Bona_Fide,Redup,45cm,0.285,0.280,0.241,Accept,Accept,Accept
P12,Bona_Fide,Redup,45cm,0.320,0.280,0.143,Accept,Accept,Accept
P12,Bona_Fide,Redup,45cm,0.304,0.256,0.153,Accept,Accept,Accept
P12,Bona_Fide,Redup,45cm,0.274,0.267,0.192,Accept,Accept,Accept
P12,Bona_Fide,Redup,45cm,0.223,0.255,0.238,Accept,Accept,Accept
P12,Bona_Fide,Redup,45cm,0.225,0.287,0.135,Accept,Accept,Accept
P12,Bona_Fide,Redup,45cm,0.227,0.284,0.159,Accept,Accept,Accept
P12,Bona_Fide,Redup,45cm,0.292,0.317,0.175,Accept,Accept,Accept
P12,Bona_Fide,Redup,45cm,0.261,0.278,0.215,Accept,Accept,Accept
P12,Bona_Fide,Redup,45cm,0.304,0.276,0.133,Accept,Accept,Accept
P12,Bona_Fide,Redup,60cm,0.363,0.323,0.254,Accept,Accept,Accept
P12,Bona_Fide,Redup,60cm,0.357,0.286,0.250,Accept,Accept,Accept
P12,Bona_Fide,Redup,60cm,0.310,0.322,0.143,Accept,Accept,Accept
P12,Bona_Fide,Redup,60cm,0.263,0.328,0.206,Accept,Accept,Accept
P12,Bona_Fide,Redup,60cm,0.314,0.290,0.126,Accept,Accept,Accept
P12,Bona_Fide,Redup,60cm,0.244,0.286,0.126,Accept,Accept,Accept
P12,Bona_Fide,Redup,60cm,0.314,0.299,0.127,Accept,Accept,Accept
P12,Bona_Fide,Redup,60cm,0.306,0.319,0.183,Accept,Accept,Accept
P12,Bona_Fide,Redup,60cm,0.358,0.262,0.248,Accept,Accept,Accept
P12,Bona_Fide,Redup,60cm,0.318,0.253,0.254,Accept,Accept,Accept
P12,Bona_Fide,Standar,30cm,0.277,0.277,0.177,Accept,Accept,Accept
P12,Bona_Fide,Standar,30cm,0.185,0.280,0.177,Accept,Accept,Accept
P12,Bona_Fide,Standar,30cm,0.260,0.265,0.155,Accept,Accept,Accept
P12,Bona_Fide,Standar,30cm,0.275,0.296,0.204,Accept,Accept,Accept
P12,Bona_Fide,Standar,30cm,0.147,0.286,0.188,Accept,Accept,Accept
P12,Bona_Fide,Standar,30cm,0.234,0.325,0.193,Accept,Accept,Accept
P12,Bona_Fide,Standar,30cm,0.208,0.291,0.139,Accept,Accept,Accept
P12,Bona_Fide,Standar,30cm,0.247,0.264,0.219,Accept,Accept,Accept
P12,Bona_Fide,Standar,30cm,0.256,0.281,0.208,Accept,Accept,Accept
P12,Bona_Fide,Standar,30cm,0.160,0.329,0.150,Accept,Accept,Accept
P12,Bona_Fide,Standar,45cm,0.259,0.275,0.155,Accept,Accept,Accept
P12,Bona_Fide,Standar,45cm,0.310,0.305,0.193,Accept,Accept,Accept
P12,Bona_Fide,Standar,45cm,0.205,0.250,0.234,Accept,Accept,Accept
P12,Bona_Fide,Standar,45cm,0.288,0.255,0.139,Accept,Accept,Accept
P12,Bona_Fide,Standar,45cm,0.244,0.273,0.153,Accept,Accept,Accept
P12,Bona_Fide,Standar,45cm,0.204,0.271,0.187,Accept,Accept,Accept
P12,Bona_Fide,Standar,45cm,0.254,0.296,0.242,Accept,Accept,Accept
P12,Bona_Fide,Standar,45cm,0.278,0.306,0.161,Accept,Accept,Accept
P12,Bona_Fide,Standar,45cm,0.301,0.259,0.171,Accept,Accept,Accept
P12,Bona_Fide,Standar,45cm,0.233,0.298,0.173,Accept,Accept,Accept
P12,Bona_Fide,Standar,60cm,0.297,0.321,0.127,Accept,Accept,Accept
P12,Bona_Fide,Standar,60cm,0.246,0.308,0.202,Accept,Accept,Accept
P12,Bona_Fide,Standar,60cm,0.269,0.313,0.126,Accept,Accept,Accept
P12,Bona_Fide,Standar,60cm,0.240,0.319,0.251,Accept,Accept,Accept
P12,Bona_Fide,Standar,60cm,0.299,0.311,0.140,Accept,Accept,Accept
P12,Bona_Fide,Standar,60cm,0.276,0.267,0.219,Accept,Accept,Accept
P12,Bona_Fide,Standar,60cm,0.233,0.309,0.251,Accept,Accept,Accept
P12,Bona_Fide,Standar,60cm,0.282,0.311,0.129,Accept,Accept,Accept
P12,Bona_Fide,Standar,60cm,0.228,0.327,0.162,Accept,Accept,Accept
P12,Bona_Fide,Standar,60cm,0.214,0.265,0.203,Accept,Accept,Accept
P12,Bona_Fide,Terang,30cm,0.202,0.306,0.211,Accept,Accept,Accept
P12,Bona_Fide,Terang,30cm,0.299,0.264,0.151,Accept,Accept,Accept
P12,Bona_Fide,Terang,30cm,0.279,0.314,0.179,Accept,Accept,Accept
P12,Bona_Fide,Terang,30cm,0.236,0.321,0.163,Accept,Accept,Accept
P12,Bona_Fide,Terang,30cm,0.247,0.264,0.227,Accept,Accept,Accept
P12,Bona_Fide,Terang,30cm,0.235,0.329,0.162,Accept,Accept,Accept
P12,Bona_Fide,Terang,30cm,0.242,0.290,0.167,Accept,Accept,Accept
P12,Bona_Fide,Terang,30cm,0.174,0.250,0.185,Accept,Accept,Accept
P12,Bona_Fide,Terang,30cm,0.185,0.292,0.245,Accept,Accept,Accept
P12,Bona_Fide,Terang,30cm,0.234,0.278,0.168,Accept,Accept,Accept
P12,Bona_Fide,Terang,45cm,0.203,0.305,0.131,Accept,Accept,Accept
P12,Bona_Fide,Terang,45cm,0.194,0.301,0.229,Accept,Accept,Accept
P12,Bona_Fide,Terang,45cm,0.247,0.301,0.200,Accept,Accept,Accept
P12,Bona_Fide,Terang,45cm,0.250,0.251,0.170,Accept,Accept,Accept
P12,Bona_Fide,Terang,45cm,0.322,0.275,0.125,Accept,Accept,Accept
P12,Bona_Fide,Terang,45cm,0.211,0.326,0.228,Accept,Accept,Accept
P12,Bona_Fide,Terang,45cm,0.270,0.318,0.203,Accept,Accept,Accept
P12,Bona_Fide,Terang,45cm,0.252,0.261,0.185,Accept,Accept,Accept
P12,Bona_Fide,Terang,45cm,0.210,0.308,0.145,Accept,Accept,Accept
P12,Bona_Fide,Terang,45cm,0.188,0.324,0.214,Accept,Accept,Accept
P12,Bona_Fide,Terang,60cm,0.376,0.322,0.239,Accept,Accept,Accept
P12,Bona_Fide,Terang,60cm,0.274,0.284,0.243,Accept,Accept,Accept
P12,Bona_Fide,Terang,60cm,0.308,0.255,0.228,Accept,Accept,Accept
P12,Bona_Fide,Terang,60cm,0.240,0.255,0.137,Accept,Accept,Accept
P12,Bona_Fide,Terang,60cm,0.244,0.262,0.256,Accept,Accept,Accept
P12,Bona_Fide,Terang,60cm,0.342,0.262,0.255,Accept,Accept,Accept
P12,Bona_Fide,Terang,60cm,0.297,0.280,0.216,Accept,Accept,Accept
P12,Bona_Fide,Terang,60cm,0.360,0.324,0.157,Accept,Accept,Accept
P12,Bona_Fide,Terang,60cm,0.273,0.266,0.132,Accept,Accept,Accept
P12,Bona_Fide,Terang,60cm,0.223,0.260,0.200,Accept,Accept,Accept
P13,Bona_Fide,Redup,30cm,0.285,0.276,0.257,Accept,Accept,Accept
P13,Bona_Fide,Redup,30cm,0.295,0.289,0.224,Accept,Accept,Accept
P13,Bona_Fide,Redup,30cm,0.316,0.311,0.208,Accept,Accept,Accept
P13,Bona_Fide,Redup,30cm,0.228,0.271,0.155,Accept,Accept,Accept
P13,Bona_Fide,Redup,30cm,0.323,0.308,0.134,Accept,Accept,Accept
P13,Bona_Fide,Redup,30cm,0.220,0.267,0.236,Accept,Accept,Accept
P13,Bona_Fide,Redup,30cm,0.186,0.276,0.197,Accept,Accept,Accept
P13,Bona_Fide,Redup,30cm,0.293,0.301,0.140,Accept,Accept,Accept
P13,Bona_Fide,Redup,30cm,0.251,0.310,0.254,Accept,Accept,Accept
P13,Bona_Fide,Redup,30cm,0.295,0.303,0.159,Accept,Accept,Accept
P13,Bona_Fide,Redup,45cm,0.283,0.319,0.264,Accept,Accept,Accept
P13,Bona_Fide,Redup,45cm,0.226,0.270,0.259,Accept,Accept,Accept
P13,Bona_Fide,Redup,45cm,0.344,0.256,0.134,Accept,Accept,Accept
P13,Bona_Fide,Redup,45cm,0.218,0.322,0.215,Accept,Accept,Accept
P13,Bona_Fide,Redup,45cm,0.259,0.295,0.256,Accept,Accept,Accept
P13,Bona_Fide,Redup,45cm,0.244,0.302,0.257,Accept,Accept,Accept
P13,Bona_Fide,Redup,45cm,0.311,0.284,0.136,Accept,Accept,Accept
P13,Bona_Fide,Redup,45cm,0.265,0.269,0.193,Accept,Accept,Accept
P13,Bona_Fide,Redup,45cm,0.239,0.306,0.238,Accept,Accept,Accept
P13,Bona_Fide,Redup,45cm,0.279,0.272,0.183,Accept,Accept,Accept
P13,Bona_Fide,Redup,60cm,0.375,0.254,0.232,Accept,Accept,Accept
P13,Bona_Fide,Redup,60cm,0.369,0.251,0.133,Accept,Accept,Accept
P13,Bona_Fide,Redup,60cm,0.281,0.292,0.162,Accept,Accept,Accept
P13,Bona_Fide,Redup,60cm,0.259,0.328,0.183,Accept,Accept,Accept
P13,Bona_Fide,Redup,60cm,0.260,0.281,0.247,Accept,Accept,Accept
P13,Bona_Fide,Redup,60cm,0.308,0.317,0.144,Accept,Accept,Accept
P13,Bona_Fide,Redup,60cm,0.454,0.328,0.149,Reject,Reject,Accept
P13,Bona_Fide,Redup,60cm,0.254,0.253,0.165,Accept,Accept,Accept
P13,Bona_Fide,Redup,60cm,0.369,0.263,0.225,Accept,Accept,Accept
P13,Bona_Fide,Redup,60cm,0.434,0.289,0.191,Reject,Reject,Accept
P13,Bona_Fide,Standar,30cm,0.186,0.265,0.134,Accept,Accept,Accept
P13,Bona_Fide,Standar,30cm,0.232,0.309,0.237,Accept,Accept,Accept
P13,Bona_Fide,Standar,30cm,0.196,0.256,0.194,Accept,Accept,Accept
P13,Bona_Fide,Standar,30cm,0.271,0.264,0.172,Accept,Accept,Accept
P13,Bona_Fide,Standar,30cm,0.233,0.323,0.262,Accept,Accept,Accept
P13,Bona_Fide,Standar,30cm,0.169,0.326,0.220,Accept,Accept,Accept
P13,Bona_Fide,Standar,30cm,0.235,0.291,0.210,Accept,Accept,Accept
P13,Bona_Fide,Standar,30cm,0.166,0.310,0.191,Accept,Accept,Accept
P13,Bona_Fide,Standar,30cm,0.196,0.304,0.137,Accept,Accept,Accept
P13,Bona_Fide,Standar,30cm,0.218,0.320,0.127,Accept,Accept,Accept
P13,Bona_Fide,Standar,45cm,0.239,0.279,0.218,Accept,Accept,Accept
P13,Bona_Fide,Standar,45cm,0.327,0.277,0.153,Accept,Accept,Accept
P13,Bona_Fide,Standar,45cm,0.278,0.283,0.177,Accept,Accept,Accept
P13,Bona_Fide,Standar,45cm,0.259,0.329,0.170,Accept,Accept,Accept
P13,Bona_Fide,Standar,45cm,0.263,0.299,0.221,Accept,Accept,Accept
P13,Bona_Fide,Standar,45cm,0.201,0.324,0.160,Accept,Accept,Accept
P13,Bona_Fide,Standar,45cm,0.318,0.329,0.170,Accept,Accept,Accept
P13,Bona_Fide,Standar,45cm,0.277,0.286,0.188,Accept,Accept,Accept
P13,Bona_Fide,Standar,45cm,0.260,0.284,0.243,Accept,Accept,Accept
P13,Bona_Fide,Standar,45cm,0.302,0.267,0.132,Accept,Accept,Accept
P13,Bona_Fide,Standar,60cm,0.226,0.298,0.245,Accept,Accept,Accept
P13,Bona_Fide,Standar,60cm,0.240,0.258,0.143,Accept,Accept,Accept
P13,Bona_Fide,Standar,60cm,0.223,0.284,0.144,Accept,Accept,Accept
P13,Bona_Fide,Standar,60cm,0.274,0.280,0.198,Accept,Accept,Accept
P13,Bona_Fide,Standar,60cm,0.335,0.276,0.234,Accept,Accept,Accept
P13,Bona_Fide,Standar,60cm,0.230,0.263,0.128,Accept,Accept,Accept
P13,Bona_Fide,Standar,60cm,0.279,0.252,0.161,Accept,Accept,Accept
P13,Bona_Fide,Standar,60cm,0.307,0.267,0.220,Accept,Accept,Accept
P13,Bona_Fide,Standar,60cm,0.208,0.281,0.252,Accept,Accept,Accept
P13,Bona_Fide,Standar,60cm,0.318,0.285,0.150,Accept,Accept,Accept
P13,Bona_Fide,Terang,30cm,0.300,0.274,0.170,Accept,Accept,Accept
P13,Bona_Fide,Terang,30cm,0.168,0.263,0.203,Accept,Accept,Accept
P13,Bona_Fide,Terang,30cm,0.253,0.310,0.228,Accept,Accept,Accept
P13,Bona_Fide,Terang,30cm,0.257,0.325,0.131,Accept,Accept,Accept
P13,Bona_Fide,Terang,30cm,0.311,0.318,0.162,Accept,Accept,Accept
P13,Bona_Fide,Terang,30cm,0.213,0.276,0.200,Accept,Accept,Accept
P13,Bona_Fide,Terang,30cm,0.236,0.318,0.229,Accept,Accept,Accept
P13,Bona_Fide,Terang,30cm,0.277,0.329,0.147,Accept,Accept,Accept
P13,Bona_Fide,Terang,30cm,0.264,0.308,0.182,Accept,Accept,Accept
P13,Bona_Fide,Terang,30cm,0.190,0.311,0.246,Accept,Accept,Accept
P13,Bona_Fide,Terang,45cm,0.223,0.295,0.163,Accept,Accept,Accept
P13,Bona_Fide,Terang,45cm,0.307,0.268,0.167,Accept,Accept,Accept
P13,Bona_Fide,Terang,45cm,0.315,0.268,0.162,Accept,Accept,Accept
P13,Bona_Fide,Terang,45cm,0.271,0.289,0.211,Accept,Accept,Accept
P13,Bona_Fide,Terang,45cm,0.239,0.266,0.180,Accept,Accept,Accept
P13,Bona_Fide,Terang,45cm,0.191,0.257,0.179,Accept,Accept,Accept
P13,Bona_Fide,Terang,45cm,0.294,0.324,0.151,Accept,Accept,Accept
P13,Bona_Fide,Terang,45cm,0.237,0.266,0.234,Accept,Accept,Accept
P13,Bona_Fide,Terang,45cm,0.228,0.296,0.197,Accept,Accept,Accept
P13,Bona_Fide,Terang,45cm,0.198,0.261,0.135,Accept,Accept,Accept
P13,Bona_Fide,Terang,60cm,0.244,0.296,0.195,Accept,Accept,Accept
P13,Bona_Fide,Terang,60cm,0.292,0.302,0.153,Accept,Accept,Accept
P13,Bona_Fide,Terang,60cm,0.347,0.328,0.134,Accept,Accept,Accept
P13,Bona_Fide,Terang,60cm,0.239,0.269,0.243,Accept,Accept,Accept
P13,Bona_Fide,Terang,60cm,0.249,0.265,0.189,Accept,Accept,Accept
P13,Bona_Fide,Terang,60cm,0.322,0.307,0.151,Accept,Accept,Accept
P13,Bona_Fide,Terang,60cm,0.256,0.266,0.137,Accept,Accept,Accept
P13,Bona_Fide,Terang,60cm,0.351,0.297,0.262,Accept,Accept,Accept
P13,Bona_Fide,Terang,60cm,0.360,0.274,0.211,Accept,Accept,Accept
P13,Bona_Fide,Terang,60cm,0.294,0.255,0.150,Accept,Accept,Accept
P14,Bona_Fide,Redup,30cm,0.191,0.269,0.146,Accept,Accept,Accept
P14,Bona_Fide,Redup,30cm,0.328,0.312,0.184,Accept,Accept,Accept
P14,Bona_Fide,Redup,30cm,0.316,0.285,0.248,Accept,Accept,Accept
P14,Bona_Fide,Redup,30cm,0.304,0.315,0.130,Accept,Accept,Accept
P14,Bona_Fide,Redup,30cm,0.240,0.259,0.159,Accept,Accept,Accept
P14,Bona_Fide,Redup,30cm,0.227,0.330,0.200,Accept,Accept,Accept
P14,Bona_Fide,Redup,30cm,0.331,0.281,0.232,Accept,Accept,Accept
P14,Bona_Fide,Redup,30cm,0.343,0.309,0.250,Accept,Accept,Accept
P14,Bona_Fide,Redup,30cm,0.278,0.314,0.144,Accept,Accept,Accept
P14,Bona_Fide,Redup,30cm,0.325,0.258,0.160,Accept,Accept,Accept
P14,Bona_Fide,Redup,45cm,0.286,0.255,0.224,Accept,Accept,Accept
P14,Bona_Fide,Redup,45cm,0.296,0.264,0.149,Accept,Accept,Accept
P14,Bona_Fide,Redup,45cm,0.239,0.258,0.244,Accept,Accept,Accept
P14,Bona_Fide,Redup,45cm,0.335,0.254,0.251,Accept,Accept,Accept
P14,Bona_Fide,Redup,45cm,0.265,0.280,0.221,Accept,Accept,Accept
P14,Bona_Fide,Redup,45cm,0.325,0.328,0.141,Accept,Accept,Accept
P14,Bona_Fide,Redup,45cm,0.345,0.326,0.251,Accept,Accept,Accept
P14,Bona_Fide,Redup,45cm,0.318,0.252,0.233,Accept,Accept,Accept
P14,Bona_Fide,Redup,45cm,0.362,0.254,0.199,Accept,Accept,Accept
P14,Bona_Fide,Redup,45cm,0.360,0.312,0.208,Accept,Accept,Accept
P14,Bona_Fide,Redup,60cm,0.317,0.321,0.196,Accept,Accept,Accept
P14,Bona_Fide,Redup,60cm,0.366,0.279,0.158,Accept,Accept,Accept
P14,Bona_Fide,Redup,60cm,0.267,0.253,0.137,Accept,Accept,Accept
P14,Bona_Fide,Redup,60cm,0.314,0.298,0.222,Accept,Accept,Accept
P14,Bona_Fide,Redup,60cm,0.358,0.299,0.207,Accept,Accept,Accept
P14,Bona_Fide,Redup,60cm,0.294,0.313,0.174,Accept,Accept,Accept
P14,Bona_Fide,Redup,60cm,0.454,0.328,0.260,Reject,Reject,Accept
P14,Bona_Fide,Redup,60cm,0.261,0.267,0.201,Accept,Accept,Accept
P14,Bona_Fide,Redup,60cm,0.417,0.253,0.190,Reject,Reject,Accept
P14,Bona_Fide,Redup,60cm,0.430,0.281,0.204,Reject,Reject,Accept
P14,Bona_Fide,Standar,30cm,0.249,0.309,0.243,Accept,Accept,Accept
P14,Bona_Fide,Standar,30cm,0.243,0.313,0.145,Accept,Accept,Accept
P14,Bona_Fide,Standar,30cm,0.153,0.278,0.146,Accept,Accept,Accept
P14,Bona_Fide,Standar,30cm,0.298,0.265,0.197,Accept,Accept,Accept
P14,Bona_Fide,Standar,30cm,0.282,0.325,0.233,Accept,Accept,Accept
P14,Bona_Fide,Standar,30cm,0.228,0.274,0.130,Accept,Accept,Accept
P14,Bona_Fide,Standar,30cm,0.263,0.278,0.163,Accept,Accept,Accept
P14,Bona_Fide,Standar,30cm,0.276,0.282,0.181,Accept,Accept,Accept
P14,Bona_Fide,Standar,30cm,0.281,0.315,0.212,Accept,Accept,Accept
P14,Bona_Fide,Standar,30cm,0.153,0.298,0.130,Accept,Accept,Accept
P14,Bona_Fide,Standar,45cm,0.244,0.294,0.146,Accept,Accept,Accept
P14,Bona_Fide,Standar,45cm,0.291,0.256,0.207,Accept,Accept,Accept
P14,Bona_Fide,Standar,45cm,0.255,0.282,0.187,Accept,Accept,Accept
P14,Bona_Fide,Standar,45cm,0.170,0.258,0.183,Accept,Accept,Accept
P14,Bona_Fide,Standar,45cm,0.196,0.270,0.148,Accept,Accept,Accept
P14,Bona_Fide,Standar,45cm,0.203,0.285,0.213,Accept,Accept,Accept
P14,Bona_Fide,Standar,45cm,0.308,0.289,0.179,Accept,Accept,Accept
P14,Bona_Fide,Standar,45cm,0.232,0.303,0.161,Accept,Accept,Accept
P14,Bona_Fide,Standar,45cm,0.190,0.299,0.130,Accept,Accept,Accept
P14,Bona_Fide,Standar,45cm,0.231,0.283,0.241,Accept,Accept,Accept
P14,Bona_Fide,Standar,60cm,0.253,0.317,0.133,Accept,Accept,Accept
P14,Bona_Fide,Standar,60cm,0.343,0.316,0.239,Accept,Accept,Accept
P14,Bona_Fide,Standar,60cm,0.214,0.279,0.195,Accept,Accept,Accept
P14,Bona_Fide,Standar,60cm,0.245,0.292,0.170,Accept,Accept,Accept
P14,Bona_Fide,Standar,60cm,0.290,0.251,0.261,Accept,Accept,Accept
P14,Bona_Fide,Standar,60cm,0.210,0.304,0.222,Accept,Accept,Accept
P14,Bona_Fide,Standar,60cm,0.285,0.288,0.212,Accept,Accept,Accept
P14,Bona_Fide,Standar,60cm,0.311,0.284,0.152,Accept,Accept,Accept
P14,Bona_Fide,Standar,60cm,0.311,0.300,0.238,Accept,Accept,Accept
P14,Bona_Fide,Standar,60cm,0.201,0.312,0.247,Accept,Accept,Accept
P14,Bona_Fide,Terang,30cm,0.210,0.295,0.152,Accept,Accept,Accept
P14,Bona_Fide,Terang,30cm,0.252,0.324,0.190,Accept,Accept,Accept
P14,Bona_Fide,Terang,30cm,0.171,0.259,0.245,Accept,Accept,Accept
P14,Bona_Fide,Terang,30cm,0.233,0.260,0.136,Accept,Accept,Accept
P14,Bona_Fide,Terang,30cm,0.270,0.302,0.155,Accept,Accept,Accept
P14,Bona_Fide,Terang,30cm,0.267,0.305,0.197,Accept,Accept,Accept
P14,Bona_Fide,Terang,30cm,0.167,0.298,0.238,Accept,Accept,Accept
P14,Bona_Fide,Terang,30cm,0.294,0.304,0.254,Accept,Accept,Accept
P14,Bona_Fide,Terang,30cm,0.264,0.251,0.138,Accept,Accept,Accept
P14,Bona_Fide,Terang,30cm,0.164,0.318,0.253,Accept,Accept,Accept
P14,Bona_Fide,Terang,45cm,0.340,0.328,0.227,Accept,Accept,Accept
P14,Bona_Fide,Terang,45cm,0.200,0.265,0.153,Accept,Accept,Accept
P14,Bona_Fide,Terang,45cm,0.258,0.280,0.239,Accept,Accept,Accept
P14,Bona_Fide,Terang,45cm,0.238,0.323,0.254,Accept,Accept,Accept
P14,Bona_Fide,Terang,45cm,0.266,0.314,0.215,Accept,Accept,Accept
P14,Bona_Fide,Terang,45cm,0.244,0.275,0.136,Accept,Accept,Accept
P14,Bona_Fide,Terang,45cm,0.266,0.328,0.255,Accept,Accept,Accept
P14,Bona_Fide,Terang,45cm,0.235,0.260,0.239,Accept,Accept,Accept
P14,Bona_Fide,Terang,45cm,0.286,0.304,0.195,Accept,Accept,Accept
P14,Bona_Fide,Terang,45cm,0.298,0.284,0.248,Accept,Accept,Accept
P14,Bona_Fide,Terang,60cm,0.281,0.312,0.200,Accept,Accept,Accept
P14,Bona_Fide,Terang,60cm,0.344,0.278,0.162,Accept,Accept,Accept
P14,Bona_Fide,Terang,60cm,0.324,0.276,0.131,Accept,Accept,Accept
P14,Bona_Fide,Terang,60cm,0.269,0.288,0.226,Accept,Accept,Accept
P14,Bona_Fide,Terang,60cm,0.289,0.251,0.201,Accept,Accept,Accept
P14,Bona_Fide,Terang,60cm,0.296,0.258,0.168,Accept,Accept,Accept
P14,Bona_Fide,Terang,60cm,0.360,0.251,0.263,Accept,Accept,Accept
P14,Bona_Fide,Terang,60cm,0.241,0.276,0.206,Accept,Accept,Accept
P14,Bona_Fide,Terang,60cm,0.260,0.301,0.186,Accept,Accept,Accept
P14,Bona_Fide,Terang,60cm,0.330,0.312,0.201,Accept,Accept,Accept
P15,Bona_Fide,Redup,30cm,0.257,0.264,0.164,Accept,Accept,Accept
P15,Bona_Fide,Redup,30cm,0.189,0.261,0.165,Accept,Accept,Accept
P15,Bona_Fide,Redup,30cm,0.296,0.320,0.225,Accept,Accept,Accept
P15,Bona_Fide,Redup,30cm,0.207,0.325,0.148,Accept,Accept,Accept
P15,Bona_Fide,Redup,30cm,0.250,0.260,0.182,Accept,Accept,Accept
P15,Bona_Fide,Redup,30cm,0.324,0.301,0.178,Accept,Accept,Accept
P15,Bona_Fide,Redup,30cm,0.274,0.250,0.214,Accept,Accept,Accept
P15,Bona_Fide,Redup,30cm,0.324,0.308,0.133,Accept,Accept,Accept
P15,Bona_Fide,Redup,30cm,0.322,0.299,0.162,Accept,Accept,Accept
P15,Bona_Fide,Redup,30cm,0.320,0.280,0.246,Accept,Accept,Accept
P15,Bona_Fide,Redup,45cm,0.351,0.262,0.206,Accept,Accept,Accept
P15,Bona_Fide,Redup,45cm,0.300,0.312,0.167,Accept,Accept,Accept
P15,Bona_Fide,Redup,45cm,0.287,0.300,0.128,Accept,Accept,Accept
P15,Bona_Fide,Redup,45cm,0.322,0.321,0.232,Accept,Accept,Accept
P15,Bona_Fide,Redup,45cm,0.300,0.277,0.198,Accept,Accept,Accept
P15,Bona_Fide,Redup,45cm,0.340,0.279,0.164,Accept,Accept,Accept
P15,Bona_Fide,Redup,45cm,0.356,0.280,0.129,Accept,Accept,Accept
P15,Bona_Fide,Redup,45cm,0.290,0.255,0.210,Accept,Accept,Accept
P15,Bona_Fide,Redup,45cm,0.270,0.272,0.180,Accept,Accept,Accept
P15,Bona_Fide,Redup,45cm,0.351,0.261,0.135,Accept,Accept,Accept
P15,Bona_Fide,Redup,60cm,0.422,0.264,0.214,Reject,Reject,Accept
P15,Bona_Fide,Redup,60cm,0.284,0.277,0.139,Accept,Accept,Accept
P15,Bona_Fide,Redup,60cm,0.375,0.319,0.254,Accept,Accept,Accept
P15,Bona_Fide,Redup,60cm,0.418,0.256,0.241,Reject,Reject,Accept
P15,Bona_Fide,Redup,60cm,0.334,0.272,0.230,Accept,Accept,Accept
P15,Bona_Fide,Redup,60cm,0.357,0.316,0.151,Accept,Accept,Accept
P15,Bona_Fide,Redup,60cm,0.423,0.265,0.242,Reject,Reject,Accept
P15,Bona_Fide,Redup,60cm,0.366,0.298,0.223,Accept,Accept,Accept
P15,Bona_Fide,Redup,60cm,0.335,0.287,0.208,Accept,Accept,Accept
P15,Bona_Fide,Redup,60cm,0.301,0.299,0.149,Accept,Accept,Accept
P15,Bona_Fide,Standar,30cm,0.232,0.288,0.167,Accept,Accept,Accept
P15,Bona_Fide,Standar,30cm,0.289,0.317,0.163,Accept,Accept,Accept
P15,Bona_Fide,Standar,30cm,0.180,0.260,0.227,Accept,Accept,Accept
P15,Bona_Fide,Standar,30cm,0.202,0.265,0.151,Accept,Accept,Accept
P15,Bona_Fide,Standar,30cm,0.224,0.316,0.179,Accept,Accept,Accept
P15,Bona_Fide,Standar,30cm,0.250,0.325,0.180,Accept,Accept,Accept
P15,Bona_Fide,Standar,30cm,0.176,0.310,0.211,Accept,Accept,Accept
P15,Bona_Fide,Standar,30cm,0.255,0.284,0.131,Accept,Accept,Accept
P15,Bona_Fide,Standar,30cm,0.210,0.319,0.164,Accept,Accept,Accept
P15,Bona_Fide,Standar,30cm,0.192,0.254,0.180,Accept,Accept,Accept
P15,Bona_Fide,Standar,45cm,0.215,0.322,0.203,Accept,Accept,Accept
P15,Bona_Fide,Standar,45cm,0.184,0.252,0.170,Accept,Accept,Accept
P15,Bona_Fide,Standar,45cm,0.214,0.276,0.125,Accept,Accept,Accept
P15,Bona_Fide,Standar,45cm,0.298,0.297,0.229,Accept,Accept,Accept
P15,Bona_Fide,Standar,45cm,0.311,0.297,0.200,Accept,Accept,Accept
P15,Bona_Fide,Standar,45cm,0.252,0.259,0.162,Accept,Accept,Accept
P15,Bona_Fide,Standar,45cm,0.300,0.304,0.131,Accept,Accept,Accept
P15,Bona_Fide,Standar,45cm,0.171,0.275,0.212,Accept,Accept,Accept
P15,Bona_Fide,Standar,45cm,0.206,0.328,0.178,Accept,Accept,Accept
P15,Bona_Fide,Standar,45cm,0.251,0.261,0.171,Accept,Accept,Accept
P15,Bona_Fide,Standar,60cm,0.240,0.284,0.216,Accept,Accept,Accept
P15,Bona_Fide,Standar,60cm,0.352,0.256,0.137,Accept,Accept,Accept
P15,Bona_Fide,Standar,60cm,0.315,0.263,0.256,Accept,Accept,Accept
P15,Bona_Fide,Standar,60cm,0.199,0.280,0.243,Accept,Accept,Accept
P15,Bona_Fide,Standar,60cm,0.354,0.251,0.228,Accept,Accept,Accept
P15,Bona_Fide,Standar,60cm,0.237,0.256,0.153,Accept,Accept,Accept
P15,Bona_Fide,Standar,60cm,0.316,0.321,0.239,Accept,Accept,Accept
P15,Bona_Fide,Standar,60cm,0.275,0.278,0.221,Accept,Accept,Accept
P15,Bona_Fide,Standar,60cm,0.269,0.311,0.210,Accept,Accept,Accept
P15,Bona_Fide,Standar,60cm,0.343,0.305,0.127,Accept,Accept,Accept
P15,Bona_Fide,Terang,30cm,0.235,0.268,0.254,Accept,Accept,Accept
P15,Bona_Fide,Terang,30cm,0.185,0.270,0.255,Accept,Accept,Accept
P15,Bona_Fide,Terang,30cm,0.308,0.255,0.136,Accept,Accept,Accept
P15,Bona_Fide,Terang,30cm,0.256,0.265,0.227,Accept,Accept,Accept
P15,Bona_Fide,Terang,30cm,0.239,0.303,0.243,Accept,Accept,Accept
P15,Bona_Fide,Terang,30cm,0.171,0.257,0.239,Accept,Accept,Accept
P15,Bona_Fide,Terang,30cm,0.190,0.285,0.153,Accept,Accept,Accept
P15,Bona_Fide,Terang,30cm,0.241,0.315,0.212,Accept,Accept,Accept
P15,Bona_Fide,Terang,30cm,0.223,0.291,0.223,Accept,Accept,Accept
P15,Bona_Fide,Terang,30cm,0.235,0.312,0.195,Accept,Accept,Accept
P15,Bona_Fide,Terang,45cm,0.198,0.318,0.136,Accept,Accept,Accept
P15,Bona_Fide,Terang,45cm,0.285,0.274,0.238,Accept,Accept,Accept
P15,Bona_Fide,Terang,45cm,0.240,0.322,0.197,Accept,Accept,Accept
P15,Bona_Fide,Terang,45cm,0.332,0.276,0.152,Accept,Accept,Accept
P15,Bona_Fide,Terang,45cm,0.316,0.267,0.138,Accept,Accept,Accept
P15,Bona_Fide,Terang,45cm,0.221,0.285,0.245,Accept,Accept,Accept
P15,Bona_Fide,Terang,45cm,0.226,0.307,0.190,Accept,Accept,Accept
P15,Bona_Fide,Terang,45cm,0.200,0.325,0.130,Accept,Accept,Accept
P15,Bona_Fide,Terang,45cm,0.230,0.260,0.260,Accept,Accept,Accept
P15,Bona_Fide,Terang,45cm,0.193,0.302,0.126,Accept,Accept,Accept
P15,Bona_Fide,Terang,60cm,0.303,0.268,0.164,Accept,Accept,Accept
P15,Bona_Fide,Terang,60cm,0.337,0.275,0.229,Accept,Accept,Accept
P15,Bona_Fide,Terang,60cm,0.322,0.262,0.165,Accept,Accept,Accept
P15,Bona_Fide,Terang,60cm,0.227,0.296,0.180,Accept,Accept,Accept
P15,Bona_Fide,Terang,60cm,0.267,0.313,0.151,Accept,Accept,Accept
P15,Bona_Fide,Terang,60cm,0.271,0.285,0.212,Accept,Accept,Accept
P15,Bona_Fide,Terang,60cm,0.368,0.290,0.180,Accept,Accept,Accept
P15,Bona_Fide,Terang,60cm,0.373,0.325,0.162,Accept,Accept,Accept
P15,Bona_Fide,Terang,60cm,0.322,0.277,0.129,Accept,Accept,Accept
P15,Bona_Fide,Terang,60cm,0.304,0.264,0.173,Accept,Accept,Accept
P16,Bona_Fide,Redup,30cm,0.227,0.279,0.194,Accept,Accept,Accept
P16,Bona_Fide,Redup,30cm,0.249,0.316,0.157,Accept,Accept,Accept
P16,Bona_Fide,Redup,30cm,0.246,0.308,0.131,Accept,Accept,Accept
P16,Bona_Fide,Redup,30cm,0.194,0.322,0.222,Accept,Accept,Accept
P16,Bona_Fide,Redup,30cm,0.252,0.307,0.211,Accept,Accept,Accept
P16,Bona_Fide,Redup,30cm,0.274,0.318,0.169,Accept,Accept,Accept
P16,Bona_Fide,Redup,30cm,0.342,0.275,0.260,Accept,Accept,Accept
P16,Bona_Fide,Redup,30cm,0.246,0.273,0.244,Accept,Accept,Accept
P16,Bona_Fide,Redup,30cm,0.212,0.273,0.228,Accept,Accept,Accept
P16,Bona_Fide,Redup,30cm,0.267,0.323,0.219,Accept,Accept,Accept
P16,Bona_Fide,Redup,45cm,0.231,0.284,0.139,Accept,Accept,Accept
P16,Bona_Fide,Redup,45cm,0.233,0.274,0.214,Accept,Accept,Accept
P16,Bona_Fide,Redup,45cm,0.215,0.292,0.259,Accept,Accept,Accept
P16,Bona_Fide,Redup,45cm,0.366,0.315,0.261,Accept,Accept,Accept
P16,Bona_Fide,Redup,45cm,0.285,0.258,0.131,Accept,Accept,Accept
P16,Bona_Fide,Redup,45cm,0.247,0.288,0.210,Accept,Accept,Accept
P16,Bona_Fide,Redup,45cm,0.351,0.322,0.261,Accept,Accept,Accept
P16,Bona_Fide,Redup,45cm,0.312,0.292,0.136,Accept,Accept,Accept
P16,Bona_Fide,Redup,45cm,0.369,0.263,0.151,Accept,Accept,Accept
P16,Bona_Fide,Redup,45cm,0.352,0.285,0.149,Accept,Accept,Accept
P16,Bona_Fide,Redup,60cm,0.431,0.282,0.148,Reject,Reject,Accept
P16,Bona_Fide,Redup,60cm,0.347,0.324,0.186,Accept,Accept,Accept
P16,Bona_Fide,Redup,60cm,0.311,0.313,0.245,Accept,Accept,Accept
P16,Bona_Fide,Redup,60cm,0.299,0.251,0.130,Accept,Accept,Accept
P16,Bona_Fide,Redup,60cm,0.310,0.258,0.164,Accept,Accept,Accept
P16,Bona_Fide,Redup,60cm,0.365,0.323,0.197,Accept,Accept,Accept
P16,Bona_Fide,Redup,60cm,0.366,0.302,0.233,Accept,Accept,Accept
P16,Bona_Fide,Redup,60cm,0.261,0.258,0.150,Accept,Accept,Accept
P16,Bona_Fide,Redup,60cm,0.271,0.283,0.179,Accept,Accept,Accept
P16,Bona_Fide,Redup,60cm,0.354,0.261,0.187,Accept,Accept,Accept
P16,Bona_Fide,Standar,30cm,0.256,0.282,0.135,Accept,Accept,Accept
P16,Bona_Fide,Standar,30cm,0.155,0.252,0.237,Accept,Accept,Accept
P16,Bona_Fide,Standar,30cm,0.258,0.289,0.196,Accept,Accept,Accept
P16,Bona_Fide,Standar,30cm,0.272,0.318,0.151,Accept,Accept,Accept
P16,Bona_Fide,Standar,30cm,0.268,0.320,0.137,Accept,Accept,Accept
P16,Bona_Fide,Standar,30cm,0.201,0.324,0.243,Accept,Accept,Accept
P16,Bona_Fide,Standar,30cm,0.217,0.277,0.188,Accept,Accept,Accept
P16,Bona_Fide,Standar,30cm,0.222,0.267,0.131,Accept,Accept,Accept
P16,Bona_Fide,Standar,30cm,0.264,0.292,0.261,Accept,Accept,Accept
P16,Bona_Fide,Standar,30cm,0.292,0.306,0.233,Accept,Accept,Accept
P16,Bona_Fide,Standar,45cm,0.174,0.300,0.255,Accept,Accept,Accept
P16,Bona_Fide,Standar,45cm,0.238,0.295,0.256,Accept,Accept,Accept
P16,Bona_Fide,Standar,45cm,0.212,0.290,0.137,Accept,Accept,Accept
P16,Bona_Fide,Standar,45cm,0.239,0.305,0.228,Accept,Accept,Accept
P16,Bona_Fide,Standar,45cm,0.210,0.253,0.244,Accept,Accept,Accept
P16,Bona_Fide,Standar,45cm,0.188,0.295,0.240,Accept,Accept,Accept
P16,Bona_Fide,Standar,45cm,0.195,0.312,0.154,Accept,Accept,Accept
P16,Bona_Fide,Standar,45cm,0.215,0.290,0.211,Accept,Accept,Accept
P16,Bona_Fide,Standar,45cm,0.187,0.256,0.222,Accept,Accept,Accept
P16,Bona_Fide,Standar,45cm,0.171,0.271,0.262,Accept,Accept,Accept
P16,Bona_Fide,Standar,60cm,0.337,0.266,0.227,Accept,Accept,Accept
P16,Bona_Fide,Standar,60cm,0.304,0.297,0.264,Accept,Accept,Accept
P16,Bona_Fide,Standar,60cm,0.237,0.273,0.169,Accept,Accept,Accept
P16,Bona_Fide,Standar,60cm,0.326,0.289,0.201,Accept,Accept,Accept
P16,Bona_Fide,Standar,60cm,0.251,0.291,0.231,Accept,Accept,Accept
P16,Bona_Fide,Standar,60cm,0.241,0.291,0.132,Accept,Accept,Accept
P16,Bona_Fide,Standar,60cm,0.326,0.325,0.163,Accept,Accept,Accept
P16,Bona_Fide,Standar,60cm,0.346,0.294,0.178,Accept,Accept,Accept
P16,Bona_Fide,Standar,60cm,0.249,0.323,0.213,Accept,Accept,Accept
P16,Bona_Fide,Standar,60cm,0.202,0.285,0.264,Accept,Accept,Accept
P16,Bona_Fide,Terang,30cm,0.162,0.265,0.211,Accept,Accept,Accept
P16,Bona_Fide,Terang,30cm,0.174,0.308,0.132,Accept,Accept,Accept
P16,Bona_Fide,Terang,30cm,0.240,0.294,0.262,Accept,Accept,Accept
P16,Bona_Fide,Terang,30cm,0.260,0.325,0.259,Accept,Accept,Accept
P16,Bona_Fide,Terang,30cm,0.214,0.299,0.213,Accept,Accept,Accept
P16,Bona_Fide,Terang,30cm,0.175,0.315,0.138,Accept,Accept,Accept
P16,Bona_Fide,Terang,30cm,0.301,0.275,0.254,Accept,Accept,Accept
P16,Bona_Fide,Terang,30cm,0.306,0.295,0.236,Accept,Accept,Accept
P16,Bona_Fide,Terang,30cm,0.307,0.292,0.195,Accept,Accept,Accept
P16,Bona_Fide,Terang,30cm,0.207,0.322,0.227,Accept,Accept,Accept
P16,Bona_Fide,Terang,45cm,0.202,0.257,0.169,Accept,Accept,Accept
P16,Bona_Fide,Terang,45cm,0.262,0.261,0.211,Accept,Accept,Accept
P16,Bona_Fide,Terang,45cm,0.206,0.266,0.221,Accept,Accept,Accept
P16,Bona_Fide,Terang,45cm,0.227,0.279,0.131,Accept,Accept,Accept
P16,Bona_Fide,Terang,45cm,0.305,0.296,0.157,Accept,Accept,Accept
P16,Bona_Fide,Terang,45cm,0.308,0.324,0.194,Accept,Accept,Accept
P16,Bona_Fide,Terang,45cm,0.319,0.292,0.238,Accept,Accept,Accept
P16,Bona_Fide,Terang,45cm,0.193,0.328,0.256,Accept,Accept,Accept
P16,Bona_Fide,Terang,45cm,0.272,0.284,0.137,Accept,Accept,Accept
P16,Bona_Fide,Terang,45cm,0.240,0.282,0.134,Accept,Accept,Accept
P16,Bona_Fide,Terang,60cm,0.361,0.304,0.182,Accept,Accept,Accept
P16,Bona_Fide,Terang,60cm,0.354,0.262,0.178,Accept,Accept,Accept
P16,Bona_Fide,Terang,60cm,0.268,0.328,0.212,Accept,Accept,Accept
P16,Bona_Fide,Terang,60cm,0.271,0.256,0.145,Accept,Accept,Accept
P16,Bona_Fide,Terang,60cm,0.293,0.328,0.185,Accept,Accept,Accept
P16,Bona_Fide,Terang,60cm,0.247,0.326,0.186,Accept,Accept,Accept
P16,Bona_Fide,Terang,60cm,0.326,0.312,0.206,Accept,Accept,Accept
P16,Bona_Fide,Terang,60cm,0.295,0.326,0.265,Accept,Accept,Accept
P16,Bona_Fide,Terang,60cm,0.295,0.265,0.170,Accept,Accept,Accept
P16,Bona_Fide,Terang,60cm,0.374,0.302,0.250,Accept,Accept,Accept
P17,Bona_Fide,Redup,30cm,0.239,0.324,0.176,Accept,Accept,Accept
P17,Bona_Fide,Redup,30cm,0.281,0.328,0.175,Accept,Accept,Accept
P17,Bona_Fide,Redup,30cm,0.189,0.313,0.154,Accept,Accept,Accept
P17,Bona_Fide,Redup,30cm,0.331,0.275,0.203,Accept,Accept,Accept
P17,Bona_Fide,Redup,30cm,0.226,0.263,0.188,Accept,Accept,Accept
P17,Bona_Fide,Redup,30cm,0.297,0.302,0.192,Accept,Accept,Accept
P17,Bona_Fide,Redup,30cm,0.254,0.269,0.138,Accept,Accept,Accept
P17,Bona_Fide,Redup,30cm,0.192,0.313,0.221,Accept,Accept,Accept
P17,Bona_Fide,Redup,30cm,0.224,0.328,0.210,Accept,Accept,Accept
P17,Bona_Fide,Redup,30cm,0.239,0.288,0.263,Accept,Accept,Accept
P17,Bona_Fide,Redup,45cm,0.269,0.316,0.157,Accept,Accept,Accept
P17,Bona_Fide,Redup,45cm,0.315,0.266,0.195,Accept,Accept,Accept
P17,Bona_Fide,Redup,45cm,0.224,0.290,0.236,Accept,Accept,Accept
P17,Bona_Fide,Redup,45cm,0.360,0.284,0.140,Accept,Accept,Accept
P17,Bona_Fide,Redup,45cm,0.286,0.304,0.154,Accept,Accept,Accept
P17,Bona_Fide,Redup,45cm,0.251,0.301,0.188,Accept,Accept,Accept
P17,Bona_Fide,Redup,45cm,0.304,0.326,0.243,Accept,Accept,Accept
P17,Bona_Fide,Redup,45cm,0.233,0.330,0.159,Accept,Accept,Accept
P17,Bona_Fide,Redup,45cm,0.225,0.285,0.169,Accept,Accept,Accept
P17,Bona_Fide,Redup,45cm,0.366,0.291,0.257,Accept,Accept,Accept
P17,Bona_Fide,Redup,60cm,0.278,0.296,0.129,Accept,Accept,Accept
P17,Bona_Fide,Redup,60cm,0.253,0.283,0.204,Accept,Accept,Accept
P17,Bona_Fide,Redup,60cm,0.243,0.290,0.129,Accept,Accept,Accept
P17,Bona_Fide,Redup,60cm,0.310,0.253,0.252,Accept,Accept,Accept
P17,Bona_Fide,Redup,60cm,0.453,0.325,0.140,Reject,Reject,Accept
P17,Bona_Fide,Redup,60cm,0.379,0.280,0.220,Accept,Accept,Accept
P17,Bona_Fide,Redup,60cm,0.312,0.324,0.251,Accept,Accept,Accept
P17,Bona_Fide,Redup,60cm,0.352,0.271,0.127,Accept,Accept,Accept
P17,Bona_Fide,Redup,60cm,0.314,0.286,0.161,Accept,Accept,Accept
P17,Bona_Fide,Redup,60cm,0.442,0.303,0.231,Reject,Reject,Accept
P17,Bona_Fide,Standar,30cm,0.197,0.312,0.212,Accept,Accept,Accept
P17,Bona_Fide,Standar,30cm,0.162,0.321,0.137,Accept,Accept,Accept
P17,Bona_Fide,Standar,30cm,0.197,0.294,0.253,Accept,Accept,Accept
P17,Bona_Fide,Standar,30cm,0.160,0.295,0.260,Accept,Accept,Accept
P17,Bona_Fide,Standar,30cm,0.257,0.261,0.209,Accept,Accept,Accept
P17,Bona_Fide,Standar,30cm,0.267,0.310,0.130,Accept,Accept,Accept
P17,Bona_Fide,Standar,30cm,0.229,0.287,0.260,Accept,Accept,Accept
P17,Bona_Fide,Standar,30cm,0.165,0.255,0.244,Accept,Accept,Accept
P17,Bona_Fide,Standar,30cm,0.262,0.319,0.189,Accept,Accept,Accept
P17,Bona_Fide,Standar,30cm,0.154,0.279,0.179,Accept,Accept,Accept
P17,Bona_Fide,Standar,45cm,0.321,0.272,0.158,Accept,Accept,Accept
P17,Bona_Fide,Standar,45cm,0.192,0.314,0.195,Accept,Accept,Accept
P17,Bona_Fide,Standar,45cm,0.287,0.270,0.239,Accept,Accept,Accept
P17,Bona_Fide,Standar,45cm,0.248,0.295,0.261,Accept,Accept,Accept
P17,Bona_Fide,Standar,45cm,0.299,0.257,0.170,Accept,Accept,Accept
P17,Bona_Fide,Standar,45cm,0.325,0.327,0.212,Accept,Accept,Accept
P17,Bona_Fide,Standar,45cm,0.227,0.261,0.223,Accept,Accept,Accept
P17,Bona_Fide,Standar,45cm,0.219,0.285,0.239,Accept,Accept,Accept
P17,Bona_Fide,Standar,45cm,0.315,0.270,0.153,Accept,Accept,Accept
P17,Bona_Fide,Standar,45cm,0.245,0.303,0.189,Accept,Accept,Accept
P17,Bona_Fide,Standar,60cm,0.306,0.290,0.185,Accept,Accept,Accept
P17,Bona_Fide,Standar,60cm,0.250,0.295,0.186,Accept,Accept,Accept
P17,Bona_Fide,Standar,60cm,0.224,0.272,0.206,Accept,Accept,Accept
P17,Bona_Fide,Standar,60cm,0.241,0.326,0.149,Accept,Accept,Accept
P17,Bona_Fide,Standar,60cm,0.338,0.314,0.184,Accept,Accept,Accept
P17,Bona_Fide,Standar,60cm,0.338,0.266,0.180,Accept,Accept,Accept
P17,Bona_Fide,Standar,60cm,0.320,0.264,0.214,Accept,Accept,Accept
P17,Bona_Fide,Standar,60cm,0.247,0.265,0.131,Accept,Accept,Accept
P17,Bona_Fide,Standar,60cm,0.252,0.268,0.161,Accept,Accept,Accept
P17,Bona_Fide,Standar,60cm,0.198,0.284,0.222,Accept,Accept,Accept
P17,Bona_Fide,Terang,30cm,0.319,0.262,0.131,Accept,Accept,Accept
P17,Bona_Fide,Terang,30cm,0.178,0.272,0.238,Accept,Accept,Accept
P17,Bona_Fide,Terang,30cm,0.244,0.266,0.194,Accept,Accept,Accept
P17,Bona_Fide,Terang,30cm,0.217,0.312,0.169,Accept,Accept,Accept
P17,Bona_Fide,Terang,30cm,0.160,0.324,0.259,Accept,Accept,Accept
P17,Bona_Fide,Terang,30cm,0.306,0.285,0.221,Accept,Accept,Accept
P17,Bona_Fide,Terang,30cm,0.187,0.319,0.210,Accept,Accept,Accept
P17,Bona_Fide,Terang,30cm,0.228,0.329,0.153,Accept,Accept,Accept
P17,Bona_Fide,Terang,30cm,0.192,0.313,0.239,Accept,Accept,Accept
P17,Bona_Fide,Terang,30cm,0.163,0.251,0.146,Accept,Accept,Accept
P17,Bona_Fide,Terang,45cm,0.291,0.264,0.259,Accept,Accept,Accept
P17,Bona_Fide,Terang,45cm,0.319,0.293,0.254,Accept,Accept,Accept
P17,Bona_Fide,Terang,45cm,0.276,0.290,0.138,Accept,Accept,Accept
P17,Bona_Fide,Terang,45cm,0.344,0.288,0.211,Accept,Accept,Accept
P17,Bona_Fide,Terang,45cm,0.261,0.268,0.261,Accept,Accept,Accept
P17,Bona_Fide,Terang,45cm,0.262,0.277,0.262,Accept,Accept,Accept
P17,Bona_Fide,Terang,45cm,0.212,0.253,0.132,Accept,Accept,Accept
P17,Bona_Fide,Terang,45cm,0.233,0.252,0.189,Accept,Accept,Accept
P17,Bona_Fide,Terang,45cm,0.242,0.297,0.244,Accept,Accept,Accept
P17,Bona_Fide,Terang,45cm,0.247,0.286,0.175,Accept,Accept,Accept
P17,Bona_Fide,Terang,60cm,0.355,0.283,0.245,Accept,Accept,Accept
P17,Bona_Fide,Terang,60cm,0.259,0.277,0.147,Accept,Accept,Accept
P17,Bona_Fide,Terang,60cm,0.294,0.291,0.147,Accept,Accept,Accept
P17,Bona_Fide,Terang,60cm,0.323,0.325,0.198,Accept,Accept,Accept
P17,Bona_Fide,Terang,60cm,0.249,0.253,0.234,Accept,Accept,Accept
P17,Bona_Fide,Terang,60cm,0.289,0.292,0.131,Accept,Accept,Accept
P17,Bona_Fide,Terang,60cm,0.357,0.327,0.164,Accept,Accept,Accept
P17,Bona_Fide,Terang,60cm,0.242,0.318,0.180,Accept,Accept,Accept
P17,Bona_Fide,Terang,60cm,0.282,0.302,0.211,Accept,Accept,Accept
P17,Bona_Fide,Terang,60cm,0.250,0.276,0.199,Accept,Accept,Accept
P18,Bona_Fide,Redup,30cm,0.258,0.255,0.263,Accept,Accept,Accept
P18,Bona_Fide,Redup,30cm,0.188,0.296,0.226,Accept,Accept,Accept
P18,Bona_Fide,Redup,30cm,0.280,0.260,0.201,Accept,Accept,Accept
P18,Bona_Fide,Redup,30cm,0.279,0.266,0.161,Accept,Accept,Accept
P18,Bona_Fide,Redup,30cm,0.208,0.262,0.131,Accept,Accept,Accept
P18,Bona_Fide,Redup,30cm,0.218,0.270,0.229,Accept,Accept,Accept
P18,Bona_Fide,Redup,30cm,0.338,0.297,0.199,Accept,Accept,Accept
P18,Bona_Fide,Redup,30cm,0.266,0.318,0.184,Accept,Accept,Accept
P18,Bona_Fide,Redup,30cm,0.262,0.328,0.149,Accept,Accept,Accept
P18,Bona_Fide,Redup,30cm,0.290,0.285,0.214,Accept,Accept,Accept
P18,Bona_Fide,Redup,45cm,0.336,0.285,0.229,Accept,Accept,Accept
P18,Bona_Fide,Redup,45cm,0.333,0.278,0.163,Accept,Accept,Accept
P18,Bona_Fide,Redup,45cm,0.318,0.267,0.169,Accept,Accept,Accept
P18,Bona_Fide,Redup,45cm,0.235,0.314,0.180,Accept,Accept,Accept
P18,Bona_Fide,Redup,45cm,0.273,0.268,0.212,Accept,Accept,Accept
P18,Bona_Fide,Redup,45cm,0.300,0.296,0.151,Accept,Accept,Accept
P18,Bona_Fide,Redup,45cm,0.363,0.320,0.180,Accept,Accept,Accept
P18,Bona_Fide,Redup,45cm,0.349,0.282,0.196,Accept,Accept,Accept
P18,Bona_Fide,Redup,45cm,0.365,0.263,0.232,Accept,Accept,Accept
P18,Bona_Fide,Redup,45cm,0.285,0.265,0.168,Accept,Accept,Accept
P18,Bona_Fide,Redup,60cm,0.317,0.298,0.238,Accept,Accept,Accept
P18,Bona_Fide,Redup,60cm,0.281,0.262,0.136,Accept,Accept,Accept
P18,Bona_Fide,Redup,60cm,0.370,0.305,0.155,Accept,Accept,Accept
P18,Bona_Fide,Redup,60cm,0.311,0.317,0.189,Accept,Accept,Accept
P18,Bona_Fide,Redup,60cm,0.318,0.251,0.244,Accept,Accept,Accept
P18,Bona_Fide,Redup,60cm,0.304,0.314,0.137,Accept,Accept,Accept
P18,Bona_Fide,Redup,60cm,0.433,0.285,0.152,Reject,Reject,Accept
P18,Bona_Fide,Redup,60cm,0.422,0.264,0.210,Reject,Reject,Accept
P18,Bona_Fide,Redup,60cm,0.439,0.297,0.260,Reject,Reject,Accept
P18,Bona_Fide,Redup,60cm,0.244,0.265,0.170,Accept,Accept,Accept
P18,Bona_Fide,Standar,30cm,0.295,0.306,0.166,Accept,Accept,Accept
P18,Bona_Fide,Standar,30cm,0.265,0.296,0.166,Accept,Accept,Accept
P18,Bona_Fide,Standar,30cm,0.297,0.310,0.165,Accept,Accept,Accept
P18,Bona_Fide,Standar,30cm,0.250,0.277,0.215,Accept,Accept,Accept
P18,Bona_Fide,Standar,30cm,0.241,0.318,0.178,Accept,Accept,Accept
P18,Bona_Fide,Standar,30cm,0.189,0.290,0.183,Accept,Accept,Accept
P18,Bona_Fide,Standar,30cm,0.247,0.264,0.149,Accept,Accept,Accept
P18,Bona_Fide,Standar,30cm,0.248,0.284,0.230,Accept,Accept,Accept
P18,Bona_Fide,Standar,30cm,0.172,0.310,0.199,Accept,Accept,Accept
P18,Bona_Fide,Standar,30cm,0.161,0.315,0.217,Accept,Accept,Accept
P18,Bona_Fide,Standar,45cm,0.232,0.270,0.166,Accept,Accept,Accept
P18,Bona_Fide,Standar,45cm,0.286,0.308,0.204,Accept,Accept,Accept
P18,Bona_Fide,Standar,45cm,0.187,0.261,0.224,Accept,Accept,Accept
P18,Bona_Fide,Standar,45cm,0.173,0.250,0.128,Accept,Accept,Accept
P18,Bona_Fide,Standar,45cm,0.204,0.260,0.163,Accept,Accept,Accept
P18,Bona_Fide,Standar,45cm,0.240,0.330,0.197,Accept,Accept,Accept
P18,Bona_Fide,Standar,45cm,0.308,0.304,0.231,Accept,Accept,Accept
P18,Bona_Fide,Standar,45cm,0.267,0.310,0.150,Accept,Accept,Accept
P18,Bona_Fide,Standar,45cm,0.321,0.292,0.181,Accept,Accept,Accept
P18,Bona_Fide,Standar,45cm,0.236,0.303,0.151,Accept,Accept,Accept
P18,Bona_Fide,Standar,60cm,0.220,0.329,0.138,Accept,Accept,Accept
P18,Bona_Fide,Standar,60cm,0.341,0.324,0.213,Accept,Accept,Accept
P18,Bona_Fide,Standar,60cm,0.324,0.260,0.257,Accept,Accept,Accept
P18,Bona_Fide,Standar,60cm,0.276,0.300,0.240,Accept,Accept,Accept
P18,Bona_Fide,Standar,60cm,0.298,0.281,0.150,Accept,Accept,Accept
P18,Bona_Fide,Standar,60cm,0.340,0.309,0.229,Accept,Accept,Accept
P18,Bona_Fide,Standar,60cm,0.290,0.303,0.240,Accept,Accept,Accept
P18,Bona_Fide,Standar,60cm,0.345,0.250,0.258,Accept,Accept,Accept
P18,Bona_Fide,Standar,60cm,0.207,0.293,0.172,Accept,Accept,Accept
P18,Bona_Fide,Standar,60cm,0.356,0.323,0.185,Accept,Accept,Accept
P18,Bona_Fide,Terang,30cm,0.180,0.257,0.222,Accept,Accept,Accept
P18,Bona_Fide,Terang,30cm,0.270,0.266,0.147,Accept,Accept,Accept
P18,Bona_Fide,Terang,30cm,0.282,0.323,0.242,Accept,Accept,Accept
P18,Bona_Fide,Terang,30cm,0.187,0.308,0.250,Accept,Accept,Accept
P18,Bona_Fide,Terang,30cm,0.300,0.275,0.220,Accept,Accept,Accept
P18,Bona_Fide,Terang,30cm,0.285,0.323,0.141,Accept,Accept,Accept
P18,Bona_Fide,Terang,30cm,0.282,0.300,0.250,Accept,Accept,Accept
P18,Bona_Fide,Terang,30cm,0.215,0.309,0.234,Accept,Accept,Accept
P18,Bona_Fide,Terang,30cm,0.236,0.290,0.200,Accept,Accept,Accept
P18,Bona_Fide,Terang,30cm,0.179,0.294,0.157,Accept,Accept,Accept
P18,Bona_Fide,Terang,45cm,0.223,0.326,0.148,Accept,Accept,Accept
P18,Bona_Fide,Terang,45cm,0.281,0.288,0.185,Accept,Accept,Accept
P18,Bona_Fide,Terang,45cm,0.246,0.321,0.250,Accept,Accept,Accept
P18,Bona_Fide,Terang,45cm,0.265,0.282,0.130,Accept,Accept,Accept
P18,Bona_Fide,Terang,45cm,0.291,0.323,0.159,Accept,Accept,Accept
P18,Bona_Fide,Terang,45cm,0.194,0.314,0.201,Accept,Accept,Accept
P18,Bona_Fide,Terang,45cm,0.207,0.328,0.232,Accept,Accept,Accept
P18,Bona_Fide,Terang,45cm,0.212,0.311,0.248,Accept,Accept,Accept
P18,Bona_Fide,Terang,45cm,0.217,0.299,0.142,Accept,Accept,Accept
P18,Bona_Fide,Terang,45cm,0.227,0.256,0.204,Accept,Accept,Accept
P18,Bona_Fide,Terang,60cm,0.368,0.264,0.176,Accept,Accept,Accept
P18,Bona_Fide,Terang,60cm,0.347,0.270,0.176,Accept,Accept,Accept
P18,Bona_Fide,Terang,60cm,0.343,0.323,0.217,Accept,Accept,Accept
P18,Bona_Fide,Terang,60cm,0.272,0.314,0.158,Accept,Accept,Accept
P18,Bona_Fide,Terang,60cm,0.355,0.301,0.173,Accept,Accept,Accept
P18,Bona_Fide,Terang,60cm,0.220,0.253,0.169,Accept,Accept,Accept
P18,Bona_Fide,Terang,60cm,0.326,0.251,0.224,Accept,Accept,Accept
P18,Bona_Fide,Terang,60cm,0.370,0.291,0.141,Accept,Accept,Accept
P18,Bona_Fide,Terang,60cm,0.292,0.296,0.150,Accept,Accept,Accept
P18,Bona_Fide,Terang,60cm,0.255,0.300,0.209,Accept,Accept,Accept
P01,Print_Attack,Redup,30cm,0.288,0.284,0.049,Accept,Reject,Reject
P01,Print_Attack,Redup,30cm,0.290,0.286,0.058,Accept,Reject,Reject
P01,Print_Attack,Redup,30cm,0.265,0.301,0.071,Accept,Reject,Reject
P01,Print_Attack,Redup,30cm,0.269,0.299,0.046,Accept,Reject,Reject
P01,Print_Attack,Redup,30cm,0.217,0.282,0.053,Accept,Reject,Reject
P01,Print_Attack,Redup,30cm,0.234,0.290,0.061,Accept,Reject,Reject
P01,Print_Attack,Redup,30cm,0.241,0.302,0.069,Accept,Reject,Reject
P01,Print_Attack,Redup,30cm,0.259,0.300,0.072,Accept,Reject,Reject
P01,Print_Attack,Redup,30cm,0.308,0.301,0.048,Accept,Reject,Reject
P01,Print_Attack,Redup,30cm,0.347,0.300,0.062,Accept,Reject,Reject
P01,Print_Attack,Redup,45cm,0.260,0.286,0.066,Accept,Reject,Reject
P01,Print_Attack,Redup,45cm,0.378,0.300,0.049,Accept,Reject,Reject
P01,Print_Attack,Redup,45cm,0.335,0.300,0.071,Accept,Reject,Reject
P01,Print_Attack,Redup,45cm,0.284,0.285,0.072,Accept,Reject,Reject
P01,Print_Attack,Redup,45cm,0.364,0.293,0.065,Accept,Reject,Reject
P01,Print_Attack,Redup,45cm,0.362,0.297,0.049,Accept,Reject,Reject
P01,Print_Attack,Redup,45cm,0.334,0.294,0.071,Accept,Reject,Reject
P01,Print_Attack,Redup,45cm,0.251,0.301,0.068,Accept,Reject,Reject
P01,Print_Attack,Redup,45cm,0.332,0.303,0.061,Accept,Reject,Reject
P01,Print_Attack,Redup,45cm,0.256,0.293,0.047,Accept,Reject,Reject
P01,Print_Attack,Redup,60cm,0.283,0.292,0.060,Accept,Reject,Reject
P01,Print_Attack,Redup,60cm,0.288,0.293,0.052,Accept,Reject,Reject
P01,Print_Attack,Redup,60cm,0.346,0.285,0.047,Accept,Reject,Reject
P01,Print_Attack,Redup,60cm,0.373,0.286,0.065,Accept,Reject,Reject
P01,Print_Attack,Redup,60cm,0.277,0.288,0.063,Accept,Reject,Reject
P01,Print_Attack,Redup,60cm,0.348,0.303,0.055,Accept,Reject,Reject
P01,Print_Attack,Redup,60cm,0.328,0.284,0.074,Accept,Reject,Reject
P01,Print_Attack,Redup,60cm,0.304,0.295,0.062,Accept,Reject,Reject
P01,Print_Attack,Redup,60cm,0.367,0.288,0.059,Accept,Reject,Reject
P01,Print_Attack,Redup,60cm,0.348,0.283,0.071,Accept,Reject,Reject
P01,Print_Attack,Standar,30cm,0.301,0.299,0.065,Accept,Reject,Reject
P01,Print_Attack,Standar,30cm,0.201,0.300,0.074,Accept,Reject,Reject
P01,Print_Attack,Standar,30cm,0.195,0.297,0.055,Accept,Reject,Reject
P01,Print_Attack,Standar,30cm,0.305,0.289,0.059,Accept,Reject,Reject
P01,Print_Attack,Standar,30cm,0.216,0.291,0.069,Accept,Reject,Reject
P01,Print_Attack,Standar,30cm,0.214,0.300,0.047,Accept,Reject,Reject
P01,Print_Attack,Standar,30cm,0.232,0.293,0.052,Accept,Reject,Reject
P01,Print_Attack,Standar,30cm,0.265,0.281,0.056,Accept,Reject,Reject
P01,Print_Attack,Standar,30cm,0.276,0.301,0.064,Accept,Reject,Reject
P01,Print_Attack,Standar,30cm,0.204,0.301,0.062,Accept,Reject,Reject
P01,Print_Attack,Standar,45cm,0.262,0.291,0.053,Accept,Reject,Reject
P01,Print_Attack,Standar,45cm,0.259,0.304,0.066,Accept,Reject,Reject
P01,Print_Attack,Standar,45cm,0.255,0.285,0.055,Accept,Reject,Reject
P01,Print_Attack,Standar,45cm,0.237,0.300,0.056,Accept,Reject,Reject
P01,Print_Attack,Standar,45cm,0.296,0.302,0.051,Accept,Reject,Reject
P01,Print_Attack,Standar,45cm,0.258,0.282,0.065,Accept,Reject,Reject
P01,Print_Attack,Standar,45cm,0.259,0.285,0.055,Accept,Reject,Reject
P01,Print_Attack,Standar,45cm,0.311,0.302,0.052,Accept,Reject,Reject
P01,Print_Attack,Standar,45cm,0.231,0.298,0.047,Accept,Reject,Reject
P01,Print_Attack,Standar,45cm,0.313,0.295,0.051,Accept,Reject,Reject
P01,Print_Attack,Standar,60cm,0.246,0.292,0.046,Accept,Reject,Reject
P01,Print_Attack,Standar,60cm,0.279,0.292,0.069,Accept,Reject,Reject
P01,Print_Attack,Standar,60cm,0.366,0.290,0.061,Accept,Reject,Reject
P01,Print_Attack,Standar,60cm,0.232,0.281,0.050,Accept,Reject,Reject
P01,Print_Attack,Standar,60cm,0.265,0.301,0.049,Accept,Reject,Reject
P01,Print_Attack,Standar,60cm,0.289,0.292,0.071,Accept,Reject,Reject
P01,Print_Attack,Standar,60cm,0.308,0.304,0.058,Accept,Reject,Reject
P01,Print_Attack,Standar,60cm,0.350,0.292,0.046,Accept,Reject,Reject
P01,Print_Attack,Standar,60cm,0.262,0.303,0.074,Accept,Reject,Reject
P01,Print_Attack,Standar,60cm,0.347,0.292,0.050,Accept,Reject,Reject
P01,Print_Attack,Terang,30cm,0.289,0.289,0.064,Accept,Reject,Reject
P01,Print_Attack,Terang,30cm,0.217,0.302,0.051,Accept,Reject,Reject
P01,Print_Attack,Terang,30cm,0.235,0.296,0.056,Accept,Reject,Reject
P01,Print_Attack,Terang,30cm,0.272,0.291,0.059,Accept,Reject,Reject
P01,Print_Attack,Terang,30cm,0.275,0.303,0.062,Accept,Reject,Reject
P01,Print_Attack,Terang,30cm,0.231,0.297,0.048,Accept,Reject,Reject
P01,Print_Attack,Terang,30cm,0.298,0.280,0.060,Accept,Reject,Reject
P01,Print_Attack,Terang,30cm,0.303,0.297,0.063,Accept,Reject,Reject
P01,Print_Attack,Terang,30cm,0.305,0.290,0.065,Accept,Reject,Reject
P01,Print_Attack,Terang,30cm,0.233,0.282,0.071,Accept,Reject,Reject
P01,Print_Attack,Terang,45cm,0.237,0.285,0.047,Accept,Reject,Reject
P01,Print_Attack,Terang,45cm,0.267,0.285,0.069,Accept,Reject,Reject
P01,Print_Attack,Terang,45cm,0.317,0.301,0.060,Accept,Reject,Reject
P01,Print_Attack,Terang,45cm,0.345,0.298,0.051,Accept,Reject,Reject
P01,Print_Attack,Terang,45cm,0.313,0.295,0.048,Accept,Reject,Reject
P01,Print_Attack,Terang,45cm,0.228,0.285,0.070,Accept,Reject,Reject
P01,Print_Attack,Terang,45cm,0.322,0.292,0.058,Accept,Reject,Reject
P01,Print_Attack,Terang,45cm,0.221,0.293,0.055,Accept,Reject,Reject
P01,Print_Attack,Terang,45cm,0.229,0.297,0.053,Accept,Reject,Reject
P01,Print_Attack,Terang,45cm,0.224,0.283,0.066,Accept,Reject,Reject
P01,Print_Attack,Terang,60cm,0.288,0.297,0.075,Accept,Reject,Reject
P01,Print_Attack,Terang,60cm,0.351,0.284,0.046,Accept,Reject,Reject
P01,Print_Attack,Terang,60cm,0.320,0.305,0.062,Accept,Reject,Reject
P01,Print_Attack,Terang,60cm,0.364,0.303,0.048,Accept,Reject,Reject
P01,Print_Attack,Terang,60cm,0.348,0.284,0.072,Accept,Reject,Reject
P01,Print_Attack,Terang,60cm,0.332,0.286,0.072,Accept,Reject,Reject
P01,Print_Attack,Terang,60cm,0.258,0.287,0.065,Accept,Reject,Reject
P01,Print_Attack,Terang,60cm,0.333,0.292,0.053,Accept,Reject,Reject
P01,Print_Attack,Terang,60cm,0.378,0.302,0.046,Accept,Reject,Reject
P01,Print_Attack,Terang,60cm,0.293,0.295,0.067,Accept,Reject,Reject
P02,Print_Attack,Redup,30cm,0.239,0.294,0.049,Accept,Reject,Reject
P02,Print_Attack,Redup,30cm,0.255,0.287,0.062,Accept,Reject,Reject
P02,Print_Attack,Redup,30cm,0.273,0.304,0.058,Accept,Reject,Reject
P02,Print_Attack,Redup,30cm,0.245,0.294,0.057,Accept,Reject,Reject
P02,Print_Attack,Redup,30cm,0.314,0.289,0.050,Accept,Reject,Reject
P02,Print_Attack,Redup,30cm,0.326,0.290,0.064,Accept,Reject,Reject
P02,Print_Attack,Redup,30cm,0.276,0.281,0.056,Accept,Reject,Reject
P02,Print_Attack,Redup,30cm,0.274,0.292,0.053,Accept,Reject,Reject
P02,Print_Attack,Redup,30cm,0.343,0.281,0.047,Accept,Reject,Reject
P02,Print_Attack,Redup,30cm,0.216,0.287,0.062,Accept,Reject,Reject
P02,Print_Attack,Redup,45cm,0.244,0.294,0.071,Accept,Reject,Reject
P02,Print_Attack,Redup,45cm,0.347,0.293,0.050,Accept,Reject,Reject
P02,Print_Attack,Redup,45cm,0.350,0.298,0.050,Accept,Reject,Reject
P02,Print_Attack,Redup,45cm,0.292,0.297,0.060,Accept,Reject,Reject
P02,Print_Attack,Redup,45cm,0.241,0.299,0.068,Accept,Reject,Reject
P02,Print_Attack,Redup,45cm,0.243,0.285,0.046,Accept,Reject,Reject
P02,Print_Attack,Redup,45cm,0.284,0.297,0.053,Accept,Reject,Reject
P02,Print_Attack,Redup,45cm,0.264,0.296,0.057,Accept,Reject,Reject
P02,Print_Attack,Redup,45cm,0.312,0.291,0.063,Accept,Reject,Reject
P02,Print_Attack,Redup,45cm,0.277,0.288,0.046,Accept,Reject,Reject
P02,Print_Attack,Redup,60cm,0.280,0.289,0.074,Accept,Reject,Reject
P02,Print_Attack,Redup,60cm,0.348,0.298,0.073,Accept,Reject,Reject
P02,Print_Attack,Redup,60cm,0.323,0.297,0.048,Accept,Reject,Reject
P02,Print_Attack,Redup,60cm,0.300,0.285,0.063,Accept,Reject,Reject
P02,Print_Attack,Redup,60cm,0.340,0.304,0.074,Accept,Reject,Reject
P02,Print_Attack,Redup,60cm,0.313,0.281,0.074,Accept,Reject,Reject
P02,Print_Attack,Redup,60cm,0.273,0.298,0.046,Accept,Reject,Reject
P02,Print_Attack,Redup,60cm,0.267,0.300,0.059,Accept,Reject,Reject
P02,Print_Attack,Redup,60cm,0.388,0.290,0.070,Accept,Reject,Reject
P02,Print_Attack,Redup,60cm,0.293,0.293,0.073,Accept,Reject,Reject
P02,Print_Attack,Standar,30cm,0.248,0.299,0.056,Accept,Reject,Reject
P02,Print_Attack,Standar,30cm,0.287,0.287,0.055,Accept,Reject,Reject
P02,Print_Attack,Standar,30cm,0.301,0.285,0.065,Accept,Reject,Reject
P02,Print_Attack,Standar,30cm,0.197,0.282,0.052,Accept,Reject,Reject
P02,Print_Attack,Standar,30cm,0.305,0.297,0.055,Accept,Reject,Reject
P02,Print_Attack,Standar,30cm,0.235,0.295,0.055,Accept,Reject,Reject
P02,Print_Attack,Standar,30cm,0.215,0.299,0.065,Accept,Reject,Reject
P02,Print_Attack,Standar,30cm,0.266,0.285,0.048,Accept,Reject,Reject
P02,Print_Attack,Standar,30cm,0.315,0.294,0.051,Accept,Reject,Reject
P02,Print_Attack,Standar,30cm,0.231,0.297,0.061,Accept,Reject,Reject
P02,Print_Attack,Standar,45cm,0.305,0.297,0.060,Accept,Reject,Reject
P02,Print_Attack,Standar,45cm,0.234,0.298,0.052,Accept,Reject,Reject
P02,Print_Attack,Standar,45cm,0.299,0.289,0.047,Accept,Reject,Reject
P02,Print_Attack,Standar,45cm,0.337,0.300,0.066,Accept,Reject,Reject
P02,Print_Attack,Standar,45cm,0.251,0.302,0.063,Accept,Reject,Reject
P02,Print_Attack,Standar,45cm,0.245,0.293,0.055,Accept,Reject,Reject
P02,Print_Attack,Standar,45cm,0.233,0.298,0.074,Accept,Reject,Reject
P02,Print_Attack,Standar,45cm,0.244,0.290,0.062,Accept,Reject,Reject
P02,Print_Attack,Standar,45cm,0.318,0.283,0.058,Accept,Reject,Reject
P02,Print_Attack,Standar,45cm,0.295,0.289,0.046,Accept,Reject,Reject
P02,Print_Attack,Standar,60cm,0.329,0.291,0.067,Accept,Reject,Reject
P02,Print_Attack,Standar,60cm,0.229,0.280,0.050,Accept,Reject,Reject
P02,Print_Attack,Standar,60cm,0.335,0.304,0.071,Accept,Reject,Reject
P02,Print_Attack,Standar,60cm,0.281,0.300,0.073,Accept,Reject,Reject
P02,Print_Attack,Standar,60cm,0.232,0.283,0.065,Accept,Reject,Reject
P02,Print_Attack,Standar,60cm,0.292,0.287,0.049,Accept,Reject,Reject
P02,Print_Attack,Standar,60cm,0.273,0.284,0.072,Accept,Reject,Reject
P02,Print_Attack,Standar,60cm,0.352,0.296,0.068,Accept,Reject,Reject
P02,Print_Attack,Standar,60cm,0.302,0.298,0.061,Accept,Reject,Reject
P02,Print_Attack,Standar,60cm,0.235,0.304,0.054,Accept,Reject,Reject
P02,Print_Attack,Terang,30cm,0.237,0.304,0.063,Accept,Reject,Reject
P02,Print_Attack,Terang,30cm,0.303,0.290,0.050,Accept,Reject,Reject
P02,Print_Attack,Terang,30cm,0.322,0.294,0.057,Accept,Reject,Reject
P02,Print_Attack,Terang,30cm,0.310,0.288,0.057,Accept,Reject,Reject
P02,Print_Attack,Terang,30cm,0.213,0.298,0.063,Accept,Reject,Reject
P02,Print_Attack,Terang,30cm,0.327,0.293,0.049,Accept,Reject,Reject
P02,Print_Attack,Terang,30cm,0.214,0.304,0.058,Accept,Reject,Reject
P02,Print_Attack,Terang,30cm,0.328,0.286,0.062,Accept,Reject,Reject
P02,Print_Attack,Terang,30cm,0.250,0.287,0.066,Accept,Reject,Reject
P02,Print_Attack,Terang,30cm,0.270,0.303,0.058,Accept,Reject,Reject
P02,Print_Attack,Terang,45cm,0.236,0.298,0.047,Accept,Reject,Reject
P02,Print_Attack,Terang,45cm,0.267,0.297,0.068,Accept,Reject,Reject
P02,Print_Attack,Terang,45cm,0.238,0.295,0.061,Accept,Reject,Reject
P02,Print_Attack,Terang,45cm,0.337,0.287,0.050,Accept,Reject,Reject
P02,Print_Attack,Terang,45cm,0.264,0.281,0.049,Accept,Reject,Reject
P02,Print_Attack,Terang,45cm,0.341,0.297,0.071,Accept,Reject,Reject
P02,Print_Attack,Terang,45cm,0.334,0.283,0.058,Accept,Reject,Reject
P02,Print_Attack,Terang,45cm,0.325,0.284,0.054,Accept,Reject,Reject
P02,Print_Attack,Terang,45cm,0.334,0.297,0.053,Accept,Reject,Reject
P02,Print_Attack,Terang,45cm,0.337,0.295,0.047,Accept,Reject,Reject
P02,Print_Attack,Terang,60cm,0.359,0.284,0.074,Accept,Reject,Reject
P02,Print_Attack,Terang,60cm,0.285,0.297,0.075,Accept,Reject,Reject
P02,Print_Attack,Terang,60cm,0.316,0.300,0.063,Accept,Reject,Reject
P02,Print_Attack,Terang,60cm,0.294,0.294,0.047,Accept,Reject,Reject
P02,Print_Attack,Terang,60cm,0.379,0.296,0.073,Accept,Reject,Reject
P02,Print_Attack,Terang,60cm,0.344,0.297,0.073,Accept,Reject,Reject
P02,Print_Attack,Terang,60cm,0.312,0.302,0.064,Accept,Reject,Reject
P02,Print_Attack,Terang,60cm,0.373,0.284,0.052,Accept,Reject,Reject
P02,Print_Attack,Terang,60cm,0.277,0.304,0.047,Accept,Reject,Reject
P02,Print_Attack,Terang,60cm,0.268,0.289,0.053,Accept,Reject,Reject
P03,Print_Attack,Redup,30cm,0.238,0.304,0.063,Accept,Reject,Reject
P03,Print_Attack,Redup,30cm,0.282,0.281,0.054,Accept,Reject,Reject
P03,Print_Attack,Redup,30cm,0.330,0.289,0.045,Accept,Reject,Reject
P03,Print_Attack,Redup,30cm,0.301,0.283,0.068,Accept,Reject,Reject
P03,Print_Attack,Redup,30cm,0.351,0.281,0.061,Accept,Reject,Reject
P03,Print_Attack,Redup,30cm,0.272,0.294,0.053,Accept,Reject,Reject
P03,Print_Attack,Redup,30cm,0.295,0.283,0.046,Accept,Reject,Reject
P03,Print_Attack,Redup,30cm,0.310,0.285,0.072,Accept,Reject,Reject
P03,Print_Attack,Redup,30cm,0.300,0.303,0.065,Accept,Reject,Reject
P03,Print_Attack,Redup,30cm,0.304,0.302,0.062,Accept,Reject,Reject
P03,Print_Attack,Redup,45cm,0.306,0.304,0.045,Accept,Reject,Reject
P03,Print_Attack,Redup,45cm,0.347,0.287,0.062,Accept,Reject,Reject
P03,Print_Attack,Redup,45cm,0.373,0.294,0.075,Accept,Reject,Reject
P03,Print_Attack,Redup,45cm,0.366,0.286,0.071,Accept,Reject,Reject
P03,Print_Attack,Redup,45cm,0.345,0.304,0.049,Accept,Reject,Reject
P03,Print_Attack,Redup,45cm,0.307,0.302,0.065,Accept,Reject,Reject
P03,Print_Attack,Redup,45cm,0.264,0.298,0.072,Accept,Reject,Reject
P03,Print_Attack,Redup,45cm,0.346,0.304,0.046,Accept,Reject,Reject
P03,Print_Attack,Redup,45cm,0.344,0.288,0.052,Accept,Reject,Reject
P03,Print_Attack,Redup,45cm,0.367,0.285,0.046,Accept,Reject,Reject
P03,Print_Attack,Redup,60cm,0.362,0.303,0.052,Accept,Reject,Reject
P03,Print_Attack,Redup,60cm,0.389,0.299,0.059,Accept,Reject,Reject
P03,Print_Attack,Redup,60cm,0.324,0.289,0.069,Accept,Reject,Reject
P03,Print_Attack,Redup,60cm,0.276,0.281,0.048,Accept,Reject,Reject
P03,Print_Attack,Redup,60cm,0.281,0.305,0.050,Accept,Reject,Reject
P03,Print_Attack,Redup,60cm,0.333,0.291,0.059,Accept,Reject,Reject
P03,Print_Attack,Redup,60cm,0.273,0.304,0.069,Accept,Reject,Reject
P03,Print_Attack,Redup,60cm,0.364,0.290,0.052,Accept,Reject,Reject
P03,Print_Attack,Redup,60cm,0.370,0.283,0.055,Accept,Reject,Reject
P03,Print_Attack,Redup,60cm,0.397,0.281,0.073,Accept,Reject,Reject
P03,Print_Attack,Standar,30cm,0.255,0.302,0.075,Accept,Reject,Reject
P03,Print_Attack,Standar,30cm,0.187,0.299,0.045,Accept,Reject,Reject
P03,Print_Attack,Standar,30cm,0.278,0.298,0.045,Accept,Reject,Reject
P03,Print_Attack,Standar,30cm,0.284,0.284,0.065,Accept,Reject,Reject
P03,Print_Attack,Standar,30cm,0.239,0.293,0.072,Accept,Reject,Reject
P03,Print_Attack,Standar,30cm,0.316,0.282,0.071,Accept,Reject,Reject
P03,Print_Attack,Standar,30cm,0.215,0.286,0.049,Accept,Reject,Reject
P03,Print_Attack,Standar,30cm,0.266,0.282,0.061,Accept,Reject,Reject
P03,Print_Attack,Standar,30cm,0.281,0.296,0.068,Accept,Reject,Reject
P03,Print_Attack,Standar,30cm,0.243,0.281,0.071,Accept,Reject,Reject
P03,Print_Attack,Standar,45cm,0.209,0.285,0.045,Accept,Reject,Reject
P03,Print_Attack,Standar,45cm,0.292,0.299,0.067,Accept,Reject,Reject
P03,Print_Attack,Standar,45cm,0.270,0.286,0.063,Accept,Reject,Reject
P03,Print_Attack,Standar,45cm,0.319,0.289,0.053,Accept,Reject,Reject
P03,Print_Attack,Standar,45cm,0.331,0.289,0.046,Accept,Reject,Reject
P03,Print_Attack,Standar,45cm,0.235,0.291,0.068,Accept,Reject,Reject
P03,Print_Attack,Standar,45cm,0.218,0.302,0.061,Accept,Reject,Reject
P03,Print_Attack,Standar,45cm,0.330,0.296,0.048,Accept,Reject,Reject
P03,Print_Attack,Standar,45cm,0.324,0.305,0.072,Accept,Reject,Reject
P03,Print_Attack,Standar,45cm,0.215,0.283,0.046,Accept,Reject,Reject
P03,Print_Attack,Standar,60cm,0.291,0.290,0.051,Accept,Reject,Reject
P03,Print_Attack,Standar,60cm,0.344,0.295,0.065,Accept,Reject,Reject
P03,Print_Attack,Standar,60cm,0.242,0.287,0.056,Accept,Reject,Reject
P03,Print_Attack,Standar,60cm,0.320,0.300,0.059,Accept,Reject,Reject
P03,Print_Attack,Standar,60cm,0.350,0.284,0.049,Accept,Reject,Reject
P03,Print_Attack,Standar,60cm,0.358,0.296,0.062,Accept,Reject,Reject
P03,Print_Attack,Standar,60cm,0.314,0.301,0.059,Accept,Reject,Reject
P03,Print_Attack,Standar,60cm,0.241,0.291,0.055,Accept,Reject,Reject
P03,Print_Attack,Standar,60cm,0.270,0.281,0.074,Accept,Reject,Reject
P03,Print_Attack,Standar,60cm,0.314,0.281,0.050,Accept,Reject,Reject
P03,Print_Attack,Terang,30cm,0.300,0.291,0.064,Accept,Reject,Reject
P03,Print_Attack,Terang,30cm,0.292,0.284,0.050,Accept,Reject,Reject
P03,Print_Attack,Terang,30cm,0.223,0.293,0.058,Accept,Reject,Reject
P03,Print_Attack,Terang,30cm,0.321,0.303,0.058,Accept,Reject,Reject
P03,Print_Attack,Terang,30cm,0.318,0.282,0.062,Accept,Reject,Reject
P03,Print_Attack,Terang,30cm,0.282,0.295,0.049,Accept,Reject,Reject
P03,Print_Attack,Terang,30cm,0.308,0.302,0.058,Accept,Reject,Reject
P03,Print_Attack,Terang,30cm,0.256,0.298,0.061,Accept,Reject,Reject
P03,Print_Attack,Terang,30cm,0.334,0.298,0.067,Accept,Reject,Reject
P03,Print_Attack,Terang,30cm,0.260,0.301,0.047,Accept,Reject,Reject
P03,Print_Attack,Terang,45cm,0.300,0.289,0.046,Accept,Reject,Reject
P03,Print_Attack,Terang,45cm,0.337,0.304,0.068,Accept,Reject,Reject
P03,Print_Attack,Terang,45cm,0.245,0.298,0.060,Accept,Reject,Reject
P03,Print_Attack,Terang,45cm,0.234,0.299,0.050,Accept,Reject,Reject
P03,Print_Attack,Terang,45cm,0.219,0.298,0.049,Accept,Reject,Reject
P03,Print_Attack,Terang,45cm,0.232,0.298,0.071,Accept,Reject,Reject
P03,Print_Attack,Terang,45cm,0.232,0.288,0.058,Accept,Reject,Reject
P03,Print_Attack,Terang,45cm,0.338,0.295,0.054,Accept,Reject,Reject
P03,Print_Attack,Terang,45cm,0.343,0.286,0.053,Accept,Reject,Reject
P03,Print_Attack,Terang,45cm,0.264,0.287,0.067,Accept,Reject,Reject
P03,Print_Attack,Terang,60cm,0.369,0.283,0.074,Accept,Reject,Reject
P03,Print_Attack,Terang,60cm,0.316,0.285,0.074,Accept,Reject,Reject
P03,Print_Attack,Terang,60cm,0.382,0.288,0.063,Accept,Reject,Reject
P03,Print_Attack,Terang,60cm,0.349,0.300,0.048,Accept,Reject,Reject
P03,Print_Attack,Terang,60cm,0.253,0.304,0.073,Accept,Reject,Reject
P03,Print_Attack,Terang,60cm,0.280,0.291,0.074,Accept,Reject,Reject
P03,Print_Attack,Terang,60cm,0.372,0.298,0.064,Accept,Reject,Reject
P03,Print_Attack,Terang,60cm,0.346,0.302,0.051,Accept,Reject,Reject
P03,Print_Attack,Terang,60cm,0.250,0.301,0.047,Accept,Reject,Reject
P03,Print_Attack,Terang,60cm,0.257,0.298,0.066,Accept,Reject,Reject
P04,Print_Attack,Redup,30cm,0.265,0.293,0.049,Accept,Reject,Reject
P04,Print_Attack,Redup,30cm,0.325,0.287,0.065,Accept,Reject,Reject
P04,Print_Attack,Redup,30cm,0.300,0.299,0.072,Accept,Reject,Reject
P04,Print_Attack,Redup,30cm,0.311,0.296,0.075,Accept,Reject,Reject
P04,Print_Attack,Redup,30cm,0.228,0.292,0.045,Accept,Reject,Reject
P04,Print_Attack,Redup,30cm,0.261,0.280,0.062,Accept,Reject,Reject
P04,Print_Attack,Redup,30cm,0.352,0.295,0.075,Accept,Reject,Reject
P04,Print_Attack,Redup,30cm,0.343,0.303,0.049,Accept,Reject,Reject
P04,Print_Attack,Redup,30cm,0.261,0.294,0.050,Accept,Reject,Reject
P04,Print_Attack,Redup,30cm,0.257,0.294,0.064,Accept,Reject,Reject
P04,Print_Attack,Redup,45cm,0.249,0.296,0.061,Accept,Reject,Reject
P04,Print_Attack,Redup,45cm,0.340,0.286,0.053,Accept,Reject,Reject
P04,Print_Attack,Redup,45cm,0.334,0.283,0.045,Accept,Reject,Reject
P04,Print_Attack,Redup,45cm,0.250,0.303,0.067,Accept,Reject,Reject
P04,Print_Attack,Redup,45cm,0.262,0.292,0.063,Accept,Reject,Reject
P04,Print_Attack,Redup,45cm,0.328,0.292,0.054,Accept,Reject,Reject
P04,Print_Attack,Redup,45cm,0.316,0.292,0.045,Accept,Reject,Reject
P04,Print_Attack,Redup,45cm,0.238,0.287,0.071,Accept,Reject,Reject
P04,Print_Attack,Redup,45cm,0.350,0.293,0.066,Accept,Reject,Reject
P04,Print_Attack,Redup,45cm,0.347,0.297,0.074,Accept,Reject,Reject
P04,Print_Attack,Redup,60cm,0.268,0.295,0.059,Accept,Reject,Reject
P04,Print_Attack,Redup,60cm,0.287,0.297,0.059,Accept,Reject,Reject
P04,Print_Attack,Redup,60cm,0.330,0.302,0.048,Accept,Reject,Reject
P04,Print_Attack,Redup,60cm,0.388,0.298,0.065,Accept,Reject,Reject
P04,Print_Attack,Redup,60cm,0.287,0.294,0.056,Accept,Reject,Reject
P04,Print_Attack,Redup,60cm,0.385,0.280,0.057,Accept,Reject,Reject
P04,Print_Attack,Redup,60cm,0.357,0.296,0.051,Accept,Reject,Reject
P04,Print_Attack,Redup,60cm,0.359,0.298,0.068,Accept,Reject,Reject
P04,Print_Attack,Redup,60cm,0.338,0.289,0.060,Accept,Reject,Reject
P04,Print_Attack,Redup,60cm,0.270,0.299,0.045,Accept,Reject,Reject
P04,Print_Attack,Standar,30cm,0.267,0.304,0.059,Accept,Reject,Reject
P04,Print_Attack,Standar,30cm,0.301,0.304,0.052,Accept,Reject,Reject
P04,Print_Attack,Standar,30cm,0.256,0.288,0.047,Accept,Reject,Reject
P04,Print_Attack,Standar,30cm,0.222,0.293,0.070,Accept,Reject,Reject
P04,Print_Attack,Standar,30cm,0.241,0.289,0.059,Accept,Reject,Reject
P04,Print_Attack,Standar,30cm,0.266,0.281,0.051,Accept,Reject,Reject
P04,Print_Attack,Standar,30cm,0.298,0.292,0.048,Accept,Reject,Reject
P04,Print_Attack,Standar,30cm,0.219,0.290,0.066,Accept,Reject,Reject
P04,Print_Attack,Standar,30cm,0.199,0.304,0.054,Accept,Reject,Reject
P04,Print_Attack,Standar,30cm,0.198,0.293,0.060,Accept,Reject,Reject
P04,Print_Attack,Standar,45cm,0.249,0.293,0.057,Accept,Reject,Reject
P04,Print_Attack,Standar,45cm,0.257,0.280,0.056,Accept,Reject,Reject
P04,Print_Attack,Standar,45cm,0.232,0.285,0.065,Accept,Reject,Reject
P04,Print_Attack,Standar,45cm,0.341,0.289,0.048,Accept,Reject,Reject
P04,Print_Attack,Standar,45cm,0.212,0.283,0.059,Accept,Reject,Reject
P04,Print_Attack,Standar,45cm,0.317,0.283,0.059,Accept,Reject,Reject
P04,Print_Attack,Standar,45cm,0.262,0.281,0.061,Accept,Reject,Reject
P04,Print_Attack,Standar,45cm,0.254,0.286,0.074,Accept,Reject,Reject
P04,Print_Attack,Standar,45cm,0.266,0.300,0.055,Accept,Reject,Reject
P04,Print_Attack,Standar,45cm,0.285,0.302,0.055,Accept,Reject,Reject
P04,Print_Attack,Standar,60cm,0.356,0.304,0.054,Accept,Reject,Reject
P04,Print_Attack,Standar,60cm,0.255,0.280,0.063,Accept,Reject,Reject
P04,Print_Attack,Standar,60cm,0.299,0.291,0.067,Accept,Reject,Reject
P04,Print_Attack,Standar,60cm,0.287,0.296,0.045,Accept,Reject,Reject
P04,Print_Attack,Standar,60cm,0.307,0.299,0.053,Accept,Reject,Reject
P04,Print_Attack,Standar,60cm,0.304,0.283,0.061,Accept,Reject,Reject
P04,Print_Attack,Standar,60cm,0.354,0.300,0.068,Accept,Reject,Reject
P04,Print_Attack,Standar,60cm,0.286,0.286,0.072,Accept,Reject,Reject
P04,Print_Attack,Standar,60cm,0.325,0.281,0.048,Accept,Reject,Reject
P04,Print_Attack,Standar,60cm,0.342,0.301,0.053,Accept,Reject,Reject
P04,Print_Attack,Terang,30cm,0.323,0.297,0.062,Accept,Reject,Reject
P04,Print_Attack,Terang,30cm,0.270,0.296,0.048,Accept,Reject,Reject
P04,Print_Attack,Terang,30cm,0.271,0.282,0.060,Accept,Reject,Reject
P04,Print_Attack,Terang,30cm,0.247,0.288,0.056,Accept,Reject,Reject
P04,Print_Attack,Terang,30cm,0.292,0.301,0.064,Accept,Reject,Reject
P04,Print_Attack,Terang,30cm,0.244,0.284,0.051,Accept,Reject,Reject
P04,Print_Attack,Terang,30cm,0.287,0.289,0.056,Accept,Reject,Reject
P04,Print_Attack,Terang,30cm,0.214,0.282,0.059,Accept,Reject,Reject
P04,Print_Attack,Terang,30cm,0.200,0.291,0.069,Accept,Reject,Reject
P04,Print_Attack,Terang,30cm,0.315,0.282,0.045,Accept,Reject,Reject
P04,Print_Attack,Terang,45cm,0.233,0.280,0.048,Accept,Reject,Reject
P04,Print_Attack,Terang,45cm,0.262,0.294,0.070,Accept,Reject,Reject
P04,Print_Attack,Terang,45cm,0.250,0.287,0.058,Accept,Reject,Reject
P04,Print_Attack,Terang,45cm,0.221,0.291,0.052,Accept,Reject,Reject
P04,Print_Attack,Terang,45cm,0.289,0.281,0.047,Accept,Reject,Reject
P04,Print_Attack,Terang,45cm,0.226,0.282,0.069,Accept,Reject,Reject
P04,Print_Attack,Terang,45cm,0.341,0.300,0.060,Accept,Reject,Reject
P04,Print_Attack,Terang,45cm,0.358,0.287,0.056,Accept,Reject,Reject
P04,Print_Attack,Terang,45cm,0.304,0.293,0.051,Accept,Reject,Reject
P04,Print_Attack,Terang,45cm,0.305,0.287,0.060,Accept,Reject,Reject
P04,Print_Attack,Terang,60cm,0.315,0.296,0.072,Accept,Reject,Reject
P04,Print_Attack,Terang,60cm,0.382,0.294,0.072,Accept,Reject,Reject
P04,Print_Attack,Terang,60cm,0.334,0.280,0.065,Accept,Reject,Reject
P04,Print_Attack,Terang,60cm,0.360,0.285,0.046,Accept,Reject,Reject
P04,Print_Attack,Terang,60cm,0.247,0.292,0.075,Accept,Reject,Reject
P04,Print_Attack,Terang,60cm,0.352,0.282,0.046,Accept,Reject,Reject
P04,Print_Attack,Terang,60cm,0.255,0.280,0.062,Accept,Reject,Reject
P04,Print_Attack,Terang,60cm,0.249,0.287,0.049,Accept,Reject,Reject
P04,Print_Attack,Terang,60cm,0.277,0.288,0.049,Accept,Reject,Reject
P04,Print_Attack,Terang,60cm,0.293,0.285,0.056,Accept,Reject,Reject
P05,Print_Attack,Redup,30cm,0.310,0.301,0.068,Accept,Reject,Reject
P05,Print_Attack,Redup,30cm,0.342,0.285,0.046,Accept,Reject,Reject
P05,Print_Attack,Redup,30cm,0.267,0.286,0.053,Accept,Reject,Reject
P05,Print_Attack,Redup,30cm,0.257,0.299,0.058,Accept,Reject,Reject
P05,Print_Attack,Redup,30cm,0.256,0.296,0.071,Accept,Reject,Reject
P05,Print_Attack,Redup,30cm,0.239,0.297,0.050,Accept,Reject,Reject
P05,Print_Attack,Redup,30cm,0.335,0.286,0.050,Accept,Reject,Reject
P05,Print_Attack,Redup,30cm,0.308,0.288,0.053,Accept,Reject,Reject
P05,Print_Attack,Redup,30cm,0.248,0.305,0.067,Accept,Reject,Reject
P05,Print_Attack,Redup,30cm,0.270,0.299,0.064,Accept,Reject,Reject
P05,Print_Attack,Redup,45cm,0.322,0.289,0.050,Accept,Reject,Reject
P05,Print_Attack,Redup,45cm,0.335,0.294,0.064,Accept,Reject,Reject
P05,Print_Attack,Redup,45cm,0.250,0.295,0.056,Accept,Reject,Reject
P05,Print_Attack,Redup,45cm,0.352,0.291,0.058,Accept,Reject,Reject
P05,Print_Attack,Redup,45cm,0.334,0.297,0.049,Accept,Reject,Reject
P05,Print_Attack,Redup,45cm,0.301,0.284,0.062,Accept,Reject,Reject
P05,Print_Attack,Redup,45cm,0.372,0.293,0.058,Accept,Reject,Reject
P05,Print_Attack,Redup,45cm,0.334,0.296,0.055,Accept,Reject,Reject
P05,Print_Attack,Redup,45cm,0.336,0.293,0.075,Accept,Reject,Reject
P05,Print_Attack,Redup,45cm,0.255,0.297,0.074,Accept,Reject,Reject
P05,Print_Attack,Redup,60cm,0.327,0.284,0.074,Accept,Reject,Reject
P05,Print_Attack,Redup,60cm,0.386,0.298,0.066,Accept,Reject,Reject
P05,Print_Attack,Redup,60cm,0.275,0.294,0.063,Accept,Reject,Reject
P05,Print_Attack,Redup,60cm,0.315,0.305,0.052,Accept,Reject,Reject
P05,Print_Attack,Redup,60cm,0.389,0.303,0.046,Accept,Reject,Reject
P05,Print_Attack,Redup,60cm,0.269,0.305,0.069,Accept,Reject,Reject
P05,Print_Attack,Redup,60cm,0.399,0.293,0.060,Accept,Reject,Reject
P05,Print_Attack,Redup,60cm,0.306,0.301,0.048,Accept,Reject,Reject
P05,Print_Attack,Redup,60cm,0.379,0.293,0.073,Accept,Reject,Reject
P05,Print_Attack,Redup,60cm,0.302,0.281,0.075,Accept,Reject,Reject
P05,Print_Attack,Standar,30cm,0.309,0.290,0.049,Accept,Reject,Reject
P05,Print_Attack,Standar,30cm,0.296,0.305,0.071,Accept,Reject,Reject
P05,Print_Attack,Standar,30cm,0.203,0.286,0.058,Accept,Reject,Reject
P05,Print_Attack,Standar,30cm,0.235,0.282,0.053,Accept,Reject,Reject
P05,Print_Attack,Standar,30cm,0.195,0.302,0.046,Accept,Reject,Reject
P05,Print_Attack,Standar,30cm,0.198,0.304,0.068,Accept,Reject,Reject
P05,Print_Attack,Standar,30cm,0.242,0.295,0.061,Accept,Reject,Reject
P05,Print_Attack,Standar,30cm,0.229,0.296,0.048,Accept,Reject,Reject
P05,Print_Attack,Standar,30cm,0.230,0.299,0.072,Accept,Reject,Reject
P05,Print_Attack,Standar,30cm,0.195,0.303,0.062,Accept,Reject,Reject
P05,Print_Attack,Standar,45cm,0.323,0.296,0.071,Accept,Reject,Reject
P05,Print_Attack,Standar,45cm,0.296,0.295,0.071,Accept,Reject,Reject
P05,Print_Attack,Standar,45cm,0.308,0.298,0.050,Accept,Reject,Reject
P05,Print_Attack,Standar,45cm,0.331,0.291,0.065,Accept,Reject,Reject
P05,Print_Attack,Standar,45cm,0.208,0.280,0.072,Accept,Reject,Reject
P05,Print_Attack,Standar,45cm,0.241,0.294,0.072,Accept,Reject,Reject
P05,Print_Attack,Standar,45cm,0.228,0.293,0.049,Accept,Reject,Reject
P05,Print_Attack,Standar,45cm,0.254,0.282,0.061,Accept,Reject,Reject
P05,Print_Attack,Standar,45cm,0.272,0.301,0.068,Accept,Reject,Reject
P05,Print_Attack,Standar,45cm,0.307,0.302,0.047,Accept,Reject,Reject
P05,Print_Attack,Standar,60cm,0.329,0.296,0.069,Accept,Reject,Reject
P05,Print_Attack,Standar,60cm,0.229,0.281,0.047,Accept,Reject,Reject
P05,Print_Attack,Standar,60cm,0.291,0.293,0.053,Accept,Reject,Reject
P05,Print_Attack,Standar,60cm,0.315,0.287,0.063,Accept,Reject,Reject
P05,Print_Attack,Standar,60cm,0.360,0.282,0.065,Accept,Reject,Reject
P05,Print_Attack,Standar,60cm,0.285,0.282,0.074,Accept,Reject,Reject
P05,Print_Attack,Standar,60cm,0.255,0.298,0.055,Accept,Reject,Reject
P05,Print_Attack,Standar,60cm,0.249,0.293,0.058,Accept,Reject,Reject
P05,Print_Attack,Standar,60cm,0.274,0.297,0.062,Accept,Reject,Reject
P05,Print_Attack,Standar,60cm,0.274,0.303,0.071,Accept,Reject,Reject
P05,Print_Attack,Terang,30cm,0.297,0.290,0.061,Accept,Reject,Reject
P05,Print_Attack,Terang,30cm,0.288,0.299,0.048,Accept,Reject,Reject
P05,Print_Attack,Terang,30cm,0.302,0.287,0.059,Accept,Reject,Reject
P05,Print_Attack,Terang,30cm,0.208,0.300,0.055,Accept,Reject,Reject
P05,Print_Attack,Terang,30cm,0.267,0.286,0.065,Accept,Reject,Reject
P05,Print_Attack,Terang,30cm,0.232,0.284,0.051,Accept,Reject,Reject
P05,Print_Attack,Terang,30cm,0.318,0.286,0.056,Accept,Reject,Reject
P05,Print_Attack,Terang,30cm,0.334,0.298,0.060,Accept,Reject,Reject
P05,Print_Attack,Terang,30cm,0.271,0.301,0.068,Accept,Reject,Reject
P05,Print_Attack,Terang,30cm,0.241,0.296,0.065,Accept,Reject,Reject
P05,Print_Attack,Terang,45cm,0.340,0.286,0.049,Accept,Reject,Reject
P05,Print_Attack,Terang,45cm,0.259,0.288,0.070,Accept,Reject,Reject
P05,Print_Attack,Terang,45cm,0.227,0.303,0.059,Accept,Reject,Reject
P05,Print_Attack,Terang,45cm,0.267,0.302,0.052,Accept,Reject,Reject
P05,Print_Attack,Terang,45cm,0.328,0.293,0.047,Accept,Reject,Reject
P05,Print_Attack,Terang,45cm,0.318,0.281,0.069,Accept,Reject,Reject
P05,Print_Attack,Terang,45cm,0.262,0.301,0.060,Accept,Reject,Reject
P05,Print_Attack,Terang,45cm,0.224,0.299,0.056,Accept,Reject,Reject
P05,Print_Attack,Terang,45cm,0.225,0.286,0.052,Accept,Reject,Reject
P05,Print_Attack,Terang,45cm,0.337,0.296,0.049,Accept,Reject,Reject
P05,Print_Attack,Terang,60cm,0.377,0.292,0.072,Accept,Reject,Reject
P05,Print_Attack,Terang,60cm,0.302,0.281,0.073,Accept,Reject,Reject
P05,Print_Attack,Terang,60cm,0.370,0.288,0.065,Accept,Reject,Reject
P05,Print_Attack,Terang,60cm,0.367,0.302,0.045,Accept,Reject,Reject
P05,Print_Attack,Terang,60cm,0.252,0.288,0.045,Accept,Reject,Reject
P05,Print_Attack,Terang,60cm,0.301,0.287,0.045,Accept,Reject,Reject
P05,Print_Attack,Terang,60cm,0.252,0.290,0.062,Accept,Reject,Reject
P05,Print_Attack,Terang,60cm,0.272,0.293,0.050,Accept,Reject,Reject
P05,Print_Attack,Terang,60cm,0.257,0.296,0.049,Accept,Reject,Reject
P05,Print_Attack,Terang,60cm,0.359,0.285,0.070,Accept,Reject,Reject
P06,Print_Attack,Redup,30cm,0.235,0.304,0.065,Accept,Reject,Reject
P06,Print_Attack,Redup,30cm,0.266,0.281,0.049,Accept,Reject,Reject
P06,Print_Attack,Redup,30cm,0.310,0.294,0.071,Accept,Reject,Reject
P06,Print_Attack,Redup,30cm,0.265,0.299,0.071,Accept,Reject,Reject
P06,Print_Attack,Redup,30cm,0.308,0.298,0.066,Accept,Reject,Reject
P06,Print_Attack,Redup,30cm,0.309,0.289,0.049,Accept,Reject,Reject
P06,Print_Attack,Redup,30cm,0.247,0.297,0.071,Accept,Reject,Reject
P06,Print_Attack,Redup,30cm,0.309,0.287,0.067,Accept,Reject,Reject
P06,Print_Attack,Redup,30cm,0.230,0.302,0.062,Accept,Reject,Reject
P06,Print_Attack,Redup,30cm,0.269,0.288,0.064,Accept,Reject,Reject
P06,Print_Attack,Redup,45cm,0.241,0.293,0.053,Accept,Reject,Reject
P06,Print_Attack,Redup,45cm,0.255,0.305,0.061,Accept,Reject,Reject
P06,Print_Attack,Redup,45cm,0.319,0.301,0.068,Accept,Reject,Reject
P06,Print_Attack,Redup,45cm,0.278,0.284,0.049,Accept,Reject,Reject
P06,Print_Attack,Redup,45cm,0.305,0.296,0.049,Accept,Reject,Reject
P06,Print_Attack,Redup,45cm,0.254,0.293,0.058,Accept,Reject,Reject
P06,Print_Attack,Redup,45cm,0.256,0.300,0.071,Accept,Reject,Reject
P06,Print_Attack,Redup,45cm,0.310,0.296,0.075,Accept,Reject,Reject
P06,Print_Attack,Redup,45cm,0.278,0.303,0.046,Accept,Reject,Reject
P06,Print_Attack,Redup,45cm,0.365,0.301,0.045,Accept,Reject,Reject
P06,Print_Attack,Redup,60cm,0.302,0.298,0.055,Accept,Reject,Reject
P06,Print_Attack,Redup,60cm,0.401,0.299,0.055,Reject,Reject,Reject
P06,Print_Attack,Redup,60cm,0.285,0.286,0.066,Accept,Reject,Reject
P06,Print_Attack,Redup,60cm,0.278,0.284,0.051,Accept,Reject,Reject
P06,Print_Attack,Redup,60cm,0.270,0.289,0.056,Accept,Reject,Reject
P06,Print_Attack,Redup,60cm,0.348,0.300,0.055,Accept,Reject,Reject
P06,Print_Attack,Redup,60cm,0.358,0.290,0.065,Accept,Reject,Reject
P06,Print_Attack,Redup,60cm,0.400,0.289,0.048,Accept,Reject,Reject
P06,Print_Attack,Redup,60cm,0.352,0.287,0.052,Accept,Reject,Reject
P06,Print_Attack,Redup,60cm,0.348,0.294,0.073,Accept,Reject,Reject
P06,Print_Attack,Standar,30cm,0.228,0.295,0.065,Accept,Reject,Reject
P06,Print_Attack,Standar,30cm,0.282,0.300,0.049,Accept,Reject,Reject
P06,Print_Attack,Standar,30cm,0.258,0.292,0.071,Accept,Reject,Reject
P06,Print_Attack,Standar,30cm,0.292,0.282,0.071,Accept,Reject,Reject
P06,Print_Attack,Standar,30cm,0.247,0.302,0.066,Accept,Reject,Reject
P06,Print_Attack,Standar,30cm,0.255,0.290,0.049,Accept,Reject,Reject
P06,Print_Attack,Standar,30cm,0.285,0.284,0.071,Accept,Reject,Reject
P06,Print_Attack,Standar,30cm,0.312,0.285,0.068,Accept,Reject,Reject
P06,Print_Attack,Standar,30cm,0.186,0.286,0.062,Accept,Reject,Reject
P06,Print_Attack,Standar,30cm,0.206,0.283,0.067,Accept,Reject,Reject
P06,Print_Attack,Standar,45cm,0.308,0.297,0.053,Accept,Reject,Reject
P06,Print_Attack,Standar,45cm,0.317,0.281,0.061,Accept,Reject,Reject
P06,Print_Attack,Standar,45cm,0.209,0.286,0.069,Accept,Reject,Reject
P06,Print_Attack,Standar,45cm,0.212,0.286,0.049,Accept,Reject,Reject
P06,Print_Attack,Standar,45cm,0.286,0.287,0.049,Accept,Reject,Reject
P06,Print_Attack,Standar,45cm,0.246,0.288,0.058,Accept,Reject,Reject
P06,Print_Attack,Standar,45cm,0.335,0.298,0.071,Accept,Reject,Reject
P06,Print_Attack,Standar,45cm,0.202,0.288,0.074,Accept,Reject,Reject
P06,Print_Attack,Standar,45cm,0.258,0.298,0.046,Accept,Reject,Reject
P06,Print_Attack,Standar,45cm,0.286,0.281,0.048,Accept,Reject,Reject
P06,Print_Attack,Standar,60cm,0.265,0.302,0.055,Accept,Reject,Reject
P06,Print_Attack,Standar,60cm,0.337,0.300,0.055,Accept,Reject,Reject
P06,Print_Attack,Standar,60cm,0.329,0.297,0.066,Accept,Reject,Reject
P06,Print_Attack,Standar,60cm,0.230,0.285,0.051,Accept,Reject,Reject
P06,Print_Attack,Standar,60cm,0.269,0.281,0.056,Accept,Reject,Reject
P06,Print_Attack,Standar,60cm,0.345,0.295,0.055,Accept,Reject,Reject
P06,Print_Attack,Standar,60cm,0.302,0.288,0.065,Accept,Reject,Reject
P06,Print_Attack,Standar,60cm,0.311,0.281,0.047,Accept,Reject,Reject
P06,Print_Attack,Standar,60cm,0.349,0.283,0.052,Accept,Reject,Reject
P06,Print_Attack,Standar,60cm,0.258,0.301,0.072,Accept,Reject,Reject
P06,Print_Attack,Terang,30cm,0.217,0.302,0.062,Accept,Reject,Reject
P06,Print_Attack,Terang,30cm,0.327,0.284,0.049,Accept,Reject,Reject
P06,Print_Attack,Terang,30cm,0.198,0.288,0.058,Accept,Reject,Reject
P06,Print_Attack,Terang,30cm,0.298,0.301,0.057,Accept,Reject,Reject
P06,Print_Attack,Terang,30cm,0.317,0.290,0.064,Accept,Reject,Reject
P06,Print_Attack,Terang,30cm,0.282,0.289,0.050,Accept,Reject,Reject
P06,Print_Attack,Terang,30cm,0.268,0.289,0.058,Accept,Reject,Reject
P06,Print_Attack,Terang,30cm,0.296,0.283,0.061,Accept,Reject,Reject
P06,Print_Attack,Terang,30cm,0.314,0.302,0.067,Accept,Reject,Reject
P06,Print_Attack,Terang,30cm,0.203,0.281,0.055,Accept,Reject,Reject
P06,Print_Attack,Terang,45cm,0.352,0.299,0.049,Accept,Reject,Reject
P06,Print_Attack,Terang,45cm,0.254,0.300,0.071,Accept,Reject,Reject
P06,Print_Attack,Terang,45cm,0.300,0.282,0.058,Accept,Reject,Reject
P06,Print_Attack,Terang,45cm,0.267,0.286,0.053,Accept,Reject,Reject
P06,Print_Attack,Terang,45cm,0.228,0.281,0.046,Accept,Reject,Reject
P06,Print_Attack,Terang,45cm,0.222,0.295,0.068,Accept,Reject,Reject
P06,Print_Attack,Terang,45cm,0.264,0.286,0.060,Accept,Reject,Reject
P06,Print_Attack,Terang,45cm,0.250,0.282,0.057,Accept,Reject,Reject
P06,Print_Attack,Terang,45cm,0.252,0.284,0.051,Accept,Reject,Reject
P06,Print_Attack,Terang,45cm,0.274,0.292,0.057,Accept,Reject,Reject
P06,Print_Attack,Terang,60cm,0.290,0.304,0.073,Accept,Reject,Reject
P06,Print_Attack,Terang,60cm,0.376,0.294,0.074,Accept,Reject,Reject
P06,Print_Attack,Terang,60cm,0.243,0.293,0.064,Accept,Reject,Reject
P06,Print_Attack,Terang,60cm,0.301,0.288,0.046,Accept,Reject,Reject
P06,Print_Attack,Terang,60cm,0.366,0.302,0.074,Accept,Reject,Reject
P06,Print_Attack,Terang,60cm,0.275,0.300,0.074,Accept,Reject,Reject
P06,Print_Attack,Terang,60cm,0.327,0.299,0.063,Accept,Reject,Reject
P06,Print_Attack,Terang,60cm,0.378,0.302,0.051,Accept,Reject,Reject
P06,Print_Attack,Terang,60cm,0.363,0.296,0.048,Accept,Reject,Reject
P06,Print_Attack,Terang,60cm,0.381,0.297,0.060,Accept,Reject,Reject
P07,Print_Attack,Redup,30cm,0.331,0.295,0.046,Accept,Reject,Reject
P07,Print_Attack,Redup,30cm,0.247,0.281,0.068,Accept,Reject,Reject
P07,Print_Attack,Redup,30cm,0.272,0.298,0.061,Accept,Reject,Reject
P07,Print_Attack,Redup,30cm,0.229,0.282,0.054,Accept,Reject,Reject
P07,Print_Attack,Redup,30cm,0.302,0.297,0.045,Accept,Reject,Reject
P07,Print_Attack,Redup,30cm,0.349,0.300,0.066,Accept,Reject,Reject
P07,Print_Attack,Redup,30cm,0.310,0.293,0.062,Accept,Reject,Reject
P07,Print_Attack,Redup,30cm,0.280,0.298,0.058,Accept,Reject,Reject
P07,Print_Attack,Redup,30cm,0.312,0.281,0.049,Accept,Reject,Reject
P07,Print_Attack,Redup,30cm,0.342,0.292,0.065,Accept,Reject,Reject
P07,Print_Attack,Redup,45cm,0.297,0.283,0.064,Accept,Reject,Reject
P07,Print_Attack,Redup,45cm,0.251,0.305,0.050,Accept,Reject,Reject
P07,Print_Attack,Redup,45cm,0.346,0.291,0.057,Accept,Reject,Reject
P07,Print_Attack,Redup,45cm,0.353,0.293,0.054,Accept,Reject,Reject
P07,Print_Attack,Redup,45cm,0.263,0.281,0.067,Accept,Reject,Reject
P07,Print_Attack,Redup,45cm,0.314,0.291,0.054,Accept,Reject,Reject
P07,Print_Attack,Redup,45cm,0.240,0.295,0.054,Accept,Reject,Reject
P07,Print_Attack,Redup,45cm,0.367,0.297,0.057,Accept,Reject,Reject
P07,Print_Attack,Redup,45cm,0.276,0.305,0.071,Accept,Reject,Reject
P07,Print_Attack,Redup,45cm,0.255,0.285,0.045,Accept,Reject,Reject
P07,Print_Attack,Redup,60cm,0.379,0.292,0.070,Accept,Reject,Reject
P07,Print_Attack,Redup,60cm,0.301,0.280,0.048,Accept,Reject,Reject
P07,Print_Attack,Redup,60cm,0.292,0.297,0.050,Accept,Reject,Reject
P07,Print_Attack,Redup,60cm,0.397,0.299,0.060,Accept,Reject,Reject
P07,Print_Attack,Redup,60cm,0.347,0.295,0.069,Accept,Reject,Reject
P07,Print_Attack,Redup,60cm,0.368,0.291,0.047,Accept,Reject,Reject
P07,Print_Attack,Redup,60cm,0.364,0.290,0.052,Accept,Reject,Reject
P07,Print_Attack,Redup,60cm,0.387,0.297,0.065,Accept,Reject,Reject
P07,Print_Attack,Redup,60cm,0.356,0.285,0.073,Accept,Reject,Reject
P07,Print_Attack,Redup,60cm,0.349,0.291,0.074,Accept,Reject,Reject
P07,Print_Attack,Standar,30cm,0.317,0.291,0.048,Accept,Reject,Reject
P07,Print_Attack,Standar,30cm,0.217,0.305,0.061,Accept,Reject,Reject
P07,Print_Attack,Standar,30cm,0.275,0.290,0.059,Accept,Reject,Reject
P07,Print_Attack,Standar,30cm,0.257,0.289,0.056,Accept,Reject,Reject
P07,Print_Attack,Standar,30cm,0.238,0.295,0.051,Accept,Reject,Reject
P07,Print_Attack,Standar,30cm,0.299,0.299,0.065,Accept,Reject,Reject
P07,Print_Attack,Standar,30cm,0.248,0.297,0.055,Accept,Reject,Reject
P07,Print_Attack,Standar,30cm,0.233,0.296,0.052,Accept,Reject,Reject
P07,Print_Attack,Standar,30cm,0.296,0.298,0.048,Accept,Reject,Reject
P07,Print_Attack,Standar,30cm,0.306,0.298,0.061,Accept,Reject,Reject
P07,Print_Attack,Standar,45cm,0.274,0.298,0.070,Accept,Reject,Reject
P07,Print_Attack,Standar,45cm,0.214,0.300,0.049,Accept,Reject,Reject
P07,Print_Attack,Standar,45cm,0.278,0.292,0.051,Accept,Reject,Reject
P07,Print_Attack,Standar,45cm,0.248,0.302,0.059,Accept,Reject,Reject
P07,Print_Attack,Standar,45cm,0.246,0.299,0.069,Accept,Reject,Reject
P07,Print_Attack,Standar,45cm,0.341,0.281,0.047,Accept,Reject,Reject
P07,Print_Attack,Standar,45cm,0.280,0.280,0.052,Accept,Reject,Reject
P07,Print_Attack,Standar,45cm,0.230,0.287,0.056,Accept,Reject,Reject
P07,Print_Attack,Standar,45cm,0.247,0.300,0.064,Accept,Reject,Reject
P07,Print_Attack,Standar,45cm,0.308,0.283,0.060,Accept,Reject,Reject
P07,Print_Attack,Standar,60cm,0.269,0.292,0.073,Accept,Reject,Reject
P07,Print_Attack,Standar,60cm,0.308,0.305,0.072,Accept,Reject,Reject
P07,Print_Attack,Standar,60cm,0.314,0.292,0.049,Accept,Reject,Reject
P07,Print_Attack,Standar,60cm,0.304,0.290,0.062,Accept,Reject,Reject
P07,Print_Attack,Standar,60cm,0.286,0.303,0.045,Accept,Reject,Reject
P07,Print_Attack,Standar,60cm,0.355,0.302,0.045,Accept,Reject,Reject
P07,Print_Attack,Standar,60cm,0.322,0.282,0.045,Accept,Reject,Reject
P07,Print_Attack,Standar,60cm,0.300,0.291,0.058,Accept,Reject,Reject
P07,Print_Attack,Standar,60cm,0.281,0.299,0.071,Accept,Reject,Reject
P07,Print_Attack,Standar,60cm,0.310,0.289,0.049,Accept,Reject,Reject
P07,Print_Attack,Terang,30cm,0.225,0.299,0.063,Accept,Reject,Reject
P07,Print_Attack,Terang,30cm,0.295,0.296,0.049,Accept,Reject,Reject
P07,Print_Attack,Terang,30cm,0.236,0.299,0.058,Accept,Reject,Reject
P07,Print_Attack,Terang,30cm,0.308,0.305,0.057,Accept,Reject,Reject
P07,Print_Attack,Terang,30cm,0.251,0.297,0.063,Accept,Reject,Reject
P07,Print_Attack,Terang,30cm,0.206,0.280,0.050,Accept,Reject,Reject
P07,Print_Attack,Terang,30cm,0.211,0.281,0.057,Accept,Reject,Reject
P07,Print_Attack,Terang,30cm,0.205,0.302,0.061,Accept,Reject,Reject
P07,Print_Attack,Terang,30cm,0.329,0.301,0.068,Accept,Reject,Reject
P07,Print_Attack,Terang,30cm,0.209,0.300,0.068,Accept,Reject,Reject
P07,Print_Attack,Terang,45cm,0.219,0.299,0.049,Accept,Reject,Reject
P07,Print_Attack,Terang,45cm,0.227,0.287,0.071,Accept,Reject,Reject
P07,Print_Attack,Terang,45cm,0.355,0.295,0.058,Accept,Reject,Reject
P07,Print_Attack,Terang,45cm,0.349,0.281,0.053,Accept,Reject,Reject
P07,Print_Attack,Terang,45cm,0.234,0.298,0.047,Accept,Reject,Reject
P07,Print_Attack,Terang,45cm,0.312,0.300,0.068,Accept,Reject,Reject
P07,Print_Attack,Terang,45cm,0.329,0.290,0.061,Accept,Reject,Reject
P07,Print_Attack,Terang,45cm,0.261,0.289,0.057,Accept,Reject,Reject
P07,Print_Attack,Terang,45cm,0.286,0.287,0.050,Accept,Reject,Reject
P07,Print_Attack,Terang,45cm,0.336,0.288,0.069,Accept,Reject,Reject
P07,Print_Attack,Terang,60cm,0.355,0.288,0.073,Accept,Reject,Reject
P07,Print_Attack,Terang,60cm,0.300,0.288,0.073,Accept,Reject,Reject
P07,Print_Attack,Terang,60cm,0.252,0.289,0.064,Accept,Reject,Reject
P07,Print_Attack,Terang,60cm,0.270,0.301,0.047,Accept,Reject,Reject
P07,Print_Attack,Terang,60cm,0.255,0.285,0.074,Accept,Reject,Reject
P07,Print_Attack,Terang,60cm,0.356,0.299,0.075,Accept,Reject,Reject
P07,Print_Attack,Terang,60cm,0.302,0.294,0.063,Accept,Reject,Reject
P07,Print_Attack,Terang,60cm,0.245,0.290,0.050,Accept,Reject,Reject
P07,Print_Attack,Terang,60cm,0.351,0.283,0.048,Accept,Reject,Reject
P07,Print_Attack,Terang,60cm,0.250,0.280,0.049,Accept,Reject,Reject
P08,Print_Attack,Redup,30cm,0.295,0.294,0.068,Accept,Reject,Reject
P08,Print_Attack,Redup,30cm,0.233,0.281,0.046,Accept,Reject,Reject
P08,Print_Attack,Redup,30cm,0.295,0.292,0.053,Accept,Reject,Reject
P08,Print_Attack,Redup,30cm,0.237,0.294,0.062,Accept,Reject,Reject
P08,Print_Attack,Redup,30cm,0.324,0.296,0.067,Accept,Reject,Reject
P08,Print_Attack,Redup,30cm,0.237,0.293,0.075,Accept,Reject,Reject
P08,Print_Attack,Redup,30cm,0.315,0.286,0.054,Accept,Reject,Reject
P08,Print_Attack,Redup,30cm,0.289,0.289,0.066,Accept,Reject,Reject
P08,Print_Attack,Redup,30cm,0.295,0.296,0.071,Accept,Reject,Reject
P08,Print_Attack,Redup,30cm,0.312,0.301,0.068,Accept,Reject,Reject
P08,Print_Attack,Redup,45cm,0.333,0.304,0.072,Accept,Reject,Reject
P08,Print_Attack,Redup,45cm,0.265,0.301,0.072,Accept,Reject,Reject
P08,Print_Attack,Redup,45cm,0.366,0.281,0.065,Accept,Reject,Reject
P08,Print_Attack,Redup,45cm,0.248,0.290,0.046,Accept,Reject,Reject
P08,Print_Attack,Redup,45cm,0.241,0.303,0.074,Accept,Reject,Reject
P08,Print_Attack,Redup,45cm,0.285,0.294,0.045,Accept,Reject,Reject
P08,Print_Attack,Redup,45cm,0.277,0.286,0.062,Accept,Reject,Reject
P08,Print_Attack,Redup,45cm,0.318,0.298,0.049,Accept,Reject,Reject
P08,Print_Attack,Redup,45cm,0.291,0.294,0.049,Accept,Reject,Reject
P08,Print_Attack,Redup,45cm,0.349,0.281,0.049,Accept,Reject,Reject
P08,Print_Attack,Redup,60cm,0.278,0.288,0.048,Accept,Reject,Reject
P08,Print_Attack,Redup,60cm,0.313,0.301,0.070,Accept,Reject,Reject
P08,Print_Attack,Redup,60cm,0.309,0.287,0.058,Accept,Reject,Reject
P08,Print_Attack,Redup,60cm,0.290,0.297,0.051,Accept,Reject,Reject
P08,Print_Attack,Redup,60cm,0.323,0.292,0.047,Accept,Reject,Reject
P08,Print_Attack,Redup,60cm,0.341,0.294,0.068,Accept,Reject,Reject
P08,Print_Attack,Redup,60cm,0.264,0.281,0.060,Accept,Reject,Reject
P08,Print_Attack,Redup,60cm,0.340,0.298,0.056,Accept,Reject,Reject
P08,Print_Attack,Redup,60cm,0.374,0.299,0.051,Accept,Reject,Reject
P08,Print_Attack,Redup,60cm,0.301,0.305,0.047,Accept,Reject,Reject
P08,Print_Attack,Standar,30cm,0.212,0.286,0.071,Accept,Reject,Reject
P08,Print_Attack,Standar,30cm,0.254,0.281,0.048,Accept,Reject,Reject
P08,Print_Attack,Standar,30cm,0.295,0.284,0.051,Accept,Reject,Reject
P08,Print_Attack,Standar,30cm,0.286,0.305,0.060,Accept,Reject,Reject
P08,Print_Attack,Standar,30cm,0.246,0.289,0.069,Accept,Reject,Reject
P08,Print_Attack,Standar,30cm,0.268,0.303,0.047,Accept,Reject,Reject
P08,Print_Attack,Standar,30cm,0.255,0.305,0.051,Accept,Reject,Reject
P08,Print_Attack,Standar,30cm,0.201,0.295,0.064,Accept,Reject,Reject
P08,Print_Attack,Standar,30cm,0.280,0.288,0.073,Accept,Reject,Reject
P08,Print_Attack,Standar,30cm,0.185,0.286,0.064,Accept,Reject,Reject
P08,Print_Attack,Standar,45cm,0.328,0.285,0.069,Accept,Reject,Reject
P08,Print_Attack,Standar,45cm,0.288,0.299,0.070,Accept,Reject,Reject
P08,Print_Attack,Standar,45cm,0.277,0.287,0.067,Accept,Reject,Reject
P08,Print_Attack,Standar,45cm,0.248,0.302,0.047,Accept,Reject,Reject
P08,Print_Attack,Standar,45cm,0.222,0.282,0.073,Accept,Reject,Reject
P08,Print_Attack,Standar,45cm,0.307,0.281,0.073,Accept,Reject,Reject
P08,Print_Attack,Standar,45cm,0.239,0.290,0.064,Accept,Reject,Reject
P08,Print_Attack,Standar,45cm,0.219,0.294,0.052,Accept,Reject,Reject
P08,Print_Attack,Standar,45cm,0.251,0.304,0.047,Accept,Reject,Reject
P08,Print_Attack,Standar,45cm,0.271,0.294,0.048,Accept,Reject,Reject
P08,Print_Attack,Standar,60cm,0.301,0.303,0.046,Accept,Reject,Reject
P08,Print_Attack,Standar,60cm,0.256,0.280,0.067,Accept,Reject,Reject
P08,Print_Attack,Standar,60cm,0.252,0.302,0.061,Accept,Reject,Reject
P08,Print_Attack,Standar,60cm,0.268,0.302,0.054,Accept,Reject,Reject
P08,Print_Attack,Standar,60cm,0.310,0.288,0.075,Accept,Reject,Reject
P08,Print_Attack,Standar,60cm,0.336,0.300,0.067,Accept,Reject,Reject
P08,Print_Attack,Standar,60cm,0.227,0.301,0.061,Accept,Reject,Reject
P08,Print_Attack,Standar,60cm,0.261,0.300,0.058,Accept,Reject,Reject
P08,Print_Attack,Standar,60cm,0.344,0.293,0.049,Accept,Reject,Reject
P08,Print_Attack,Standar,60cm,0.230,0.305,0.052,Accept,Reject,Reject
P08,Print_Attack,Terang,30cm,0.267,0.281,0.066,Accept,Reject,Reject
P08,Print_Attack,Terang,30cm,0.263,0.282,0.045,Accept,Reject,Reject
P08,Print_Attack,Terang,30cm,0.228,0.301,0.054,Accept,Reject,Reject
P08,Print_Attack,Terang,30cm,0.275,0.301,0.061,Accept,Reject,Reject
P08,Print_Attack,Terang,30cm,0.273,0.300,0.068,Accept,Reject,Reject
P08,Print_Attack,Terang,30cm,0.309,0.285,0.046,Accept,Reject,Reject
P08,Print_Attack,Terang,30cm,0.269,0.281,0.054,Accept,Reject,Reject
P08,Print_Attack,Terang,30cm,0.299,0.280,0.057,Accept,Reject,Reject
P08,Print_Attack,Terang,30cm,0.255,0.297,0.063,Accept,Reject,Reject
P08,Print_Attack,Terang,30cm,0.246,0.299,0.051,Accept,Reject,Reject
P08,Print_Attack,Terang,45cm,0.248,0.284,0.053,Accept,Reject,Reject
P08,Print_Attack,Terang,45cm,0.227,0.296,0.066,Accept,Reject,Reject
P08,Print_Attack,Terang,45cm,0.283,0.300,0.054,Accept,Reject,Reject
P08,Print_Attack,Terang,45cm,0.272,0.288,0.057,Accept,Reject,Reject
P08,Print_Attack,Terang,45cm,0.293,0.287,0.050,Accept,Reject,Reject
P08,Print_Attack,Terang,45cm,0.309,0.292,0.064,Accept,Reject,Reject
P08,Print_Attack,Terang,45cm,0.341,0.298,0.056,Accept,Reject,Reject
P08,Print_Attack,Terang,45cm,0.267,0.281,0.053,Accept,Reject,Reject
P08,Print_Attack,Terang,45cm,0.288,0.299,0.047,Accept,Reject,Reject
P08,Print_Attack,Terang,45cm,0.257,0.283,0.070,Accept,Reject,Reject
P08,Print_Attack,Terang,60cm,0.258,0.289,0.047,Accept,Reject,Reject
P08,Print_Attack,Terang,60cm,0.265,0.291,0.069,Accept,Reject,Reject
P08,Print_Attack,Terang,60cm,0.313,0.286,0.060,Accept,Reject,Reject
P08,Print_Attack,Terang,60cm,0.258,0.290,0.050,Accept,Reject,Reject
P08,Print_Attack,Terang,60cm,0.350,0.283,0.048,Accept,Reject,Reject
P08,Print_Attack,Terang,60cm,0.265,0.297,0.070,Accept,Reject,Reject
P08,Print_Attack,Terang,60cm,0.337,0.286,0.059,Accept,Reject,Reject
P08,Print_Attack,Terang,60cm,0.343,0.301,0.047,Accept,Reject,Reject
P08,Print_Attack,Terang,60cm,0.315,0.286,0.074,Accept,Reject,Reject
P08,Print_Attack,Terang,60cm,0.285,0.297,0.071,Accept,Reject,Reject
P09,Print_Attack,Redup,30cm,0.266,0.292,0.057,Accept,Reject,Reject
P09,Print_Attack,Redup,30cm,0.265,0.294,0.057,Accept,Reject,Reject
P09,Print_Attack,Redup,30cm,0.320,0.301,0.063,Accept,Reject,Reject
P09,Print_Attack,Redup,30cm,0.286,0.298,0.049,Accept,Reject,Reject
P09,Print_Attack,Redup,30cm,0.316,0.284,0.058,Accept,Reject,Reject
P09,Print_Attack,Redup,30cm,0.270,0.294,0.057,Accept,Reject,Reject
P09,Print_Attack,Redup,30cm,0.319,0.303,0.063,Accept,Reject,Reject
P09,Print_Attack,Redup,30cm,0.250,0.289,0.046,Accept,Reject,Reject
P09,Print_Attack,Redup,30cm,0.280,0.280,0.054,Accept,Reject,Reject
P09,Print_Attack,Redup,30cm,0.219,0.297,0.069,Accept,Reject,Reject
P09,Print_Attack,Redup,45cm,0.351,0.300,0.061,Accept,Reject,Reject
P09,Print_Attack,Redup,45cm,0.255,0.288,0.053,Accept,Reject,Reject
P09,Print_Attack,Redup,45cm,0.352,0.303,0.047,Accept,Reject,Reject
P09,Print_Attack,Redup,45cm,0.300,0.294,0.071,Accept,Reject,Reject
P09,Print_Attack,Redup,45cm,0.297,0.280,0.057,Accept,Reject,Reject
P09,Print_Attack,Redup,45cm,0.292,0.285,0.050,Accept,Reject,Reject
P09,Print_Attack,Redup,45cm,0.366,0.303,0.049,Accept,Reject,Reject
P09,Print_Attack,Redup,45cm,0.329,0.285,0.066,Accept,Reject,Reject
P09,Print_Attack,Redup,45cm,0.366,0.303,0.054,Accept,Reject,Reject
P09,Print_Attack,Redup,45cm,0.266,0.285,0.049,Accept,Reject,Reject
P09,Print_Attack,Redup,60cm,0.274,0.281,0.063,Accept,Reject,Reject
P09,Print_Attack,Redup,60cm,0.399,0.282,0.047,Accept,Reject,Reject
P09,Print_Attack,Redup,60cm,0.316,0.289,0.074,Accept,Reject,Reject
P09,Print_Attack,Redup,60cm,0.298,0.294,0.073,Accept,Reject,Reject
P09,Print_Attack,Redup,60cm,0.399,0.299,0.064,Accept,Reject,Reject
P09,Print_Attack,Redup,60cm,0.389,0.291,0.047,Accept,Reject,Reject
P09,Print_Attack,Redup,60cm,0.330,0.293,0.073,Accept,Reject,Reject
P09,Print_Attack,Redup,60cm,0.281,0.303,0.069,Accept,Reject,Reject
P09,Print_Attack,Redup,60cm,0.302,0.288,0.060,Accept,Reject,Reject
P09,Print_Attack,Redup,60cm,0.363,0.298,0.048,Accept,Reject,Reject
P09,Print_Attack,Standar,30cm,0.286,0.286,0.053,Accept,Reject,Reject
P09,Print_Attack,Standar,30cm,0.275,0.298,0.061,Accept,Reject,Reject
P09,Print_Attack,Standar,30cm,0.239,0.294,0.068,Accept,Reject,Reject
P09,Print_Attack,Standar,30cm,0.272,0.303,0.049,Accept,Reject,Reject
P09,Print_Attack,Standar,30cm,0.202,0.291,0.050,Accept,Reject,Reject
P09,Print_Attack,Standar,30cm,0.236,0.286,0.058,Accept,Reject,Reject
P09,Print_Attack,Standar,30cm,0.309,0.294,0.071,Accept,Reject,Reject
P09,Print_Attack,Standar,30cm,0.222,0.301,0.053,Accept,Reject,Reject
P09,Print_Attack,Standar,30cm,0.310,0.280,0.054,Accept,Reject,Reject
P09,Print_Attack,Standar,30cm,0.197,0.294,0.074,Accept,Reject,Reject
P09,Print_Attack,Standar,45cm,0.303,0.300,0.057,Accept,Reject,Reject
P09,Print_Attack,Standar,45cm,0.268,0.298,0.057,Accept,Reject,Reject
P09,Print_Attack,Standar,45cm,0.284,0.287,0.050,Accept,Reject,Reject
P09,Print_Attack,Standar,45cm,0.298,0.295,0.063,Accept,Reject,Reject
P09,Print_Attack,Standar,45cm,0.288,0.292,0.057,Accept,Reject,Reject
P09,Print_Attack,Standar,45cm,0.303,0.282,0.058,Accept,Reject,Reject
P09,Print_Attack,Standar,45cm,0.304,0.290,0.049,Accept,Reject,Reject
P09,Print_Attack,Standar,45cm,0.216,0.290,0.066,Accept,Reject,Reject
P09,Print_Attack,Standar,45cm,0.285,0.283,0.062,Accept,Reject,Reject
P09,Print_Attack,Standar,45cm,0.265,0.292,0.049,Accept,Reject,Reject
P09,Print_Attack,Standar,60cm,0.351,0.304,0.063,Accept,Reject,Reject
P09,Print_Attack,Standar,60cm,0.274,0.293,0.055,Accept,Reject,Reject
P09,Print_Attack,Standar,60cm,0.317,0.288,0.073,Accept,Reject,Reject
P09,Print_Attack,Standar,60cm,0.253,0.281,0.069,Accept,Reject,Reject
P09,Print_Attack,Standar,60cm,0.292,0.286,0.060,Accept,Reject,Reject
P09,Print_Attack,Standar,60cm,0.249,0.287,0.051,Accept,Reject,Reject
P09,Print_Attack,Standar,60cm,0.330,0.289,0.047,Accept,Reject,Reject
P09,Print_Attack,Standar,60cm,0.323,0.285,0.073,Accept,Reject,Reject
P09,Print_Attack,Standar,60cm,0.322,0.283,0.064,Accept,Reject,Reject
P09,Print_Attack,Standar,60cm,0.255,0.289,0.048,Accept,Reject,Reject
P09,Print_Attack,Terang,30cm,0.290,0.286,0.067,Accept,Reject,Reject
P09,Print_Attack,Terang,30cm,0.291,0.294,0.075,Accept,Reject,Reject
P09,Print_Attack,Terang,30cm,0.311,0.293,0.054,Accept,Reject,Reject
P09,Print_Attack,Terang,30cm,0.333,0.284,0.061,Accept,Reject,Reject
P09,Print_Attack,Terang,30cm,0.270,0.303,0.067,Accept,Reject,Reject
P09,Print_Attack,Terang,30cm,0.251,0.280,0.046,Accept,Reject,Reject
P09,Print_Attack,Terang,30cm,0.315,0.297,0.053,Accept,Reject,Reject
P09,Print_Attack,Terang,30cm,0.275,0.300,0.057,Accept,Reject,Reject
P09,Print_Attack,Terang,30cm,0.211,0.289,0.064,Accept,Reject,Reject
P09,Print_Attack,Terang,30cm,0.200,0.302,0.063,Accept,Reject,Reject
P09,Print_Attack,Terang,45cm,0.219,0.282,0.053,Accept,Reject,Reject
P09,Print_Attack,Terang,45cm,0.250,0.286,0.067,Accept,Reject,Reject
P09,Print_Attack,Terang,45cm,0.258,0.284,0.054,Accept,Reject,Reject
P09,Print_Attack,Terang,45cm,0.271,0.283,0.057,Accept,Reject,Reject
P09,Print_Attack,Terang,45cm,0.346,0.285,0.051,Accept,Reject,Reject
P09,Print_Attack,Terang,45cm,0.221,0.299,0.064,Accept,Reject,Reject
P09,Print_Attack,Terang,45cm,0.278,0.285,0.057,Accept,Reject,Reject
P09,Print_Attack,Terang,45cm,0.241,0.285,0.053,Accept,Reject,Reject
P09,Print_Attack,Terang,45cm,0.275,0.280,0.046,Accept,Reject,Reject
P09,Print_Attack,Terang,45cm,0.269,0.292,0.053,Accept,Reject,Reject
P09,Print_Attack,Terang,60cm,0.307,0.296,0.047,Accept,Reject,Reject
P09,Print_Attack,Terang,60cm,0.258,0.287,0.069,Accept,Reject,Reject
P09,Print_Attack,Terang,60cm,0.336,0.304,0.060,Accept,Reject,Reject
P09,Print_Attack,Terang,60cm,0.265,0.303,0.051,Accept,Reject,Reject
P09,Print_Attack,Terang,60cm,0.332,0.297,0.048,Accept,Reject,Reject
P09,Print_Attack,Terang,60cm,0.353,0.298,0.071,Accept,Reject,Reject
P09,Print_Attack,Terang,60cm,0.305,0.290,0.059,Accept,Reject,Reject
P09,Print_Attack,Terang,60cm,0.267,0.287,0.046,Accept,Reject,Reject
P09,Print_Attack,Terang,60cm,0.275,0.301,0.074,Accept,Reject,Reject
P09,Print_Attack,Terang,60cm,0.301,0.285,0.056,Accept,Reject,Reject
P10,Print_Attack,Redup,30cm,0.223,0.292,0.067,Accept,Reject,Reject
P10,Print_Attack,Redup,30cm,0.304,0.286,0.053,Accept,Reject,Reject
P10,Print_Attack,Redup,30cm,0.290,0.304,0.054,Accept,Reject,Reject
P10,Print_Attack,Redup,30cm,0.287,0.302,0.057,Accept,Reject,Reject
P10,Print_Attack,Redup,30cm,0.339,0.291,0.064,Accept,Reject,Reject
P10,Print_Attack,Redup,30cm,0.265,0.304,0.051,Accept,Reject,Reject
P10,Print_Attack,Redup,30cm,0.299,0.301,0.057,Accept,Reject,Reject
P10,Print_Attack,Redup,30cm,0.223,0.299,0.060,Accept,Reject,Reject
P10,Print_Attack,Redup,30cm,0.356,0.283,0.068,Accept,Reject,Reject
P10,Print_Attack,Redup,30cm,0.229,0.300,0.048,Accept,Reject,Reject
P10,Print_Attack,Redup,45cm,0.249,0.288,0.075,Accept,Reject,Reject
P10,Print_Attack,Redup,45cm,0.311,0.303,0.067,Accept,Reject,Reject
P10,Print_Attack,Redup,45cm,0.352,0.282,0.062,Accept,Reject,Reject
P10,Print_Attack,Redup,45cm,0.281,0.301,0.053,Accept,Reject,Reject
P10,Print_Attack,Redup,45cm,0.240,0.284,0.046,Accept,Reject,Reject
P10,Print_Attack,Redup,45cm,0.282,0.284,0.067,Accept,Reject,Reject
P10,Print_Attack,Redup,45cm,0.367,0.289,0.061,Accept,Reject,Reject
P10,Print_Attack,Redup,45cm,0.269,0.299,0.058,Accept,Reject,Reject
P10,Print_Attack,Redup,45cm,0.247,0.299,0.050,Accept,Reject,Reject
P10,Print_Attack,Redup,45cm,0.280,0.281,0.063,Accept,Reject,Reject
P10,Print_Attack,Redup,60cm,0.378,0.283,0.073,Accept,Reject,Reject
P10,Print_Attack,Redup,60cm,0.372,0.284,0.073,Accept,Reject,Reject
P10,Print_Attack,Redup,60cm,0.313,0.296,0.064,Accept,Reject,Reject
P10,Print_Attack,Redup,60cm,0.343,0.301,0.051,Accept,Reject,Reject
P10,Print_Attack,Redup,60cm,0.338,0.291,0.069,Accept,Reject,Reject
P10,Print_Attack,Redup,60cm,0.267,0.303,0.070,Accept,Reject,Reject
P10,Print_Attack,Redup,60cm,0.346,0.299,0.067,Accept,Reject,Reject
P10,Print_Attack,Redup,60cm,0.359,0.281,0.055,Accept,Reject,Reject
P10,Print_Attack,Redup,60cm,0.354,0.290,0.074,Accept,Reject,Reject
P10,Print_Attack,Redup,60cm,0.267,0.290,0.054,Accept,Reject,Reject
P10,Print_Attack,Standar,30cm,0.279,0.298,0.075,Accept,Reject,Reject
P10,Print_Attack,Standar,30cm,0.218,0.297,0.075,Accept,Reject,Reject
P10,Print_Attack,Standar,30cm,0.216,0.281,0.062,Accept,Reject,Reject
P10,Print_Attack,Standar,30cm,0.237,0.291,0.049,Accept,Reject,Reject
P10,Print_Attack,Standar,30cm,0.261,0.283,0.072,Accept,Reject,Reject
P10,Print_Attack,Standar,30cm,0.304,0.298,0.072,Accept,Reject,Reject
P10,Print_Attack,Standar,30cm,0.270,0.286,0.065,Accept,Reject,Reject
P10,Print_Attack,Standar,30cm,0.261,0.292,0.053,Accept,Reject,Reject
P10,Print_Attack,Standar,30cm,0.185,0.291,0.046,Accept,Reject,Reject
P10,Print_Attack,Standar,30cm,0.288,0.296,0.068,Accept,Reject,Reject
P10,Print_Attack,Standar,45cm,0.313,0.301,0.067,Accept,Reject,Reject
P10,Print_Attack,Standar,45cm,0.276,0.289,0.045,Accept,Reject,Reject
P10,Print_Attack,Standar,45cm,0.205,0.290,0.054,Accept,Reject,Reject
P10,Print_Attack,Standar,45cm,0.232,0.297,0.061,Accept,Reject,Reject
P10,Print_Attack,Standar,45cm,0.318,0.289,0.068,Accept,Reject,Reject
P10,Print_Attack,Standar,45cm,0.240,0.285,0.046,Accept,Reject,Reject
P10,Print_Attack,Standar,45cm,0.294,0.288,0.053,Accept,Reject,Reject
P10,Print_Attack,Standar,45cm,0.207,0.299,0.065,Accept,Reject,Reject
P10,Print_Attack,Standar,45cm,0.294,0.297,0.072,Accept,Reject,Reject
P10,Print_Attack,Standar,45cm,0.310,0.280,0.073,Accept,Reject,Reject
P10,Print_Attack,Standar,60cm,0.297,0.302,0.065,Accept,Reject,Reject
P10,Print_Attack,Standar,60cm,0.293,0.299,0.051,Accept,Reject,Reject
P10,Print_Attack,Standar,60cm,0.263,0.283,0.057,Accept,Reject,Reject
P10,Print_Attack,Standar,60cm,0.309,0.291,0.059,Accept,Reject,Reject
P10,Print_Attack,Standar,60cm,0.292,0.290,0.061,Accept,Reject,Reject
P10,Print_Attack,Standar,60cm,0.245,0.299,0.048,Accept,Reject,Reject
P10,Print_Attack,Standar,60cm,0.292,0.294,0.059,Accept,Reject,Reject
P10,Print_Attack,Standar,60cm,0.254,0.284,0.062,Accept,Reject,Reject
P10,Print_Attack,Standar,60cm,0.357,0.291,0.066,Accept,Reject,Reject
P10,Print_Attack,Standar,60cm,0.234,0.287,0.045,Accept,Reject,Reject
P10,Print_Attack,Terang,30cm,0.288,0.286,0.049,Accept,Reject,Reject
P10,Print_Attack,Terang,30cm,0.231,0.299,0.066,Accept,Reject,Reject
P10,Print_Attack,Terang,30cm,0.284,0.297,0.071,Accept,Reject,Reject
P10,Print_Attack,Terang,30cm,0.228,0.294,0.071,Accept,Reject,Reject
P10,Print_Attack,Terang,30cm,0.298,0.284,0.049,Accept,Reject,Reject
P10,Print_Attack,Terang,30cm,0.256,0.302,0.065,Accept,Reject,Reject
P10,Print_Attack,Terang,30cm,0.265,0.283,0.072,Accept,Reject,Reject
P10,Print_Attack,Terang,30cm,0.300,0.298,0.046,Accept,Reject,Reject
P10,Print_Attack,Terang,30cm,0.330,0.281,0.053,Accept,Reject,Reject
P10,Print_Attack,Terang,30cm,0.201,0.287,0.069,Accept,Reject,Reject
P10,Print_Attack,Terang,45cm,0.267,0.295,0.058,Accept,Reject,Reject
P10,Print_Attack,Terang,45cm,0.309,0.295,0.049,Accept,Reject,Reject
P10,Print_Attack,Terang,45cm,0.327,0.287,0.049,Accept,Reject,Reject
P10,Print_Attack,Terang,45cm,0.329,0.302,0.068,Accept,Reject,Reject
P10,Print_Attack,Terang,45cm,0.291,0.303,0.061,Accept,Reject,Reject
P10,Print_Attack,Terang,45cm,0.352,0.293,0.053,Accept,Reject,Reject
P10,Print_Attack,Terang,45cm,0.322,0.296,0.046,Accept,Reject,Reject
P10,Print_Attack,Terang,45cm,0.263,0.291,0.072,Accept,Reject,Reject
P10,Print_Attack,Terang,45cm,0.225,0.286,0.065,Accept,Reject,Reject
P10,Print_Attack,Terang,45cm,0.228,0.288,0.053,Accept,Reject,Reject
P10,Print_Attack,Terang,60cm,0.380,0.302,0.055,Accept,Reject,Reject
P10,Print_Attack,Terang,60cm,0.292,0.289,0.056,Accept,Reject,Reject
P10,Print_Attack,Terang,60cm,0.346,0.287,0.051,Accept,Reject,Reject
P10,Print_Attack,Terang,60cm,0.313,0.288,0.066,Accept,Reject,Reject
P10,Print_Attack,Terang,60cm,0.315,0.297,0.055,Accept,Reject,Reject
P10,Print_Attack,Terang,60cm,0.291,0.298,0.055,Accept,Reject,Reject
P10,Print_Attack,Terang,60cm,0.332,0.296,0.053,Accept,Reject,Reject
P10,Print_Attack,Terang,60cm,0.247,0.286,0.070,Accept,Reject,Reject
P10,Print_Attack,Terang,60cm,0.268,0.286,0.058,Accept,Reject,Reject
P10,Print_Attack,Terang,60cm,0.361,0.302,0.074,Accept,Reject,Reject
P11,Print_Attack,Redup,30cm,0.277,0.286,0.050,Accept,Reject,Reject
P11,Print_Attack,Redup,30cm,0.276,0.295,0.057,Accept,Reject,Reject
P11,Print_Attack,Redup,30cm,0.338,0.291,0.071,Accept,Reject,Reject
P11,Print_Attack,Redup,30cm,0.320,0.303,0.046,Accept,Reject,Reject
P11,Print_Attack,Redup,30cm,0.316,0.283,0.052,Accept,Reject,Reject
P11,Print_Attack,Redup,30cm,0.280,0.283,0.061,Accept,Reject,Reject
P11,Print_Attack,Redup,30cm,0.283,0.290,0.068,Accept,Reject,Reject
P11,Print_Attack,Redup,30cm,0.277,0.297,0.072,Accept,Reject,Reject
P11,Print_Attack,Redup,30cm,0.273,0.296,0.049,Accept,Reject,Reject
P11,Print_Attack,Redup,30cm,0.244,0.296,0.048,Accept,Reject,Reject
P11,Print_Attack,Redup,45cm,0.362,0.282,0.066,Accept,Reject,Reject
P11,Print_Attack,Redup,45cm,0.260,0.287,0.050,Accept,Reject,Reject
P11,Print_Attack,Redup,45cm,0.277,0.282,0.071,Accept,Reject,Reject
P11,Print_Attack,Redup,45cm,0.247,0.303,0.072,Accept,Reject,Reject
P11,Print_Attack,Redup,45cm,0.273,0.289,0.065,Accept,Reject,Reject
P11,Print_Attack,Redup,45cm,0.268,0.302,0.048,Accept,Reject,Reject
P11,Print_Attack,Redup,45cm,0.373,0.304,0.072,Accept,Reject,Reject
P11,Print_Attack,Redup,45cm,0.366,0.283,0.068,Accept,Reject,Reject
P11,Print_Attack,Redup,45cm,0.353,0.287,0.061,Accept,Reject,Reject
P11,Print_Attack,Redup,45cm,0.362,0.296,0.062,Accept,Reject,Reject
P11,Print_Attack,Redup,60cm,0.295,0.297,0.060,Accept,Reject,Reject
P11,Print_Attack,Redup,60cm,0.383,0.287,0.052,Accept,Reject,Reject
P11,Print_Attack,Redup,60cm,0.365,0.300,0.047,Accept,Reject,Reject
P11,Print_Attack,Redup,60cm,0.371,0.296,0.066,Accept,Reject,Reject
P11,Print_Attack,Redup,60cm,0.357,0.300,0.063,Accept,Reject,Reject
P11,Print_Attack,Redup,60cm,0.402,0.302,0.055,Reject,Reject,Reject
P11,Print_Attack,Redup,60cm,0.295,0.284,0.074,Accept,Reject,Reject
P11,Print_Attack,Redup,60cm,0.266,0.283,0.061,Accept,Reject,Reject
P11,Print_Attack,Redup,60cm,0.332,0.281,0.059,Accept,Reject,Reject
P11,Print_Attack,Redup,60cm,0.349,0.295,0.055,Accept,Reject,Reject
P11,Print_Attack,Standar,30cm,0.281,0.283,0.055,Accept,Reject,Reject
P11,Print_Attack,Standar,30cm,0.290,0.299,0.056,Accept,Reject,Reject
P11,Print_Attack,Standar,30cm,0.232,0.281,0.051,Accept,Reject,Reject
P11,Print_Attack,Standar,30cm,0.292,0.299,0.065,Accept,Reject,Reject
P11,Print_Attack,Standar,30cm,0.307,0.299,0.055,Accept,Reject,Reject
P11,Print_Attack,Standar,30cm,0.204,0.296,0.055,Accept,Reject,Reject
P11,Print_Attack,Standar,30cm,0.233,0.285,0.053,Accept,Reject,Reject
P11,Print_Attack,Standar,30cm,0.252,0.281,0.070,Accept,Reject,Reject
P11,Print_Attack,Standar,30cm,0.227,0.299,0.059,Accept,Reject,Reject
P11,Print_Attack,Standar,30cm,0.282,0.285,0.066,Accept,Reject,Reject
P11,Print_Attack,Standar,45cm,0.275,0.301,0.053,Accept,Reject,Reject
P11,Print_Attack,Standar,45cm,0.225,0.298,0.060,Accept,Reject,Reject
P11,Print_Attack,Standar,45cm,0.224,0.281,0.069,Accept,Reject,Reject
P11,Print_Attack,Standar,45cm,0.269,0.299,0.074,Accept,Reject,Reject
P11,Print_Attack,Standar,45cm,0.274,0.290,0.055,Accept,Reject,Reject
P11,Print_Attack,Standar,45cm,0.249,0.302,0.063,Accept,Reject,Reject
P11,Print_Attack,Standar,45cm,0.330,0.297,0.065,Accept,Reject,Reject
P11,Print_Attack,Standar,45cm,0.255,0.281,0.048,Accept,Reject,Reject
P11,Print_Attack,Standar,45cm,0.260,0.291,0.059,Accept,Reject,Reject
P11,Print_Attack,Standar,45cm,0.297,0.283,0.051,Accept,Reject,Reject
P11,Print_Attack,Standar,60cm,0.316,0.288,0.050,Accept,Reject,Reject
P11,Print_Attack,Standar,60cm,0.298,0.296,0.067,Accept,Reject,Reject
P11,Print_Attack,Standar,60cm,0.357,0.285,0.071,Accept,Reject,Reject
P11,Print_Attack,Standar,60cm,0.264,0.304,0.071,Accept,Reject,Reject
P11,Print_Attack,Standar,60cm,0.286,0.304,0.049,Accept,Reject,Reject
P11,Print_Attack,Standar,60cm,0.328,0.302,0.065,Accept,Reject,Reject
P11,Print_Attack,Standar,60cm,0.243,0.291,0.072,Accept,Reject,Reject
P11,Print_Attack,Standar,60cm,0.244,0.280,0.046,Accept,Reject,Reject
P11,Print_Attack,Standar,60cm,0.285,0.296,0.052,Accept,Reject,Reject
P11,Print_Attack,Standar,60cm,0.304,0.284,0.057,Accept,Reject,Reject
P11,Print_Attack,Terang,30cm,0.203,0.290,0.050,Accept,Reject,Reject
P11,Print_Attack,Terang,30cm,0.197,0.286,0.066,Accept,Reject,Reject
P11,Print_Attack,Terang,30cm,0.285,0.288,0.071,Accept,Reject,Reject
P11,Print_Attack,Terang,30cm,0.316,0.290,0.072,Accept,Reject,Reject
P11,Print_Attack,Terang,30cm,0.238,0.301,0.049,Accept,Reject,Reject
P11,Print_Attack,Terang,30cm,0.196,0.288,0.066,Accept,Reject,Reject
P11,Print_Attack,Terang,30cm,0.290,0.288,0.072,Accept,Reject,Reject
P11,Print_Attack,Terang,30cm,0.197,0.303,0.045,Accept,Reject,Reject
P11,Print_Attack,Terang,30cm,0.258,0.283,0.053,Accept,Reject,Reject
P11,Print_Attack,Terang,30cm,0.223,0.301,0.049,Accept,Reject,Reject
P11,Print_Attack,Terang,45cm,0.344,0.294,0.058,Accept,Reject,Reject
P11,Print_Attack,Terang,45cm,0.251,0.286,0.050,Accept,Reject,Reject
P11,Print_Attack,Terang,45cm,0.245,0.298,0.049,Accept,Reject,Reject
P11,Print_Attack,Terang,45cm,0.300,0.282,0.068,Accept,Reject,Reject
P11,Print_Attack,Terang,45cm,0.259,0.287,0.061,Accept,Reject,Reject
P11,Print_Attack,Terang,45cm,0.264,0.285,0.052,Accept,Reject,Reject
P11,Print_Attack,Terang,45cm,0.282,0.295,0.046,Accept,Reject,Reject
P11,Print_Attack,Terang,45cm,0.319,0.285,0.073,Accept,Reject,Reject
P11,Print_Attack,Terang,45cm,0.238,0.282,0.065,Accept,Reject,Reject
P11,Print_Attack,Terang,45cm,0.291,0.282,0.064,Accept,Reject,Reject
P11,Print_Attack,Terang,60cm,0.311,0.295,0.056,Accept,Reject,Reject
P11,Print_Attack,Terang,60cm,0.252,0.295,0.056,Accept,Reject,Reject
P11,Print_Attack,Terang,60cm,0.286,0.291,0.052,Accept,Reject,Reject
P11,Print_Attack,Terang,60cm,0.374,0.301,0.066,Accept,Reject,Reject
P11,Print_Attack,Terang,60cm,0.369,0.287,0.054,Accept,Reject,Reject
P11,Print_Attack,Terang,60cm,0.266,0.300,0.055,Accept,Reject,Reject
P11,Print_Attack,Terang,60cm,0.276,0.300,0.052,Accept,Reject,Reject
P11,Print_Attack,Terang,60cm,0.375,0.295,0.070,Accept,Reject,Reject
P11,Print_Attack,Terang,60cm,0.311,0.302,0.059,Accept,Reject,Reject
P11,Print_Attack,Terang,60cm,0.249,0.281,0.060,Accept,Reject,Reject
P12,Print_Attack,Redup,30cm,0.294,0.293,0.049,Accept,Reject,Reject
P12,Print_Attack,Redup,30cm,0.292,0.295,0.063,Accept,Reject,Reject
P12,Print_Attack,Redup,30cm,0.303,0.289,0.058,Accept,Reject,Reject
P12,Print_Attack,Redup,30cm,0.317,0.295,0.057,Accept,Reject,Reject
P12,Print_Attack,Redup,30cm,0.226,0.287,0.051,Accept,Reject,Reject
P12,Print_Attack,Redup,30cm,0.347,0.303,0.064,Accept,Reject,Reject
P12,Print_Attack,Redup,30cm,0.323,0.293,0.057,Accept,Reject,Reject
P12,Print_Attack,Redup,30cm,0.235,0.292,0.053,Accept,Reject,Reject
P12,Print_Attack,Redup,30cm,0.243,0.303,0.046,Accept,Reject,Reject
P12,Print_Attack,Redup,30cm,0.315,0.292,0.049,Accept,Reject,Reject
P12,Print_Attack,Redup,45cm,0.323,0.299,0.071,Accept,Reject,Reject
P12,Print_Attack,Redup,45cm,0.361,0.287,0.049,Accept,Reject,Reject
P12,Print_Attack,Redup,45cm,0.378,0.290,0.050,Accept,Reject,Reject
P12,Print_Attack,Redup,45cm,0.277,0.298,0.061,Accept,Reject,Reject
P12,Print_Attack,Redup,45cm,0.239,0.303,0.067,Accept,Reject,Reject
P12,Print_Attack,Redup,45cm,0.357,0.300,0.046,Accept,Reject,Reject
P12,Print_Attack,Redup,45cm,0.361,0.288,0.052,Accept,Reject,Reject
P12,Print_Attack,Redup,45cm,0.252,0.294,0.056,Accept,Reject,Reject
P12,Print_Attack,Redup,45cm,0.354,0.293,0.064,Accept,Reject,Reject
P12,Print_Attack,Redup,45cm,0.364,0.287,0.063,Accept,Reject,Reject
P12,Print_Attack,Redup,60cm,0.361,0.300,0.073,Accept,Reject,Reject
P12,Print_Attack,Redup,60cm,0.349,0.301,0.073,Accept,Reject,Reject
P12,Print_Attack,Redup,60cm,0.315,0.296,0.047,Accept,Reject,Reject
P12,Print_Attack,Redup,60cm,0.321,0.302,0.063,Accept,Reject,Reject
P12,Print_Attack,Redup,60cm,0.396,0.301,0.074,Accept,Reject,Reject
P12,Print_Attack,Redup,60cm,0.360,0.287,0.074,Accept,Reject,Reject
P12,Print_Attack,Redup,60cm,0.380,0.283,0.047,Accept,Reject,Reject
P12,Print_Attack,Redup,60cm,0.319,0.282,0.059,Accept,Reject,Reject
P12,Print_Attack,Redup,60cm,0.273,0.298,0.070,Accept,Reject,Reject
P12,Print_Attack,Redup,60cm,0.274,0.284,0.054,Accept,Reject,Reject
P12,Print_Attack,Standar,30cm,0.224,0.297,0.074,Accept,Reject,Reject
P12,Print_Attack,Standar,30cm,0.306,0.298,0.065,Accept,Reject,Reject
P12,Print_Attack,Standar,30cm,0.208,0.281,0.063,Accept,Reject,Reject
P12,Print_Attack,Standar,30cm,0.267,0.293,0.052,Accept,Reject,Reject
P12,Print_Attack,Standar,30cm,0.246,0.302,0.047,Accept,Reject,Reject
P12,Print_Attack,Standar,30cm,0.288,0.291,0.069,Accept,Reject,Reject
P12,Print_Attack,Standar,30cm,0.233,0.293,0.059,Accept,Reject,Reject
P12,Print_Attack,Standar,30cm,0.268,0.287,0.056,Accept,Reject,Reject
P12,Print_Attack,Standar,30cm,0.188,0.292,0.052,Accept,Reject,Reject
P12,Print_Attack,Standar,30cm,0.241,0.303,0.062,Accept,Reject,Reject
P12,Print_Attack,Standar,45cm,0.208,0.282,0.066,Accept,Reject,Reject
P12,Print_Attack,Standar,45cm,0.286,0.290,0.053,Accept,Reject,Reject
P12,Print_Attack,Standar,45cm,0.233,0.285,0.055,Accept,Reject,Reject
P12,Print_Attack,Standar,45cm,0.261,0.285,0.055,Accept,Reject,Reject
P12,Print_Attack,Standar,45cm,0.254,0.303,0.065,Accept,Reject,Reject
P12,Print_Attack,Standar,45cm,0.338,0.302,0.051,Accept,Reject,Reject
P12,Print_Attack,Standar,45cm,0.271,0.297,0.056,Accept,Reject,Reject
P12,Print_Attack,Standar,45cm,0.299,0.281,0.060,Accept,Reject,Reject
P12,Print_Attack,Standar,45cm,0.312,0.291,0.068,Accept,Reject,Reject
P12,Print_Attack,Standar,45cm,0.288,0.301,0.051,Accept,Reject,Reject
P12,Print_Attack,Standar,60cm,0.260,0.300,0.069,Accept,Reject,Reject
P12,Print_Attack,Standar,60cm,0.314,0.296,0.046,Accept,Reject,Reject
P12,Print_Attack,Standar,60cm,0.333,0.286,0.053,Accept,Reject,Reject
P12,Print_Attack,Standar,60cm,0.260,0.299,0.058,Accept,Reject,Reject
P12,Print_Attack,Standar,60cm,0.246,0.284,0.071,Accept,Reject,Reject
P12,Print_Attack,Standar,60cm,0.252,0.296,0.049,Accept,Reject,Reject
P12,Print_Attack,Standar,60cm,0.361,0.298,0.049,Accept,Reject,Reject
P12,Print_Attack,Standar,60cm,0.263,0.287,0.062,Accept,Reject,Reject
P12,Print_Attack,Standar,60cm,0.248,0.291,0.045,Accept,Reject,Reject
P12,Print_Attack,Standar,60cm,0.286,0.284,0.057,Accept,Reject,Reject
P12,Print_Attack,Terang,30cm,0.231,0.290,0.051,Accept,Reject,Reject
P12,Print_Attack,Terang,30cm,0.208,0.284,0.067,Accept,Reject,Reject
P12,Print_Attack,Terang,30cm,0.293,0.302,0.070,Accept,Reject,Reject
P12,Print_Attack,Terang,30cm,0.332,0.285,0.073,Accept,Reject,Reject
P12,Print_Attack,Terang,30cm,0.212,0.299,0.047,Accept,Reject,Reject
P12,Print_Attack,Terang,30cm,0.315,0.287,0.064,Accept,Reject,Reject
P12,Print_Attack,Terang,30cm,0.308,0.284,0.073,Accept,Reject,Reject
P12,Print_Attack,Terang,30cm,0.200,0.300,0.047,Accept,Reject,Reject
P12,Print_Attack,Terang,30cm,0.202,0.297,0.052,Accept,Reject,Reject
P12,Print_Attack,Terang,30cm,0.249,0.294,0.072,Accept,Reject,Reject
P12,Print_Attack,Terang,45cm,0.346,0.290,0.059,Accept,Reject,Reject
P12,Print_Attack,Terang,45cm,0.232,0.280,0.051,Accept,Reject,Reject
P12,Print_Attack,Terang,45cm,0.304,0.284,0.048,Accept,Reject,Reject
P12,Print_Attack,Terang,45cm,0.332,0.293,0.069,Accept,Reject,Reject
P12,Print_Attack,Terang,45cm,0.331,0.301,0.060,Accept,Reject,Reject
P12,Print_Attack,Terang,45cm,0.337,0.301,0.051,Accept,Reject,Reject
P12,Print_Attack,Terang,45cm,0.314,0.282,0.047,Accept,Reject,Reject
P12,Print_Attack,Terang,45cm,0.346,0.285,0.073,Accept,Reject,Reject
P12,Print_Attack,Terang,45cm,0.265,0.298,0.064,Accept,Reject,Reject
P12,Print_Attack,Terang,45cm,0.290,0.281,0.073,Accept,Reject,Reject
P12,Print_Attack,Terang,60cm,0.367,0.290,0.057,Accept,Reject,Reject
P12,Print_Attack,Terang,60cm,0.325,0.291,0.057,Accept,Reject,Reject
P12,Print_Attack,Terang,60cm,0.298,0.303,0.051,Accept,Reject,Reject
P12,Print_Attack,Terang,60cm,0.328,0.288,0.067,Accept,Reject,Reject
P12,Print_Attack,Terang,60cm,0.363,0.303,0.053,Accept,Reject,Reject
P12,Print_Attack,Terang,60cm,0.256,0.290,0.054,Accept,Reject,Reject
P12,Print_Attack,Terang,60cm,0.366,0.286,0.053,Accept,Reject,Reject
P12,Print_Attack,Terang,60cm,0.356,0.297,0.071,Accept,Reject,Reject
P12,Print_Attack,Terang,60cm,0.291,0.294,0.058,Accept,Reject,Reject
P12,Print_Attack,Terang,60cm,0.310,0.298,0.053,Accept,Reject,Reject
P13,Print_Attack,Redup,30cm,0.254,0.295,0.062,Accept,Reject,Reject
P13,Print_Attack,Redup,30cm,0.330,0.282,0.054,Accept,Reject,Reject
P13,Print_Attack,Redup,30cm,0.258,0.292,0.074,Accept,Reject,Reject
P13,Print_Attack,Redup,30cm,0.247,0.302,0.068,Accept,Reject,Reject
P13,Print_Attack,Redup,30cm,0.304,0.298,0.061,Accept,Reject,Reject
P13,Print_Attack,Redup,30cm,0.245,0.301,0.052,Accept,Reject,Reject
P13,Print_Attack,Redup,30cm,0.299,0.287,0.046,Accept,Reject,Reject
P13,Print_Attack,Redup,30cm,0.314,0.293,0.072,Accept,Reject,Reject
P13,Print_Attack,Redup,30cm,0.249,0.281,0.065,Accept,Reject,Reject
P13,Print_Attack,Redup,30cm,0.272,0.286,0.048,Accept,Reject,Reject
P13,Print_Attack,Redup,45cm,0.284,0.291,0.046,Accept,Reject,Reject
P13,Print_Attack,Redup,45cm,0.350,0.288,0.062,Accept,Reject,Reject
P13,Print_Attack,Redup,45cm,0.362,0.292,0.046,Accept,Reject,Reject
P13,Print_Attack,Redup,45cm,0.336,0.294,0.072,Accept,Reject,Reject
P13,Print_Attack,Redup,45cm,0.302,0.289,0.048,Accept,Reject,Reject
P13,Print_Attack,Redup,45cm,0.329,0.298,0.065,Accept,Reject,Reject
P13,Print_Attack,Redup,45cm,0.243,0.297,0.072,Accept,Reject,Reject
P13,Print_Attack,Redup,45cm,0.291,0.294,0.045,Accept,Reject,Reject
P13,Print_Attack,Redup,45cm,0.338,0.284,0.053,Accept,Reject,Reject
P13,Print_Attack,Redup,45cm,0.266,0.288,0.063,Accept,Reject,Reject
P13,Print_Attack,Redup,60cm,0.314,0.296,0.052,Accept,Reject,Reject
P13,Print_Attack,Redup,60cm,0.352,0.284,0.060,Accept,Reject,Reject
P13,Print_Attack,Redup,60cm,0.390,0.294,0.069,Accept,Reject,Reject
P13,Print_Attack,Redup,60cm,0.395,0.280,0.048,Accept,Reject,Reject
P13,Print_Attack,Redup,60cm,0.270,0.283,0.051,Accept,Reject,Reject
P13,Print_Attack,Redup,60cm,0.401,0.303,0.058,Reject,Reject,Reject
P13,Print_Attack,Redup,60cm,0.396,0.296,0.070,Accept,Reject,Reject
P13,Print_Attack,Redup,60cm,0.399,0.289,0.052,Accept,Reject,Reject
P13,Print_Attack,Redup,60cm,0.374,0.284,0.054,Accept,Reject,Reject
P13,Print_Attack,Redup,60cm,0.358,0.300,0.053,Accept,Reject,Reject
P13,Print_Attack,Standar,30cm,0.285,0.304,0.061,Accept,Reject,Reject
P13,Print_Attack,Standar,30cm,0.192,0.291,0.053,Accept,Reject,Reject
P13,Print_Attack,Standar,30cm,0.261,0.287,0.045,Accept,Reject,Reject
P13,Print_Attack,Standar,30cm,0.303,0.290,0.067,Accept,Reject,Reject
P13,Print_Attack,Standar,30cm,0.319,0.283,0.062,Accept,Reject,Reject
P13,Print_Attack,Standar,30cm,0.290,0.285,0.053,Accept,Reject,Reject
P13,Print_Attack,Standar,30cm,0.244,0.300,0.075,Accept,Reject,Reject
P13,Print_Attack,Standar,30cm,0.282,0.304,0.071,Accept,Reject,Reject
P13,Print_Attack,Standar,30cm,0.217,0.301,0.066,Accept,Reject,Reject
P13,Print_Attack,Standar,30cm,0.290,0.290,0.068,Accept,Reject,Reject
P13,Print_Attack,Standar,45cm,0.312,0.303,0.049,Accept,Reject,Reject
P13,Print_Attack,Standar,45cm,0.204,0.300,0.065,Accept,Reject,Reject
P13,Print_Attack,Standar,45cm,0.294,0.303,0.073,Accept,Reject,Reject
P13,Print_Attack,Standar,45cm,0.319,0.291,0.045,Accept,Reject,Reject
P13,Print_Attack,Standar,45cm,0.320,0.296,0.045,Accept,Reject,Reject
P13,Print_Attack,Standar,45cm,0.242,0.305,0.062,Accept,Reject,Reject
P13,Print_Attack,Standar,45cm,0.260,0.293,0.045,Accept,Reject,Reject
P13,Print_Attack,Standar,45cm,0.246,0.303,0.048,Accept,Reject,Reject
P13,Print_Attack,Standar,45cm,0.229,0.292,0.050,Accept,Reject,Reject
P13,Print_Attack,Standar,45cm,0.257,0.298,0.070,Accept,Reject,Reject
P13,Print_Attack,Standar,60cm,0.282,0.282,0.051,Accept,Reject,Reject
P13,Print_Attack,Standar,60cm,0.288,0.295,0.059,Accept,Reject,Reject
P13,Print_Attack,Standar,60cm,0.329,0.290,0.070,Accept,Reject,Reject
P13,Print_Attack,Standar,60cm,0.235,0.292,0.047,Accept,Reject,Reject
P13,Print_Attack,Standar,60cm,0.350,0.290,0.052,Accept,Reject,Reject
P13,Print_Attack,Standar,60cm,0.231,0.285,0.059,Accept,Reject,Reject
P13,Print_Attack,Standar,60cm,0.267,0.282,0.069,Accept,Reject,Reject
P13,Print_Attack,Standar,60cm,0.292,0.298,0.051,Accept,Reject,Reject
P13,Print_Attack,Standar,60cm,0.267,0.302,0.056,Accept,Reject,Reject
P13,Print_Attack,Standar,60cm,0.240,0.297,0.050,Accept,Reject,Reject
P13,Print_Attack,Terang,30cm,0.251,0.294,0.051,Accept,Reject,Reject
P13,Print_Attack,Terang,30cm,0.314,0.281,0.068,Accept,Reject,Reject
P13,Print_Attack,Terang,30cm,0.306,0.296,0.070,Accept,Reject,Reject
P13,Print_Attack,Terang,30cm,0.333,0.297,0.073,Accept,Reject,Reject
P13,Print_Attack,Terang,30cm,0.301,0.291,0.048,Accept,Reject,Reject
P13,Print_Attack,Terang,30cm,0.260,0.286,0.064,Accept,Reject,Reject
P13,Print_Attack,Terang,30cm,0.230,0.288,0.073,Accept,Reject,Reject
P13,Print_Attack,Terang,30cm,0.219,0.287,0.047,Accept,Reject,Reject
P13,Print_Attack,Terang,30cm,0.247,0.285,0.051,Accept,Reject,Reject
P13,Print_Attack,Terang,30cm,0.224,0.299,0.059,Accept,Reject,Reject
P13,Print_Attack,Terang,45cm,0.234,0.287,0.059,Accept,Reject,Reject
P13,Print_Attack,Terang,45cm,0.258,0.286,0.050,Accept,Reject,Reject
P13,Print_Attack,Terang,45cm,0.276,0.294,0.048,Accept,Reject,Reject
P13,Print_Attack,Terang,45cm,0.316,0.284,0.069,Accept,Reject,Reject
P13,Print_Attack,Terang,45cm,0.234,0.287,0.060,Accept,Reject,Reject
P13,Print_Attack,Terang,45cm,0.299,0.304,0.052,Accept,Reject,Reject
P13,Print_Attack,Terang,45cm,0.311,0.305,0.047,Accept,Reject,Reject
P13,Print_Attack,Terang,45cm,0.336,0.296,0.073,Accept,Reject,Reject
P13,Print_Attack,Terang,45cm,0.236,0.283,0.064,Accept,Reject,Reject
P13,Print_Attack,Terang,45cm,0.355,0.283,0.061,Accept,Reject,Reject
P13,Print_Attack,Terang,60cm,0.247,0.293,0.056,Accept,Reject,Reject
P13,Print_Attack,Terang,60cm,0.320,0.281,0.057,Accept,Reject,Reject
P13,Print_Attack,Terang,60cm,0.374,0.294,0.050,Accept,Reject,Reject
P13,Print_Attack,Terang,60cm,0.374,0.296,0.067,Accept,Reject,Reject
P13,Print_Attack,Terang,60cm,0.334,0.282,0.054,Accept,Reject,Reject
P13,Print_Attack,Terang,60cm,0.310,0.283,0.054,Accept,Reject,Reject
P13,Print_Attack,Terang,60cm,0.253,0.303,0.054,Accept,Reject,Reject
P13,Print_Attack,Terang,60cm,0.259,0.291,0.071,Accept,Reject,Reject
P13,Print_Attack,Terang,60cm,0.358,0.284,0.057,Accept,Reject,Reject
P13,Print_Attack,Terang,60cm,0.288,0.288,0.064,Accept,Reject,Reject
P14,Print_Attack,Redup,30cm,0.345,0.285,0.048,Accept,Reject,Reject
P14,Print_Attack,Redup,30cm,0.252,0.297,0.065,Accept,Reject,Reject
P14,Print_Attack,Redup,30cm,0.288,0.304,0.072,Accept,Reject,Reject
P14,Print_Attack,Redup,30cm,0.272,0.292,0.075,Accept,Reject,Reject
P14,Print_Attack,Redup,30cm,0.273,0.292,0.046,Accept,Reject,Reject
P14,Print_Attack,Redup,30cm,0.230,0.287,0.062,Accept,Reject,Reject
P14,Print_Attack,Redup,30cm,0.315,0.283,0.046,Accept,Reject,Reject
P14,Print_Attack,Redup,30cm,0.314,0.303,0.049,Accept,Reject,Reject
P14,Print_Attack,Redup,30cm,0.276,0.295,0.049,Accept,Reject,Reject
P14,Print_Attack,Redup,30cm,0.268,0.298,0.050,Accept,Reject,Reject
P14,Print_Attack,Redup,45cm,0.324,0.301,0.061,Accept,Reject,Reject
P14,Print_Attack,Redup,45cm,0.354,0.299,0.052,Accept,Reject,Reject
P14,Print_Attack,Redup,45cm,0.297,0.301,0.046,Accept,Reject,Reject
P14,Print_Attack,Redup,45cm,0.240,0.305,0.067,Accept,Reject,Reject
P14,Print_Attack,Redup,45cm,0.297,0.291,0.062,Accept,Reject,Reject
P14,Print_Attack,Redup,45cm,0.373,0.282,0.054,Accept,Reject,Reject
P14,Print_Attack,Redup,45cm,0.360,0.301,0.074,Accept,Reject,Reject
P14,Print_Attack,Redup,45cm,0.326,0.289,0.071,Accept,Reject,Reject
P14,Print_Attack,Redup,45cm,0.243,0.294,0.067,Accept,Reject,Reject
P14,Print_Attack,Redup,45cm,0.302,0.297,0.061,Accept,Reject,Reject
P14,Print_Attack,Redup,60cm,0.303,0.281,0.058,Accept,Reject,Reject
P14,Print_Attack,Redup,60cm,0.387,0.294,0.059,Accept,Reject,Reject
P14,Print_Attack,Redup,60cm,0.357,0.302,0.048,Accept,Reject,Reject
P14,Print_Attack,Redup,60cm,0.401,0.292,0.064,Reject,Reject,Reject
P14,Print_Attack,Redup,60cm,0.367,0.285,0.056,Accept,Reject,Reject
P14,Print_Attack,Redup,60cm,0.350,0.286,0.056,Accept,Reject,Reject
P14,Print_Attack,Redup,60cm,0.278,0.300,0.051,Accept,Reject,Reject
P14,Print_Attack,Redup,60cm,0.383,0.285,0.069,Accept,Reject,Reject
P14,Print_Attack,Redup,60cm,0.368,0.295,0.060,Accept,Reject,Reject
P14,Print_Attack,Redup,60cm,0.277,0.288,0.055,Accept,Reject,Reject
P14,Print_Attack,Standar,30cm,0.258,0.283,0.061,Accept,Reject,Reject
P14,Print_Attack,Standar,30cm,0.240,0.291,0.048,Accept,Reject,Reject
P14,Print_Attack,Standar,30cm,0.248,0.291,0.059,Accept,Reject,Reject
P14,Print_Attack,Standar,30cm,0.277,0.298,0.055,Accept,Reject,Reject
P14,Print_Attack,Standar,30cm,0.192,0.296,0.065,Accept,Reject,Reject
P14,Print_Attack,Standar,30cm,0.235,0.294,0.051,Accept,Reject,Reject
P14,Print_Attack,Standar,30cm,0.255,0.285,0.056,Accept,Reject,Reject
P14,Print_Attack,Standar,30cm,0.190,0.300,0.060,Accept,Reject,Reject
P14,Print_Attack,Standar,30cm,0.205,0.291,0.068,Accept,Reject,Reject
P14,Print_Attack,Standar,30cm,0.185,0.293,0.054,Accept,Reject,Reject
P14,Print_Attack,Standar,45cm,0.342,0.296,0.049,Accept,Reject,Reject
P14,Print_Attack,Standar,45cm,0.324,0.298,0.070,Accept,Reject,Reject
P14,Print_Attack,Standar,45cm,0.295,0.301,0.059,Accept,Reject,Reject
P14,Print_Attack,Standar,45cm,0.214,0.280,0.052,Accept,Reject,Reject
P14,Print_Attack,Standar,45cm,0.280,0.285,0.047,Accept,Reject,Reject
P14,Print_Attack,Standar,45cm,0.280,0.298,0.069,Accept,Reject,Reject
P14,Print_Attack,Standar,45cm,0.285,0.305,0.059,Accept,Reject,Reject
P14,Print_Attack,Standar,45cm,0.264,0.292,0.056,Accept,Reject,Reject
P14,Print_Attack,Standar,45cm,0.331,0.291,0.052,Accept,Reject,Reject
P14,Print_Attack,Standar,45cm,0.247,0.301,0.052,Accept,Reject,Reject
P14,Print_Attack,Standar,60cm,0.257,0.296,0.072,Accept,Reject,Reject
P14,Print_Attack,Standar,60cm,0.265,0.288,0.073,Accept,Reject,Reject
P14,Print_Attack,Standar,60cm,0.337,0.282,0.065,Accept,Reject,Reject
P14,Print_Attack,Standar,60cm,0.296,0.287,0.045,Accept,Reject,Reject
P14,Print_Attack,Standar,60cm,0.327,0.286,0.045,Accept,Reject,Reject
P14,Print_Attack,Standar,60cm,0.364,0.283,0.045,Accept,Reject,Reject
P14,Print_Attack,Standar,60cm,0.238,0.298,0.062,Accept,Reject,Reject
P14,Print_Attack,Standar,60cm,0.351,0.283,0.050,Accept,Reject,Reject
P14,Print_Attack,Standar,60cm,0.261,0.298,0.049,Accept,Reject,Reject
P14,Print_Attack,Standar,60cm,0.344,0.299,0.049,Accept,Reject,Reject
P14,Print_Attack,Terang,30cm,0.229,0.281,0.049,Accept,Reject,Reject
P14,Print_Attack,Terang,30cm,0.208,0.290,0.066,Accept,Reject,Reject
P14,Print_Attack,Terang,30cm,0.237,0.288,0.072,Accept,Reject,Reject
P14,Print_Attack,Terang,30cm,0.322,0.283,0.071,Accept,Reject,Reject
P14,Print_Attack,Terang,30cm,0.265,0.304,0.050,Accept,Reject,Reject
P14,Print_Attack,Terang,30cm,0.223,0.302,0.066,Accept,Reject,Reject
P14,Print_Attack,Terang,30cm,0.277,0.295,0.071,Accept,Reject,Reject
P14,Print_Attack,Terang,30cm,0.316,0.298,0.075,Accept,Reject,Reject
P14,Print_Attack,Terang,30cm,0.317,0.299,0.053,Accept,Reject,Reject
P14,Print_Attack,Terang,30cm,0.219,0.299,0.045,Accept,Reject,Reject
P14,Print_Attack,Terang,45cm,0.288,0.300,0.061,Accept,Reject,Reject
P14,Print_Attack,Terang,45cm,0.332,0.302,0.052,Accept,Reject,Reject
P14,Print_Attack,Terang,45cm,0.323,0.301,0.046,Accept,Reject,Reject
P14,Print_Attack,Terang,45cm,0.304,0.298,0.071,Accept,Reject,Reject
P14,Print_Attack,Terang,45cm,0.240,0.300,0.058,Accept,Reject,Reject
P14,Print_Attack,Terang,45cm,0.228,0.287,0.050,Accept,Reject,Reject
P14,Print_Attack,Terang,45cm,0.288,0.297,0.049,Accept,Reject,Reject
P14,Print_Attack,Terang,45cm,0.292,0.286,0.045,Accept,Reject,Reject
P14,Print_Attack,Terang,45cm,0.348,0.296,0.062,Accept,Reject,Reject
P14,Print_Attack,Terang,45cm,0.269,0.299,0.070,Accept,Reject,Reject
P14,Print_Attack,Terang,60cm,0.314,0.301,0.054,Accept,Reject,Reject
P14,Print_Attack,Terang,60cm,0.255,0.291,0.055,Accept,Reject,Reject
P14,Print_Attack,Terang,60cm,0.370,0.281,0.052,Accept,Reject,Reject
P14,Print_Attack,Terang,60cm,0.248,0.303,0.065,Accept,Reject,Reject
P14,Print_Attack,Terang,60cm,0.264,0.299,0.056,Accept,Reject,Reject
P14,Print_Attack,Terang,60cm,0.315,0.298,0.056,Accept,Reject,Reject
P14,Print_Attack,Terang,60cm,0.284,0.292,0.052,Accept,Reject,Reject
P14,Print_Attack,Terang,60cm,0.380,0.300,0.069,Accept,Reject,Reject
P14,Print_Attack,Terang,60cm,0.256,0.302,0.059,Accept,Reject,Reject
P14,Print_Attack,Terang,60cm,0.371,0.286,0.071,Accept,Reject,Reject
P15,Print_Attack,Redup,30cm,0.288,0.285,0.067,Accept,Reject,Reject
P15,Print_Attack,Redup,30cm,0.257,0.287,0.046,Accept,Reject,Reject
P15,Print_Attack,Redup,30cm,0.237,0.285,0.053,Accept,Reject,Reject
P15,Print_Attack,Redup,30cm,0.342,0.288,0.057,Accept,Reject,Reject
P15,Print_Attack,Redup,30cm,0.280,0.289,0.071,Accept,Reject,Reject
P15,Print_Attack,Redup,30cm,0.277,0.297,0.049,Accept,Reject,Reject
P15,Print_Attack,Redup,30cm,0.340,0.291,0.050,Accept,Reject,Reject
P15,Print_Attack,Redup,30cm,0.238,0.294,0.054,Accept,Reject,Reject
P15,Print_Attack,Redup,30cm,0.335,0.288,0.067,Accept,Reject,Reject
P15,Print_Attack,Redup,30cm,0.326,0.285,0.051,Accept,Reject,Reject
P15,Print_Attack,Redup,45cm,0.358,0.301,0.050,Accept,Reject,Reject
P15,Print_Attack,Redup,45cm,0.361,0.290,0.063,Accept,Reject,Reject
P15,Print_Attack,Redup,45cm,0.371,0.295,0.057,Accept,Reject,Reject
P15,Print_Attack,Redup,45cm,0.358,0.300,0.059,Accept,Reject,Reject
P15,Print_Attack,Redup,45cm,0.251,0.301,0.049,Accept,Reject,Reject
P15,Print_Attack,Redup,45cm,0.278,0.281,0.063,Accept,Reject,Reject
P15,Print_Attack,Redup,45cm,0.375,0.284,0.058,Accept,Reject,Reject
P15,Print_Attack,Redup,45cm,0.323,0.291,0.054,Accept,Reject,Reject
P15,Print_Attack,Redup,45cm,0.297,0.287,0.045,Accept,Reject,Reject
P15,Print_Attack,Redup,45cm,0.285,0.299,0.061,Accept,Reject,Reject
P15,Print_Attack,Redup,60cm,0.351,0.302,0.073,Accept,Reject,Reject
P15,Print_Attack,Redup,60cm,0.386,0.303,0.066,Accept,Reject,Reject
P15,Print_Attack,Redup,60cm,0.347,0.300,0.063,Accept,Reject,Reject
P15,Print_Attack,Redup,60cm,0.370,0.281,0.052,Accept,Reject,Reject
P15,Print_Attack,Redup,60cm,0.377,0.301,0.047,Accept,Reject,Reject
P15,Print_Attack,Redup,60cm,0.332,0.291,0.069,Accept,Reject,Reject
P15,Print_Attack,Redup,60cm,0.306,0.304,0.061,Accept,Reject,Reject
P15,Print_Attack,Redup,60cm,0.345,0.280,0.048,Accept,Reject,Reject
P15,Print_Attack,Redup,60cm,0.311,0.293,0.072,Accept,Reject,Reject
P15,Print_Attack,Redup,60cm,0.377,0.303,0.056,Accept,Reject,Reject
P15,Print_Attack,Standar,30cm,0.299,0.302,0.049,Accept,Reject,Reject
P15,Print_Attack,Standar,30cm,0.296,0.299,0.065,Accept,Reject,Reject
P15,Print_Attack,Standar,30cm,0.206,0.284,0.072,Accept,Reject,Reject
P15,Print_Attack,Standar,30cm,0.294,0.303,0.071,Accept,Reject,Reject
P15,Print_Attack,Standar,30cm,0.199,0.288,0.049,Accept,Reject,Reject
P15,Print_Attack,Standar,30cm,0.292,0.298,0.066,Accept,Reject,Reject
P15,Print_Attack,Standar,30cm,0.276,0.281,0.071,Accept,Reject,Reject
P15,Print_Attack,Standar,30cm,0.279,0.299,0.074,Accept,Reject,Reject
P15,Print_Attack,Standar,30cm,0.225,0.291,0.054,Accept,Reject,Reject
P15,Print_Attack,Standar,30cm,0.242,0.280,0.067,Accept,Reject,Reject
P15,Print_Attack,Standar,45cm,0.262,0.305,0.061,Accept,Reject,Reject
P15,Print_Attack,Standar,45cm,0.277,0.292,0.053,Accept,Reject,Reject
P15,Print_Attack,Standar,45cm,0.237,0.305,0.046,Accept,Reject,Reject
P15,Print_Attack,Standar,45cm,0.216,0.302,0.071,Accept,Reject,Reject
P15,Print_Attack,Standar,45cm,0.337,0.289,0.058,Accept,Reject,Reject
P15,Print_Attack,Standar,45cm,0.203,0.293,0.049,Accept,Reject,Reject
P15,Print_Attack,Standar,45cm,0.341,0.288,0.049,Accept,Reject,Reject
P15,Print_Attack,Standar,45cm,0.211,0.284,0.045,Accept,Reject,Reject
P15,Print_Attack,Standar,45cm,0.333,0.302,0.062,Accept,Reject,Reject
P15,Print_Attack,Standar,45cm,0.262,0.292,0.049,Accept,Reject,Reject
P15,Print_Attack,Standar,60cm,0.355,0.294,0.055,Accept,Reject,Reject
P15,Print_Attack,Standar,60cm,0.293,0.292,0.055,Accept,Reject,Reject
P15,Print_Attack,Standar,60cm,0.334,0.300,0.053,Accept,Reject,Reject
P15,Print_Attack,Standar,60cm,0.336,0.298,0.065,Accept,Reject,Reject
P15,Print_Attack,Standar,60cm,0.301,0.301,0.056,Accept,Reject,Reject
P15,Print_Attack,Standar,60cm,0.343,0.291,0.056,Accept,Reject,Reject
P15,Print_Attack,Standar,60cm,0.228,0.292,0.051,Accept,Reject,Reject
P15,Print_Attack,Standar,60cm,0.260,0.286,0.068,Accept,Reject,Reject
P15,Print_Attack,Standar,60cm,0.345,0.298,0.060,Accept,Reject,Reject
P15,Print_Attack,Standar,60cm,0.313,0.288,0.049,Accept,Reject,Reject
P15,Print_Attack,Terang,30cm,0.197,0.296,0.049,Accept,Reject,Reject
P15,Print_Attack,Terang,30cm,0.277,0.295,0.065,Accept,Reject,Reject
P15,Print_Attack,Terang,30cm,0.251,0.291,0.072,Accept,Reject,Reject
P15,Print_Attack,Terang,30cm,0.307,0.295,0.071,Accept,Reject,Reject
P15,Print_Attack,Terang,30cm,0.277,0.292,0.049,Accept,Reject,Reject
P15,Print_Attack,Terang,30cm,0.218,0.300,0.066,Accept,Reject,Reject
P15,Print_Attack,Terang,30cm,0.205,0.296,0.071,Accept,Reject,Reject
P15,Print_Attack,Terang,30cm,0.209,0.285,0.075,Accept,Reject,Reject
P15,Print_Attack,Terang,30cm,0.300,0.290,0.054,Accept,Reject,Reject
P15,Print_Attack,Terang,30cm,0.205,0.296,0.063,Accept,Reject,Reject
P15,Print_Attack,Terang,45cm,0.328,0.282,0.061,Accept,Reject,Reject
P15,Print_Attack,Terang,45cm,0.355,0.296,0.053,Accept,Reject,Reject
P15,Print_Attack,Terang,45cm,0.250,0.297,0.046,Accept,Reject,Reject
P15,Print_Attack,Terang,45cm,0.260,0.285,0.071,Accept,Reject,Reject
P15,Print_Attack,Terang,45cm,0.319,0.285,0.058,Accept,Reject,Reject
P15,Print_Attack,Terang,45cm,0.240,0.286,0.049,Accept,Reject,Reject
P15,Print_Attack,Terang,45cm,0.233,0.293,0.049,Accept,Reject,Reject
P15,Print_Attack,Terang,45cm,0.307,0.301,0.045,Accept,Reject,Reject
P15,Print_Attack,Terang,45cm,0.285,0.281,0.062,Accept,Reject,Reject
P15,Print_Attack,Terang,45cm,0.354,0.288,0.057,Accept,Reject,Reject
P15,Print_Attack,Terang,60cm,0.263,0.302,0.055,Accept,Reject,Reject
P15,Print_Attack,Terang,60cm,0.333,0.300,0.055,Accept,Reject,Reject
P15,Print_Attack,Terang,60cm,0.308,0.296,0.053,Accept,Reject,Reject
P15,Print_Attack,Terang,60cm,0.257,0.299,0.065,Accept,Reject,Reject
P15,Print_Attack,Terang,60cm,0.299,0.290,0.055,Accept,Reject,Reject
P15,Print_Attack,Terang,60cm,0.279,0.281,0.056,Accept,Reject,Reject
P15,Print_Attack,Terang,60cm,0.299,0.294,0.051,Accept,Reject,Reject
P15,Print_Attack,Terang,60cm,0.317,0.282,0.069,Accept,Reject,Reject
P15,Print_Attack,Terang,60cm,0.260,0.280,0.060,Accept,Reject,Reject
P15,Print_Attack,Terang,60cm,0.360,0.294,0.052,Accept,Reject,Reject
P16,Print_Attack,Redup,30cm,0.344,0.287,0.066,Accept,Reject,Reject
P16,Print_Attack,Redup,30cm,0.327,0.304,0.049,Accept,Reject,Reject
P16,Print_Attack,Redup,30cm,0.220,0.290,0.072,Accept,Reject,Reject
P16,Print_Attack,Redup,30cm,0.221,0.286,0.071,Accept,Reject,Reject
P16,Print_Attack,Redup,30cm,0.248,0.287,0.066,Accept,Reject,Reject
P16,Print_Attack,Redup,30cm,0.240,0.288,0.050,Accept,Reject,Reject
P16,Print_Attack,Redup,30cm,0.277,0.298,0.071,Accept,Reject,Reject
P16,Print_Attack,Redup,30cm,0.265,0.294,0.067,Accept,Reject,Reject
P16,Print_Attack,Redup,30cm,0.232,0.290,0.062,Accept,Reject,Reject
P16,Print_Attack,Redup,30cm,0.261,0.290,0.050,Accept,Reject,Reject
P16,Print_Attack,Redup,45cm,0.330,0.286,0.052,Accept,Reject,Reject
P16,Print_Attack,Redup,45cm,0.317,0.285,0.061,Accept,Reject,Reject
P16,Print_Attack,Redup,45cm,0.264,0.283,0.068,Accept,Reject,Reject
P16,Print_Attack,Redup,45cm,0.316,0.301,0.049,Accept,Reject,Reject
P16,Print_Attack,Redup,45cm,0.348,0.285,0.050,Accept,Reject,Reject
P16,Print_Attack,Redup,45cm,0.240,0.297,0.058,Accept,Reject,Reject
P16,Print_Attack,Redup,45cm,0.275,0.301,0.071,Accept,Reject,Reject
P16,Print_Attack,Redup,45cm,0.372,0.285,0.045,Accept,Reject,Reject
P16,Print_Attack,Redup,45cm,0.282,0.286,0.045,Accept,Reject,Reject
P16,Print_Attack,Redup,45cm,0.279,0.281,0.060,Accept,Reject,Reject
P16,Print_Attack,Redup,60cm,0.313,0.300,0.055,Accept,Reject,Reject
P16,Print_Attack,Redup,60cm,0.269,0.285,0.054,Accept,Reject,Reject
P16,Print_Attack,Redup,60cm,0.320,0.302,0.066,Accept,Reject,Reject
P16,Print_Attack,Redup,60cm,0.340,0.294,0.052,Accept,Reject,Reject
P16,Print_Attack,Redup,60cm,0.331,0.295,0.056,Accept,Reject,Reject
P16,Print_Attack,Redup,60cm,0.329,0.297,0.056,Accept,Reject,Reject
P16,Print_Attack,Redup,60cm,0.292,0.282,0.065,Accept,Reject,Reject
P16,Print_Attack,Redup,60cm,0.322,0.284,0.047,Accept,Reject,Reject
P16,Print_Attack,Redup,60cm,0.314,0.305,0.052,Accept,Reject,Reject
P16,Print_Attack,Redup,60cm,0.307,0.287,0.057,Accept,Reject,Reject
P16,Print_Attack,Standar,30cm,0.304,0.281,0.071,Accept,Reject,Reject
P16,Print_Attack,Standar,30cm,0.311,0.295,0.049,Accept,Reject,Reject
P16,Print_Attack,Standar,30cm,0.309,0.291,0.049,Accept,Reject,Reject
P16,Print_Attack,Standar,30cm,0.319,0.290,0.061,Accept,Reject,Reject
P16,Print_Attack,Standar,30cm,0.213,0.303,0.068,Accept,Reject,Reject
P16,Print_Attack,Standar,30cm,0.235,0.297,0.045,Accept,Reject,Reject
P16,Print_Attack,Standar,30cm,0.210,0.280,0.053,Accept,Reject,Reject
P16,Print_Attack,Standar,30cm,0.251,0.299,0.065,Accept,Reject,Reject
P16,Print_Attack,Standar,30cm,0.204,0.291,0.072,Accept,Reject,Reject
P16,Print_Attack,Standar,30cm,0.244,0.287,0.067,Accept,Reject,Reject
P16,Print_Attack,Standar,45cm,0.316,0.293,0.071,Accept,Reject,Reject
P16,Print_Attack,Standar,45cm,0.295,0.292,0.071,Accept,Reject,Reject
P16,Print_Attack,Standar,45cm,0.215,0.281,0.067,Accept,Reject,Reject
P16,Print_Attack,Standar,45cm,0.253,0.299,0.049,Accept,Reject,Reject
P16,Print_Attack,Standar,45cm,0.339,0.296,0.072,Accept,Reject,Reject
P16,Print_Attack,Standar,45cm,0.338,0.285,0.072,Accept,Reject,Reject
P16,Print_Attack,Standar,45cm,0.251,0.293,0.065,Accept,Reject,Reject
P16,Print_Attack,Standar,45cm,0.245,0.291,0.052,Accept,Reject,Reject
P16,Print_Attack,Standar,45cm,0.312,0.296,0.046,Accept,Reject,Reject
P16,Print_Attack,Standar,45cm,0.310,0.300,0.053,Accept,Reject,Reject
P16,Print_Attack,Standar,60cm,0.241,0.299,0.047,Accept,Reject,Reject
P16,Print_Attack,Standar,60cm,0.286,0.287,0.069,Accept,Reject,Reject
P16,Print_Attack,Standar,60cm,0.275,0.281,0.060,Accept,Reject,Reject
P16,Print_Attack,Standar,60cm,0.361,0.283,0.055,Accept,Reject,Reject
P16,Print_Attack,Standar,60cm,0.315,0.289,0.075,Accept,Reject,Reject
P16,Print_Attack,Standar,60cm,0.285,0.291,0.066,Accept,Reject,Reject
P16,Print_Attack,Standar,60cm,0.303,0.293,0.063,Accept,Reject,Reject
P16,Print_Attack,Standar,60cm,0.353,0.285,0.059,Accept,Reject,Reject
P16,Print_Attack,Standar,60cm,0.307,0.296,0.048,Accept,Reject,Reject
P16,Print_Attack,Standar,60cm,0.311,0.303,0.074,Accept,Reject,Reject
P16,Print_Attack,Terang,30cm,0.314,0.298,0.048,Accept,Reject,Reject
P16,Print_Attack,Terang,30cm,0.255,0.296,0.064,Accept,Reject,Reject
P16,Print_Attack,Terang,30cm,0.230,0.301,0.073,Accept,Reject,Reject
P16,Print_Attack,Terang,30cm,0.277,0.299,0.070,Accept,Reject,Reject
P16,Print_Attack,Terang,30cm,0.287,0.294,0.051,Accept,Reject,Reject
P16,Print_Attack,Terang,30cm,0.249,0.303,0.068,Accept,Reject,Reject
P16,Print_Attack,Terang,30cm,0.336,0.301,0.070,Accept,Reject,Reject
P16,Print_Attack,Terang,30cm,0.329,0.286,0.073,Accept,Reject,Reject
P16,Print_Attack,Terang,30cm,0.200,0.300,0.055,Accept,Reject,Reject
P16,Print_Attack,Terang,30cm,0.268,0.296,0.051,Accept,Reject,Reject
P16,Print_Attack,Terang,45cm,0.342,0.287,0.060,Accept,Reject,Reject
P16,Print_Attack,Terang,45cm,0.225,0.300,0.052,Accept,Reject,Reject
P16,Print_Attack,Terang,45cm,0.322,0.285,0.047,Accept,Reject,Reject
P16,Print_Attack,Terang,45cm,0.223,0.298,0.070,Accept,Reject,Reject
P16,Print_Attack,Terang,45cm,0.241,0.294,0.059,Accept,Reject,Reject
P16,Print_Attack,Terang,45cm,0.321,0.296,0.050,Accept,Reject,Reject
P16,Print_Attack,Terang,45cm,0.354,0.282,0.048,Accept,Reject,Reject
P16,Print_Attack,Terang,45cm,0.274,0.300,0.075,Accept,Reject,Reject
P16,Print_Attack,Terang,45cm,0.252,0.289,0.063,Accept,Reject,Reject
P16,Print_Attack,Terang,45cm,0.356,0.283,0.071,Accept,Reject,Reject
P16,Print_Attack,Terang,60cm,0.336,0.281,0.054,Accept,Reject,Reject
P16,Print_Attack,Terang,60cm,0.265,0.280,0.054,Accept,Reject,Reject
P16,Print_Attack,Terang,60cm,0.303,0.284,0.054,Accept,Reject,Reject
P16,Print_Attack,Terang,60cm,0.312,0.288,0.064,Accept,Reject,Reject
P16,Print_Attack,Terang,60cm,0.314,0.301,0.056,Accept,Reject,Reject
P16,Print_Attack,Terang,60cm,0.273,0.290,0.057,Accept,Reject,Reject
P16,Print_Attack,Terang,60cm,0.333,0.282,0.050,Accept,Reject,Reject
P16,Print_Attack,Terang,60cm,0.346,0.281,0.068,Accept,Reject,Reject
P16,Print_Attack,Terang,60cm,0.288,0.289,0.061,Accept,Reject,Reject
P16,Print_Attack,Terang,60cm,0.378,0.294,0.070,Accept,Reject,Reject
P17,Print_Attack,Redup,30cm,0.285,0.295,0.046,Accept,Reject,Reject
P17,Print_Attack,Redup,30cm,0.349,0.298,0.067,Accept,Reject,Reject
P17,Print_Attack,Redup,30cm,0.250,0.287,0.061,Accept,Reject,Reject
P17,Print_Attack,Redup,30cm,0.223,0.287,0.054,Accept,Reject,Reject
P17,Print_Attack,Redup,30cm,0.307,0.304,0.075,Accept,Reject,Reject
P17,Print_Attack,Redup,30cm,0.262,0.292,0.067,Accept,Reject,Reject
P17,Print_Attack,Redup,30cm,0.329,0.286,0.061,Accept,Reject,Reject
P17,Print_Attack,Redup,30cm,0.248,0.288,0.058,Accept,Reject,Reject
P17,Print_Attack,Redup,30cm,0.331,0.300,0.049,Accept,Reject,Reject
P17,Print_Attack,Redup,30cm,0.234,0.288,0.050,Accept,Reject,Reject
P17,Print_Attack,Redup,45cm,0.260,0.283,0.064,Accept,Reject,Reject
P17,Print_Attack,Redup,45cm,0.272,0.292,0.051,Accept,Reject,Reject
P17,Print_Attack,Redup,45cm,0.362,0.305,0.057,Accept,Reject,Reject
P17,Print_Attack,Redup,45cm,0.353,0.291,0.053,Accept,Reject,Reject
P17,Print_Attack,Redup,45cm,0.241,0.302,0.067,Accept,Reject,Reject
P17,Print_Attack,Redup,45cm,0.318,0.300,0.053,Accept,Reject,Reject
P17,Print_Attack,Redup,45cm,0.272,0.304,0.054,Accept,Reject,Reject
P17,Print_Attack,Redup,45cm,0.275,0.304,0.058,Accept,Reject,Reject
P17,Print_Attack,Redup,45cm,0.262,0.282,0.071,Accept,Reject,Reject
P17,Print_Attack,Redup,45cm,0.307,0.289,0.061,Accept,Reject,Reject
P17,Print_Attack,Redup,60cm,0.293,0.302,0.071,Accept,Reject,Reject
P17,Print_Attack,Redup,60cm,0.295,0.299,0.048,Accept,Reject,Reject
P17,Print_Attack,Redup,60cm,0.286,0.295,0.051,Accept,Reject,Reject
P17,Print_Attack,Redup,60cm,0.307,0.291,0.060,Accept,Reject,Reject
P17,Print_Attack,Redup,60cm,0.370,0.282,0.069,Accept,Reject,Reject
P17,Print_Attack,Redup,60cm,0.393,0.294,0.047,Accept,Reject,Reject
P17,Print_Attack,Redup,60cm,0.338,0.289,0.052,Accept,Reject,Reject
P17,Print_Attack,Redup,60cm,0.270,0.285,0.064,Accept,Reject,Reject
P17,Print_Attack,Redup,60cm,0.274,0.297,0.073,Accept,Reject,Reject
P17,Print_Attack,Redup,60cm,0.316,0.302,0.056,Accept,Reject,Reject
P17,Print_Attack,Standar,30cm,0.242,0.282,0.052,Accept,Reject,Reject
P17,Print_Attack,Standar,30cm,0.297,0.303,0.059,Accept,Reject,Reject
P17,Print_Attack,Standar,30cm,0.186,0.305,0.069,Accept,Reject,Reject
P17,Print_Attack,Standar,30cm,0.299,0.291,0.048,Accept,Reject,Reject
P17,Print_Attack,Standar,30cm,0.269,0.302,0.051,Accept,Reject,Reject
P17,Print_Attack,Standar,30cm,0.275,0.290,0.059,Accept,Reject,Reject
P17,Print_Attack,Standar,30cm,0.259,0.290,0.069,Accept,Reject,Reject
P17,Print_Attack,Standar,30cm,0.261,0.281,0.052,Accept,Reject,Reject
P17,Print_Attack,Standar,30cm,0.312,0.287,0.055,Accept,Reject,Reject
P17,Print_Attack,Standar,30cm,0.231,0.300,0.057,Accept,Reject,Reject
P17,Print_Attack,Standar,45cm,0.277,0.302,0.056,Accept,Reject,Reject
P17,Print_Attack,Standar,45cm,0.255,0.293,0.057,Accept,Reject,Reject
P17,Print_Attack,Standar,45cm,0.298,0.281,0.051,Accept,Reject,Reject
P17,Print_Attack,Standar,45cm,0.291,0.281,0.062,Accept,Reject,Reject
P17,Print_Attack,Standar,45cm,0.209,0.286,0.059,Accept,Reject,Reject
P17,Print_Attack,Standar,45cm,0.281,0.284,0.059,Accept,Reject,Reject
P17,Print_Attack,Standar,45cm,0.276,0.293,0.049,Accept,Reject,Reject
P17,Print_Attack,Standar,45cm,0.209,0.283,0.066,Accept,Reject,Reject
P17,Print_Attack,Standar,45cm,0.287,0.304,0.062,Accept,Reject,Reject
P17,Print_Attack,Standar,45cm,0.252,0.283,0.052,Accept,Reject,Reject
P17,Print_Attack,Standar,60cm,0.240,0.298,0.062,Accept,Reject,Reject
P17,Print_Attack,Standar,60cm,0.322,0.299,0.054,Accept,Reject,Reject
P17,Print_Attack,Standar,60cm,0.274,0.295,0.075,Accept,Reject,Reject
P17,Print_Attack,Standar,60cm,0.296,0.304,0.068,Accept,Reject,Reject
P17,Print_Attack,Standar,60cm,0.242,0.290,0.061,Accept,Reject,Reject
P17,Print_Attack,Standar,60cm,0.285,0.304,0.053,Accept,Reject,Reject
P17,Print_Attack,Standar,60cm,0.263,0.304,0.046,Accept,Reject,Reject
P17,Print_Attack,Standar,60cm,0.279,0.287,0.072,Accept,Reject,Reject
P17,Print_Attack,Standar,60cm,0.364,0.293,0.065,Accept,Reject,Reject
P17,Print_Attack,Standar,60cm,0.227,0.299,0.048,Accept,Reject,Reject
P17,Print_Attack,Terang,30cm,0.274,0.300,0.047,Accept,Reject,Reject
P17,Print_Attack,Terang,30cm,0.251,0.282,0.064,Accept,Reject,Reject
P17,Print_Attack,Terang,30cm,0.198,0.288,0.073,Accept,Reject,Reject
P17,Print_Attack,Terang,30cm,0.204,0.303,0.069,Accept,Reject,Reject
P17,Print_Attack,Terang,30cm,0.248,0.295,0.051,Accept,Reject,Reject
P17,Print_Attack,Terang,30cm,0.225,0.295,0.067,Accept,Reject,Reject
P17,Print_Attack,Terang,30cm,0.316,0.291,0.070,Accept,Reject,Reject
P17,Print_Attack,Terang,30cm,0.244,0.284,0.074,Accept,Reject,Reject
P17,Print_Attack,Terang,30cm,0.249,0.294,0.055,Accept,Reject,Reject
P17,Print_Attack,Terang,30cm,0.325,0.293,0.062,Accept,Reject,Reject
P17,Print_Attack,Terang,45cm,0.333,0.284,0.060,Accept,Reject,Reject
P17,Print_Attack,Terang,45cm,0.237,0.285,0.051,Accept,Reject,Reject
P17,Print_Attack,Terang,45cm,0.229,0.294,0.047,Accept,Reject,Reject
P17,Print_Attack,Terang,45cm,0.309,0.290,0.071,Accept,Reject,Reject
P17,Print_Attack,Terang,45cm,0.287,0.289,0.059,Accept,Reject,Reject
P17,Print_Attack,Terang,45cm,0.297,0.303,0.051,Accept,Reject,Reject
P17,Print_Attack,Terang,45cm,0.314,0.290,0.048,Accept,Reject,Reject
P17,Print_Attack,Terang,45cm,0.351,0.281,0.074,Accept,Reject,Reject
P17,Print_Attack,Terang,45cm,0.329,0.298,0.063,Accept,Reject,Reject
P17,Print_Attack,Terang,45cm,0.342,0.286,0.051,Accept,Reject,Reject
P17,Print_Attack,Terang,60cm,0.291,0.285,0.053,Accept,Reject,Reject
P17,Print_Attack,Terang,60cm,0.375,0.300,0.054,Accept,Reject,Reject
P17,Print_Attack,Terang,60cm,0.350,0.300,0.053,Accept,Reject,Reject
P17,Print_Attack,Terang,60cm,0.332,0.296,0.064,Accept,Reject,Reject
P17,Print_Attack,Terang,60cm,0.251,0.290,0.057,Accept,Reject,Reject
P17,Print_Attack,Terang,60cm,0.285,0.288,0.057,Accept,Reject,Reject
P17,Print_Attack,Terang,60cm,0.351,0.283,0.051,Accept,Reject,Reject
P17,Print_Attack,Terang,60cm,0.374,0.296,0.068,Accept,Reject,Reject
P17,Print_Attack,Terang,60cm,0.311,0.280,0.060,Accept,Reject,Reject
P17,Print_Attack,Terang,60cm,0.302,0.281,0.057,Accept,Reject,Reject
P18,Print_Attack,Redup,30cm,0.228,0.283,0.068,Accept,Reject,Reject
P18,Print_Attack,Redup,30cm,0.246,0.303,0.045,Accept,Reject,Reject
P18,Print_Attack,Redup,30cm,0.315,0.293,0.053,Accept,Reject,Reject
P18,Print_Attack,Redup,30cm,0.309,0.289,0.062,Accept,Reject,Reject
P18,Print_Attack,Redup,30cm,0.223,0.287,0.067,Accept,Reject,Reject
P18,Print_Attack,Redup,30cm,0.286,0.300,0.075,Accept,Reject,Reject
P18,Print_Attack,Redup,30cm,0.302,0.288,0.053,Accept,Reject,Reject
P18,Print_Attack,Redup,30cm,0.292,0.298,0.066,Accept,Reject,Reject
P18,Print_Attack,Redup,30cm,0.326,0.304,0.071,Accept,Reject,Reject
P18,Print_Attack,Redup,30cm,0.223,0.291,0.054,Accept,Reject,Reject
P18,Print_Attack,Redup,45cm,0.276,0.287,0.072,Accept,Reject,Reject
P18,Print_Attack,Redup,45cm,0.335,0.302,0.073,Accept,Reject,Reject
P18,Print_Attack,Redup,45cm,0.296,0.303,0.065,Accept,Reject,Reject
P18,Print_Attack,Redup,45cm,0.265,0.294,0.045,Accept,Reject,Reject
P18,Print_Attack,Redup,45cm,0.285,0.286,0.045,Accept,Reject,Reject
P18,Print_Attack,Redup,45cm,0.254,0.284,0.045,Accept,Reject,Reject
P18,Print_Attack,Redup,45cm,0.297,0.281,0.062,Accept,Reject,Reject
P18,Print_Attack,Redup,45cm,0.371,0.290,0.050,Accept,Reject,Reject
P18,Print_Attack,Redup,45cm,0.310,0.287,0.049,Accept,Reject,Reject
P18,Print_Attack,Redup,45cm,0.248,0.290,0.064,Accept,Reject,Reject
P18,Print_Attack,Redup,60cm,0.307,0.281,0.049,Accept,Reject,Reject
P18,Print_Attack,Redup,60cm,0.361,0.284,0.070,Accept,Reject,Reject
P18,Print_Attack,Redup,60cm,0.361,0.293,0.059,Accept,Reject,Reject
P18,Print_Attack,Redup,60cm,0.361,0.293,0.052,Accept,Reject,Reject
P18,Print_Attack,Redup,60cm,0.276,0.291,0.047,Accept,Reject,Reject
P18,Print_Attack,Redup,60cm,0.326,0.303,0.069,Accept,Reject,Reject
P18,Print_Attack,Redup,60cm,0.361,0.291,0.059,Accept,Reject,Reject
P18,Print_Attack,Redup,60cm,0.363,0.296,0.056,Accept,Reject,Reject
P18,Print_Attack,Redup,60cm,0.319,0.302,0.051,Accept,Reject,Reject
P18,Print_Attack,Redup,60cm,0.336,0.285,0.061,Accept,Reject,Reject
P18,Print_Attack,Standar,30cm,0.239,0.286,0.065,Accept,Reject,Reject
P18,Print_Attack,Standar,30cm,0.262,0.299,0.048,Accept,Reject,Reject
P18,Print_Attack,Standar,30cm,0.315,0.297,0.073,Accept,Reject,Reject
P18,Print_Attack,Standar,30cm,0.290,0.286,0.070,Accept,Reject,Reject
P18,Print_Attack,Standar,30cm,0.277,0.304,0.067,Accept,Reject,Reject
P18,Print_Attack,Standar,30cm,0.211,0.284,0.051,Accept,Reject,Reject
P18,Print_Attack,Standar,30cm,0.286,0.295,0.069,Accept,Reject,Reject
P18,Print_Attack,Standar,30cm,0.217,0.294,0.066,Accept,Reject,Reject
P18,Print_Attack,Standar,30cm,0.185,0.296,0.063,Accept,Reject,Reject
P18,Print_Attack,Standar,30cm,0.243,0.298,0.064,Accept,Reject,Reject
P18,Print_Attack,Standar,45cm,0.282,0.301,0.051,Accept,Reject,Reject
P18,Print_Attack,Standar,45cm,0.208,0.302,0.060,Accept,Reject,Reject
P18,Print_Attack,Standar,45cm,0.276,0.282,0.069,Accept,Reject,Reject
P18,Print_Attack,Standar,45cm,0.252,0.301,0.048,Accept,Reject,Reject
P18,Print_Attack,Standar,45cm,0.247,0.286,0.051,Accept,Reject,Reject
P18,Print_Attack,Standar,45cm,0.218,0.295,0.059,Accept,Reject,Reject
P18,Print_Attack,Standar,45cm,0.292,0.281,0.070,Accept,Reject,Reject
P18,Print_Attack,Standar,45cm,0.286,0.302,0.074,Accept,Reject,Reject
P18,Print_Attack,Standar,45cm,0.340,0.291,0.046,Accept,Reject,Reject
P18,Print_Attack,Standar,45cm,0.268,0.281,0.053,Accept,Reject,Reject
P18,Print_Attack,Standar,60cm,0.248,0.295,0.054,Accept,Reject,Reject
P18,Print_Attack,Standar,60cm,0.305,0.284,0.053,Accept,Reject,Reject
P18,Print_Attack,Standar,60cm,0.336,0.282,0.067,Accept,Reject,Reject
P18,Print_Attack,Standar,60cm,0.348,0.291,0.050,Accept,Reject,Reject
P18,Print_Attack,Standar,60cm,0.302,0.292,0.057,Accept,Reject,Reject
P18,Print_Attack,Standar,60cm,0.358,0.289,0.057,Accept,Reject,Reject
P18,Print_Attack,Standar,60cm,0.361,0.281,0.063,Accept,Reject,Reject
P18,Print_Attack,Standar,60cm,0.354,0.282,0.046,Accept,Reject,Reject
P18,Print_Attack,Standar,60cm,0.349,0.290,0.053,Accept,Reject,Reject
P18,Print_Attack,Standar,60cm,0.248,0.299,0.055,Accept,Reject,Reject
P18,Print_Attack,Terang,30cm,0.266,0.302,0.052,Accept,Reject,Reject
P18,Print_Attack,Terang,30cm,0.260,0.285,0.060,Accept,Reject,Reject
P18,Print_Attack,Terang,30cm,0.248,0.299,0.069,Accept,Reject,Reject
P18,Print_Attack,Terang,30cm,0.249,0.282,0.074,Accept,Reject,Reject
P18,Print_Attack,Terang,30cm,0.320,0.292,0.055,Accept,Reject,Reject
P18,Print_Attack,Terang,30cm,0.291,0.294,0.064,Accept,Reject,Reject
P18,Print_Attack,Terang,30cm,0.229,0.295,0.066,Accept,Reject,Reject
P18,Print_Attack,Terang,30cm,0.204,0.305,0.069,Accept,Reject,Reject
P18,Print_Attack,Terang,30cm,0.315,0.297,0.051,Accept,Reject,Reject
P18,Print_Attack,Terang,30cm,0.220,0.297,0.055,Accept,Reject,Reject
P18,Print_Attack,Terang,45cm,0.249,0.286,0.064,Accept,Reject,Reject
P18,Print_Attack,Terang,45cm,0.278,0.290,0.048,Accept,Reject,Reject
P18,Print_Attack,Terang,45cm,0.262,0.303,0.072,Accept,Reject,Reject
P18,Print_Attack,Terang,45cm,0.353,0.304,0.074,Accept,Reject,Reject
P18,Print_Attack,Terang,45cm,0.273,0.297,0.063,Accept,Reject,Reject
P18,Print_Attack,Terang,45cm,0.273,0.286,0.046,Accept,Reject,Reject
P18,Print_Attack,Terang,45cm,0.353,0.282,0.074,Accept,Reject,Reject
P18,Print_Attack,Terang,45cm,0.294,0.292,0.071,Accept,Reject,Reject
P18,Print_Attack,Terang,45cm,0.353,0.290,0.059,Accept,Reject,Reject
P18,Print_Attack,Terang,45cm,0.352,0.281,0.056,Accept,Reject,Reject
P18,Print_Attack,Terang,60cm,0.298,0.280,0.058,Accept,Reject,Reject
P18,Print_Attack,Terang,60cm,0.251,0.296,0.050,Accept,Reject,Reject
P18,Print_Attack,Terang,60cm,0.348,0.303,0.050,Accept,Reject,Reject
P18,Print_Attack,Terang,60cm,0.377,0.294,0.068,Accept,Reject,Reject
P18,Print_Attack,Terang,60cm,0.247,0.304,0.060,Accept,Reject,Reject
P18,Print_Attack,Terang,60cm,0.285,0.305,0.053,Accept,Reject,Reject
P18,Print_Attack,Terang,60cm,0.284,0.281,0.046,Accept,Reject,Reject
P18,Print_Attack,Terang,60cm,0.331,0.298,0.064,Accept,Reject,Reject
P18,Print_Attack,Terang,60cm,0.323,0.291,0.057,Accept,Reject,Reject
P18,Print_Attack,Terang,60cm,0.364,0.286,0.061,Accept,Reject,Reject
P01,Screen_Attack,Redup,30cm,0.326,0.303,0.050,Accept,Reject,Reject
P01,Screen_Attack,Redup,30cm,0.375,0.284,0.068,Accept,Reject,Reject
P01,Screen_Attack,Redup,30cm,0.278,0.288,0.079,Accept,Reject,Reject
P01,Screen_Attack,Redup,30cm,0.398,0.282,0.078,Accept,Reject,Reject
P01,Screen_Attack,Redup,30cm,0.391,0.300,0.051,Accept,Reject,Reject
P01,Screen_Attack,Redup,30cm,0.365,0.298,0.068,Accept,Reject,Reject
P01,Screen_Attack,Redup,30cm,0.294,0.296,0.079,Accept,Reject,Reject
P01,Screen_Attack,Redup,30cm,0.323,0.277,0.050,Accept,Reject,Reject
P01,Screen_Attack,Redup,30cm,0.337,0.285,0.054,Accept,Reject,Reject
P01,Screen_Attack,Redup,30cm,0.305,0.288,0.074,Accept,Reject,Reject
P01,Screen_Attack,Redup,45cm,0.290,0.280,0.068,Accept,Reject,Reject
P01,Screen_Attack,Redup,45cm,0.343,0.283,0.058,Accept,Reject,Reject
P01,Screen_Attack,Redup,45cm,0.419,0.289,0.079,Reject,Reject,Reject
P01,Screen_Attack,Redup,45cm,0.350,0.286,0.074,Accept,Reject,Reject
P01,Screen_Attack,Redup,45cm,0.420,0.280,0.064,Reject,Reject,Reject
P01,Screen_Attack,Redup,45cm,0.350,0.295,0.055,Accept,Reject,Reject
P01,Screen_Attack,Redup,45cm,0.350,0.285,0.049,Accept,Reject,Reject
P01,Screen_Attack,Redup,45cm,0.387,0.277,0.078,Accept,Reject,Reject
P01,Screen_Attack,Redup,45cm,0.392,0.296,0.069,Accept,Reject,Reject
P01,Screen_Attack,Redup,45cm,0.331,0.298,0.077,Accept,Reject,Reject
P01,Screen_Attack,Redup,60cm,0.320,0.280,0.060,Accept,Reject,Reject
P01,Screen_Attack,Redup,60cm,0.411,0.300,0.061,Reject,Reject,Reject
P01,Screen_Attack,Redup,60cm,0.434,0.297,0.053,Reject,Reject,Reject
P01,Screen_Attack,Redup,60cm,0.425,0.293,0.066,Reject,Reject,Reject
P01,Screen_Attack,Redup,60cm,0.315,0.280,0.062,Accept,Reject,Reject
P01,Screen_Attack,Redup,60cm,0.427,0.277,0.062,Reject,Reject,Reject
P01,Screen_Attack,Redup,60cm,0.444,0.277,0.053,Reject,Reject,Reject
P01,Screen_Attack,Redup,60cm,0.330,0.296,0.071,Accept,Reject,Reject
P01,Screen_Attack,Redup,60cm,0.327,0.304,0.066,Accept,Reject,Reject
P01,Screen_Attack,Redup,60cm,0.412,0.285,0.050,Reject,Reject,Reject
P01,Screen_Attack,Standar,30cm,0.285,0.284,0.077,Accept,Reject,Reject
P01,Screen_Attack,Standar,30cm,0.259,0.302,0.078,Accept,Reject,Reject
P01,Screen_Attack,Standar,30cm,0.245,0.304,0.069,Accept,Reject,Reject
P01,Screen_Attack,Standar,30cm,0.321,0.294,0.048,Accept,Reject,Reject
P01,Screen_Attack,Standar,30cm,0.220,0.284,0.048,Accept,Reject,Reject
P01,Screen_Attack,Standar,30cm,0.242,0.282,0.048,Accept,Reject,Reject
P01,Screen_Attack,Standar,30cm,0.317,0.279,0.066,Accept,Reject,Reject
P01,Screen_Attack,Standar,30cm,0.260,0.287,0.053,Accept,Reject,Reject
P01,Screen_Attack,Standar,30cm,0.224,0.283,0.052,Accept,Reject,Reject
P01,Screen_Attack,Standar,30cm,0.257,0.285,0.079,Accept,Reject,Reject
P01,Screen_Attack,Standar,45cm,0.373,0.280,0.073,Accept,Reject,Reject
P01,Screen_Attack,Standar,45cm,0.352,0.275,0.048,Accept,Reject,Reject
P01,Screen_Attack,Standar,45cm,0.247,0.293,0.056,Accept,Reject,Reject
P01,Screen_Attack,Standar,45cm,0.264,0.286,0.067,Accept,Reject,Reject
P01,Screen_Attack,Standar,45cm,0.292,0.283,0.071,Accept,Reject,Reject
P01,Screen_Attack,Standar,45cm,0.325,0.299,0.080,Accept,Reject,Reject
P01,Screen_Attack,Standar,45cm,0.312,0.285,0.057,Accept,Reject,Reject
P01,Screen_Attack,Standar,45cm,0.242,0.294,0.070,Accept,Reject,Reject
P01,Screen_Attack,Standar,45cm,0.250,0.302,0.076,Accept,Reject,Reject
P01,Screen_Attack,Standar,45cm,0.249,0.289,0.073,Accept,Reject,Reject
P01,Screen_Attack,Standar,60cm,0.334,0.286,0.065,Accept,Reject,Reject
P01,Screen_Attack,Standar,60cm,0.356,0.298,0.051,Accept,Reject,Reject
P01,Screen_Attack,Standar,60cm,0.348,0.276,0.063,Accept,Reject,Reject
P01,Screen_Attack,Standar,60cm,0.318,0.288,0.059,Accept,Reject,Reject
P01,Screen_Attack,Standar,60cm,0.317,0.278,0.069,Accept,Reject,Reject
P01,Screen_Attack,Standar,60cm,0.376,0.305,0.054,Accept,Reject,Reject
P01,Screen_Attack,Standar,60cm,0.382,0.301,0.060,Accept,Reject,Reject
P01,Screen_Attack,Standar,60cm,0.388,0.289,0.064,Accept,Reject,Reject
P01,Screen_Attack,Standar,60cm,0.387,0.286,0.073,Accept,Reject,Reject
P01,Screen_Attack,Standar,60cm,0.303,0.283,0.069,Accept,Reject,Reject
P01,Screen_Attack,Terang,30cm,0.260,0.299,0.073,Accept,Reject,Reject
P01,Screen_Attack,Terang,30cm,0.334,0.286,0.049,Accept,Reject,Reject
P01,Screen_Attack,Terang,30cm,0.241,0.283,0.056,Accept,Reject,Reject
P01,Screen_Attack,Terang,30cm,0.276,0.278,0.062,Accept,Reject,Reject
P01,Screen_Attack,Terang,30cm,0.297,0.280,0.076,Accept,Reject,Reject
P01,Screen_Attack,Terang,30cm,0.237,0.304,0.052,Accept,Reject,Reject
P01,Screen_Attack,Terang,30cm,0.242,0.296,0.053,Accept,Reject,Reject
P01,Screen_Attack,Terang,30cm,0.237,0.279,0.066,Accept,Reject,Reject
P01,Screen_Attack,Terang,30cm,0.278,0.301,0.080,Accept,Reject,Reject
P01,Screen_Attack,Terang,30cm,0.370,0.282,0.074,Accept,Reject,Reject
P01,Screen_Attack,Terang,45cm,0.365,0.302,0.077,Accept,Reject,Reject
P01,Screen_Attack,Terang,45cm,0.274,0.301,0.077,Accept,Reject,Reject
P01,Screen_Attack,Terang,45cm,0.349,0.277,0.070,Accept,Reject,Reject
P01,Screen_Attack,Terang,45cm,0.256,0.295,0.053,Accept,Reject,Reject
P01,Screen_Attack,Terang,45cm,0.364,0.297,0.075,Accept,Reject,Reject
P01,Screen_Attack,Terang,45cm,0.295,0.284,0.076,Accept,Reject,Reject
P01,Screen_Attack,Terang,45cm,0.321,0.288,0.070,Accept,Reject,Reject
P01,Screen_Attack,Terang,45cm,0.256,0.281,0.057,Accept,Reject,Reject
P01,Screen_Attack,Terang,45cm,0.300,0.277,0.080,Accept,Reject,Reject
P01,Screen_Attack,Terang,45cm,0.386,0.280,0.054,Accept,Reject,Reject
P01,Screen_Attack,Terang,60cm,0.314,0.279,0.079,Accept,Reject,Reject
P01,Screen_Attack,Terang,60cm,0.296,0.294,0.070,Accept,Reject,Reject
P01,Screen_Attack,Terang,60cm,0.327,0.290,0.067,Accept,Reject,Reject
P01,Screen_Attack,Terang,60cm,0.277,0.295,0.055,Accept,Reject,Reject
P01,Screen_Attack,Terang,60cm,0.345,0.289,0.050,Accept,Reject,Reject
P01,Screen_Attack,Terang,60cm,0.397,0.292,0.073,Accept,Reject,Reject
P01,Screen_Attack,Terang,60cm,0.281,0.277,0.064,Accept,Reject,Reject
P01,Screen_Attack,Terang,60cm,0.368,0.303,0.060,Accept,Reject,Reject
P01,Screen_Attack,Terang,60cm,0.394,0.289,0.054,Accept,Reject,Reject
P01,Screen_Attack,Terang,60cm,0.377,0.302,0.050,Accept,Reject,Reject
P02,Screen_Attack,Redup,30cm,0.350,0.286,0.048,Accept,Reject,Reject
P02,Screen_Attack,Redup,30cm,0.253,0.298,0.066,Accept,Reject,Reject
P02,Screen_Attack,Redup,30cm,0.261,0.298,0.080,Accept,Reject,Reject
P02,Screen_Attack,Redup,30cm,0.312,0.286,0.076,Accept,Reject,Reject
P02,Screen_Attack,Redup,30cm,0.371,0.283,0.052,Accept,Reject,Reject
P02,Screen_Attack,Redup,30cm,0.326,0.280,0.069,Accept,Reject,Reject
P02,Screen_Attack,Redup,30cm,0.338,0.299,0.077,Accept,Reject,Reject
P02,Screen_Attack,Redup,30cm,0.375,0.283,0.049,Accept,Reject,Reject
P02,Screen_Attack,Redup,30cm,0.285,0.288,0.056,Accept,Reject,Reject
P02,Screen_Attack,Redup,30cm,0.320,0.282,0.051,Accept,Reject,Reject
P02,Screen_Attack,Redup,45cm,0.317,0.282,0.067,Accept,Reject,Reject
P02,Screen_Attack,Redup,45cm,0.370,0.286,0.057,Accept,Reject,Reject
P02,Screen_Attack,Redup,45cm,0.339,0.289,0.048,Accept,Reject,Reject
P02,Screen_Attack,Redup,45cm,0.400,0.285,0.073,Accept,Reject,Reject
P02,Screen_Attack,Redup,45cm,0.322,0.291,0.065,Accept,Reject,Reject
P02,Screen_Attack,Redup,45cm,0.379,0.305,0.057,Accept,Reject,Reject
P02,Screen_Attack,Redup,45cm,0.376,0.283,0.048,Accept,Reject,Reject
P02,Screen_Attack,Redup,45cm,0.281,0.294,0.076,Accept,Reject,Reject
P02,Screen_Attack,Redup,45cm,0.396,0.279,0.070,Accept,Reject,Reject
P02,Screen_Attack,Redup,45cm,0.358,0.280,0.066,Accept,Reject,Reject
P02,Screen_Attack,Redup,60cm,0.427,0.284,0.059,Reject,Reject,Reject
P02,Screen_Attack,Redup,60cm,0.365,0.302,0.060,Accept,Reject,Reject
P02,Screen_Attack,Redup,60cm,0.432,0.295,0.054,Reject,Reject,Reject
P02,Screen_Attack,Redup,60cm,0.368,0.291,0.066,Accept,Reject,Reject
P02,Screen_Attack,Redup,60cm,0.411,0.290,0.063,Reject,Reject,Reject
P02,Screen_Attack,Redup,60cm,0.391,0.287,0.063,Accept,Reject,Reject
P02,Screen_Attack,Redup,60cm,0.407,0.276,0.052,Reject,Reject,Reject
P02,Screen_Attack,Redup,60cm,0.302,0.282,0.070,Accept,Reject,Reject
P02,Screen_Attack,Redup,60cm,0.408,0.285,0.066,Reject,Reject,Reject
P02,Screen_Attack,Redup,60cm,0.348,0.279,0.058,Accept,Reject,Reject
P02,Screen_Attack,Standar,30cm,0.320,0.283,0.076,Accept,Reject,Reject
P02,Screen_Attack,Standar,30cm,0.359,0.297,0.077,Accept,Reject,Reject
P02,Screen_Attack,Standar,30cm,0.281,0.280,0.069,Accept,Reject,Reject
P02,Screen_Attack,Standar,30cm,0.296,0.282,0.053,Accept,Reject,Reject
P02,Screen_Attack,Standar,30cm,0.340,0.278,0.075,Accept,Reject,Reject
P02,Screen_Attack,Standar,30cm,0.294,0.280,0.075,Accept,Reject,Reject
P02,Screen_Attack,Standar,30cm,0.211,0.293,0.071,Accept,Reject,Reject
P02,Screen_Attack,Standar,30cm,0.217,0.293,0.058,Accept,Reject,Reject
P02,Screen_Attack,Standar,30cm,0.326,0.294,0.079,Accept,Reject,Reject
P02,Screen_Attack,Standar,30cm,0.346,0.283,0.071,Accept,Reject,Reject
P02,Screen_Attack,Standar,45cm,0.334,0.282,0.073,Accept,Reject,Reject
P02,Screen_Attack,Standar,45cm,0.257,0.280,0.049,Accept,Reject,Reject
P02,Screen_Attack,Standar,45cm,0.356,0.286,0.056,Accept,Reject,Reject
P02,Screen_Attack,Standar,45cm,0.284,0.298,0.062,Accept,Reject,Reject
P02,Screen_Attack,Standar,45cm,0.327,0.289,0.076,Accept,Reject,Reject
P02,Screen_Attack,Standar,45cm,0.268,0.301,0.053,Accept,Reject,Reject
P02,Screen_Attack,Standar,45cm,0.272,0.300,0.053,Accept,Reject,Reject
P02,Screen_Attack,Standar,45cm,0.280,0.288,0.066,Accept,Reject,Reject
P02,Screen_Attack,Standar,45cm,0.303,0.290,0.049,Accept,Reject,Reject
P02,Screen_Attack,Standar,45cm,0.242,0.293,0.051,Accept,Reject,Reject
P02,Screen_Attack,Standar,60cm,0.266,0.289,0.070,Accept,Reject,Reject
P02,Screen_Attack,Standar,60cm,0.368,0.305,0.056,Accept,Reject,Reject
P02,Screen_Attack,Standar,60cm,0.390,0.287,0.058,Accept,Reject,Reject
P02,Screen_Attack,Standar,60cm,0.295,0.281,0.059,Accept,Reject,Reject
P02,Screen_Attack,Standar,60cm,0.346,0.284,0.070,Accept,Reject,Reject
P02,Screen_Attack,Standar,60cm,0.328,0.276,0.055,Accept,Reject,Reject
P02,Screen_Attack,Standar,60cm,0.294,0.298,0.060,Accept,Reject,Reject
P02,Screen_Attack,Standar,60cm,0.282,0.283,0.064,Accept,Reject,Reject
P02,Screen_Attack,Standar,60cm,0.333,0.292,0.073,Accept,Reject,Reject
P02,Screen_Attack,Standar,60cm,0.396,0.298,0.076,Accept,Reject,Reject
P02,Screen_Attack,Terang,30cm,0.269,0.301,0.053,Accept,Reject,Reject
P02,Screen_Attack,Terang,30cm,0.332,0.298,0.070,Accept,Reject,Reject
P02,Screen_Attack,Terang,30cm,0.260,0.297,0.076,Accept,Reject,Reject
P02,Screen_Attack,Terang,30cm,0.295,0.300,0.077,Accept,Reject,Reject
P02,Screen_Attack,Terang,30cm,0.378,0.287,0.052,Accept,Reject,Reject
P02,Screen_Attack,Terang,30cm,0.244,0.299,0.070,Accept,Reject,Reject
P02,Screen_Attack,Terang,30cm,0.359,0.303,0.077,Accept,Reject,Reject
P02,Screen_Attack,Terang,30cm,0.315,0.285,0.048,Accept,Reject,Reject
P02,Screen_Attack,Terang,30cm,0.247,0.295,0.056,Accept,Reject,Reject
P02,Screen_Attack,Terang,30cm,0.358,0.300,0.070,Accept,Reject,Reject
P02,Screen_Attack,Terang,45cm,0.295,0.280,0.062,Accept,Reject,Reject
P02,Screen_Attack,Terang,45cm,0.393,0.294,0.053,Accept,Reject,Reject
P02,Screen_Attack,Terang,45cm,0.391,0.283,0.052,Accept,Reject,Reject
P02,Screen_Attack,Terang,45cm,0.317,0.293,0.072,Accept,Reject,Reject
P02,Screen_Attack,Terang,45cm,0.268,0.295,0.065,Accept,Reject,Reject
P02,Screen_Attack,Terang,45cm,0.357,0.299,0.056,Accept,Reject,Reject
P02,Screen_Attack,Terang,45cm,0.368,0.276,0.049,Accept,Reject,Reject
P02,Screen_Attack,Terang,45cm,0.320,0.297,0.077,Accept,Reject,Reject
P02,Screen_Attack,Terang,45cm,0.378,0.290,0.069,Accept,Reject,Reject
P02,Screen_Attack,Terang,45cm,0.257,0.280,0.054,Accept,Reject,Reject
P02,Screen_Attack,Terang,60cm,0.300,0.280,0.060,Accept,Reject,Reject
P02,Screen_Attack,Terang,60cm,0.317,0.277,0.059,Accept,Reject,Reject
P02,Screen_Attack,Terang,60cm,0.368,0.275,0.055,Accept,Reject,Reject
P02,Screen_Attack,Terang,60cm,0.296,0.288,0.070,Accept,Reject,Reject
P02,Screen_Attack,Terang,60cm,0.276,0.297,0.058,Accept,Reject,Reject
P02,Screen_Attack,Terang,60cm,0.405,0.285,0.059,Reject,Reject,Reject
P02,Screen_Attack,Terang,60cm,0.398,0.282,0.055,Accept,Reject,Reject
P02,Screen_Attack,Terang,60cm,0.314,0.281,0.074,Accept,Reject,Reject
P02,Screen_Attack,Terang,60cm,0.381,0.285,0.063,Accept,Reject,Reject
P02,Screen_Attack,Terang,60cm,0.384,0.280,0.050,Accept,Reject,Reject
P03,Screen_Attack,Redup,30cm,0.354,0.285,0.049,Accept,Reject,Reject
P03,Screen_Attack,Redup,30cm,0.289,0.283,0.066,Accept,Reject,Reject
P03,Screen_Attack,Redup,30cm,0.363,0.281,0.049,Accept,Reject,Reject
P03,Screen_Attack,Redup,30cm,0.310,0.279,0.077,Accept,Reject,Reject
P03,Screen_Attack,Redup,30cm,0.299,0.281,0.052,Accept,Reject,Reject
P03,Screen_Attack,Redup,30cm,0.310,0.291,0.070,Accept,Reject,Reject
P03,Screen_Attack,Redup,30cm,0.352,0.281,0.077,Accept,Reject,Reject
P03,Screen_Attack,Redup,30cm,0.284,0.287,0.049,Accept,Reject,Reject
P03,Screen_Attack,Redup,30cm,0.316,0.297,0.056,Accept,Reject,Reject
P03,Screen_Attack,Redup,30cm,0.277,0.283,0.066,Accept,Reject,Reject
P03,Screen_Attack,Redup,45cm,0.295,0.287,0.066,Accept,Reject,Reject
P03,Screen_Attack,Redup,45cm,0.394,0.302,0.058,Accept,Reject,Reject
P03,Screen_Attack,Redup,45cm,0.292,0.278,0.079,Accept,Reject,Reject
P03,Screen_Attack,Redup,45cm,0.306,0.293,0.072,Accept,Reject,Reject
P03,Screen_Attack,Redup,45cm,0.305,0.295,0.065,Accept,Reject,Reject
P03,Screen_Attack,Redup,45cm,0.378,0.297,0.056,Accept,Reject,Reject
P03,Screen_Attack,Redup,45cm,0.356,0.304,0.049,Accept,Reject,Reject
P03,Screen_Attack,Redup,45cm,0.312,0.289,0.077,Accept,Reject,Reject
P03,Screen_Attack,Redup,45cm,0.312,0.298,0.069,Accept,Reject,Reject
P03,Screen_Attack,Redup,45cm,0.376,0.303,0.050,Accept,Reject,Reject
P03,Screen_Attack,Redup,60cm,0.433,0.281,0.060,Reject,Reject,Reject
P03,Screen_Attack,Redup,60cm,0.433,0.278,0.060,Reject,Reject,Reject
P03,Screen_Attack,Redup,60cm,0.302,0.276,0.055,Accept,Reject,Reject
P03,Screen_Attack,Redup,60cm,0.414,0.280,0.066,Reject,Reject,Reject
P03,Screen_Attack,Redup,60cm,0.361,0.302,0.062,Accept,Reject,Reject
P03,Screen_Attack,Redup,60cm,0.340,0.292,0.063,Accept,Reject,Reject
P03,Screen_Attack,Redup,60cm,0.383,0.305,0.051,Accept,Reject,Reject
P03,Screen_Attack,Redup,60cm,0.387,0.295,0.070,Accept,Reject,Reject
P03,Screen_Attack,Redup,60cm,0.313,0.297,0.067,Accept,Reject,Reject
P03,Screen_Attack,Redup,60cm,0.327,0.290,0.076,Accept,Reject,Reject
P03,Screen_Attack,Standar,30cm,0.253,0.275,0.052,Accept,Reject,Reject
P03,Screen_Attack,Standar,30cm,0.324,0.301,0.062,Accept,Reject,Reject
P03,Screen_Attack,Standar,30cm,0.250,0.287,0.076,Accept,Reject,Reject
P03,Screen_Attack,Standar,30cm,0.249,0.297,0.049,Accept,Reject,Reject
P03,Screen_Attack,Standar,30cm,0.235,0.280,0.056,Accept,Reject,Reject
P03,Screen_Attack,Standar,30cm,0.296,0.296,0.065,Accept,Reject,Reject
P03,Screen_Attack,Standar,30cm,0.299,0.299,0.073,Accept,Reject,Reject
P03,Screen_Attack,Standar,30cm,0.260,0.301,0.077,Accept,Reject,Reject
P03,Screen_Attack,Standar,30cm,0.311,0.290,0.052,Accept,Reject,Reject
P03,Screen_Attack,Standar,30cm,0.321,0.280,0.072,Accept,Reject,Reject
P03,Screen_Attack,Standar,45cm,0.311,0.281,0.071,Accept,Reject,Reject
P03,Screen_Attack,Standar,45cm,0.285,0.300,0.053,Accept,Reject,Reject
P03,Screen_Attack,Standar,45cm,0.327,0.287,0.076,Accept,Reject,Reject
P03,Screen_Attack,Standar,45cm,0.258,0.288,0.077,Accept,Reject,Reject
P03,Screen_Attack,Standar,45cm,0.262,0.277,0.069,Accept,Reject,Reject
P03,Screen_Attack,Standar,45cm,0.339,0.281,0.052,Accept,Reject,Reject
P03,Screen_Attack,Standar,45cm,0.355,0.304,0.076,Accept,Reject,Reject
P03,Screen_Attack,Standar,45cm,0.258,0.291,0.072,Accept,Reject,Reject
P03,Screen_Attack,Standar,45cm,0.242,0.290,0.065,Accept,Reject,Reject
P03,Screen_Attack,Standar,45cm,0.280,0.281,0.056,Accept,Reject,Reject
P03,Screen_Attack,Standar,60cm,0.273,0.287,0.064,Accept,Reject,Reject
P03,Screen_Attack,Standar,60cm,0.280,0.293,0.056,Accept,Reject,Reject
P03,Screen_Attack,Standar,60cm,0.280,0.300,0.050,Accept,Reject,Reject
P03,Screen_Attack,Standar,60cm,0.327,0.290,0.070,Accept,Reject,Reject
P03,Screen_Attack,Standar,60cm,0.293,0.302,0.067,Accept,Reject,Reject
P03,Screen_Attack,Standar,60cm,0.406,0.286,0.059,Reject,Reject,Reject
P03,Screen_Attack,Standar,60cm,0.281,0.291,0.079,Accept,Reject,Reject
P03,Screen_Attack,Standar,60cm,0.404,0.285,0.066,Reject,Reject,Reject
P03,Screen_Attack,Standar,60cm,0.370,0.304,0.062,Accept,Reject,Reject
P03,Screen_Attack,Standar,60cm,0.392,0.303,0.080,Accept,Reject,Reject
P03,Screen_Attack,Terang,30cm,0.360,0.303,0.069,Accept,Reject,Reject
P03,Screen_Attack,Terang,30cm,0.350,0.283,0.055,Accept,Reject,Reject
P03,Screen_Attack,Terang,30cm,0.377,0.281,0.060,Accept,Reject,Reject
P03,Screen_Attack,Terang,30cm,0.250,0.304,0.063,Accept,Reject,Reject
P03,Screen_Attack,Terang,30cm,0.246,0.285,0.066,Accept,Reject,Reject
P03,Screen_Attack,Terang,30cm,0.301,0.283,0.051,Accept,Reject,Reject
P03,Screen_Attack,Terang,30cm,0.368,0.289,0.064,Accept,Reject,Reject
P03,Screen_Attack,Terang,30cm,0.300,0.282,0.067,Accept,Reject,Reject
P03,Screen_Attack,Terang,30cm,0.295,0.300,0.070,Accept,Reject,Reject
P03,Screen_Attack,Terang,30cm,0.280,0.281,0.059,Accept,Reject,Reject
P03,Screen_Attack,Terang,45cm,0.308,0.295,0.051,Accept,Reject,Reject
P03,Screen_Attack,Terang,45cm,0.279,0.297,0.073,Accept,Reject,Reject
P03,Screen_Attack,Terang,45cm,0.319,0.282,0.064,Accept,Reject,Reject
P03,Screen_Attack,Terang,45cm,0.346,0.279,0.054,Accept,Reject,Reject
P03,Screen_Attack,Terang,45cm,0.326,0.279,0.051,Accept,Reject,Reject
P03,Screen_Attack,Terang,45cm,0.315,0.295,0.075,Accept,Reject,Reject
P03,Screen_Attack,Terang,45cm,0.283,0.278,0.062,Accept,Reject,Reject
P03,Screen_Attack,Terang,45cm,0.365,0.303,0.058,Accept,Reject,Reject
P03,Screen_Attack,Terang,45cm,0.388,0.282,0.056,Accept,Reject,Reject
P03,Screen_Attack,Terang,45cm,0.328,0.293,0.053,Accept,Reject,Reject
P03,Screen_Attack,Terang,60cm,0.423,0.278,0.080,Reject,Reject,Reject
P03,Screen_Attack,Terang,60cm,0.424,0.297,0.049,Reject,Reject,Reject
P03,Screen_Attack,Terang,60cm,0.386,0.288,0.066,Accept,Reject,Reject
P03,Screen_Attack,Terang,60cm,0.285,0.287,0.051,Accept,Reject,Reject
P03,Screen_Attack,Terang,60cm,0.423,0.298,0.077,Reject,Reject,Reject
P03,Screen_Attack,Terang,60cm,0.304,0.294,0.077,Accept,Reject,Reject
P03,Screen_Attack,Terang,60cm,0.382,0.300,0.069,Accept,Reject,Reject
P03,Screen_Attack,Terang,60cm,0.400,0.303,0.056,Accept,Reject,Reject
P03,Screen_Attack,Terang,60cm,0.302,0.289,0.049,Accept,Reject,Reject
P03,Screen_Attack,Terang,60cm,0.401,0.290,0.054,Reject,Reject,Reject
P04,Screen_Attack,Redup,30cm,0.372,0.276,0.051,Accept,Reject,Reject
P04,Screen_Attack,Redup,30cm,0.276,0.300,0.068,Accept,Reject,Reject
P04,Screen_Attack,Redup,30cm,0.285,0.296,0.079,Accept,Reject,Reject
P04,Screen_Attack,Redup,30cm,0.363,0.299,0.079,Accept,Reject,Reject
P04,Screen_Attack,Redup,30cm,0.290,0.289,0.050,Accept,Reject,Reject
P04,Screen_Attack,Redup,30cm,0.393,0.304,0.068,Accept,Reject,Reject
P04,Screen_Attack,Redup,30cm,0.259,0.297,0.079,Accept,Reject,Reject
P04,Screen_Attack,Redup,30cm,0.372,0.275,0.051,Accept,Reject,Reject
P04,Screen_Attack,Redup,30cm,0.342,0.304,0.054,Accept,Reject,Reject
P04,Screen_Attack,Redup,30cm,0.279,0.295,0.064,Accept,Reject,Reject
P04,Screen_Attack,Redup,45cm,0.403,0.296,0.064,Reject,Reject,Reject
P04,Screen_Attack,Redup,45cm,0.281,0.285,0.055,Accept,Reject,Reject
P04,Screen_Attack,Redup,45cm,0.404,0.292,0.049,Reject,Reject,Reject
P04,Screen_Attack,Redup,45cm,0.287,0.303,0.070,Accept,Reject,Reject
P04,Screen_Attack,Redup,45cm,0.338,0.286,0.068,Accept,Reject,Reject
P04,Screen_Attack,Redup,45cm,0.419,0.285,0.058,Reject,Reject,Reject
P04,Screen_Attack,Redup,45cm,0.417,0.289,0.079,Reject,Reject,Reject
P04,Screen_Attack,Redup,45cm,0.328,0.298,0.075,Accept,Reject,Reject
P04,Screen_Attack,Redup,45cm,0.379,0.288,0.071,Accept,Reject,Reject
P04,Screen_Attack,Redup,45cm,0.286,0.295,0.053,Accept,Reject,Reject
P04,Screen_Attack,Redup,60cm,0.374,0.295,0.062,Accept,Reject,Reject
P04,Screen_Attack,Redup,60cm,0.336,0.298,0.062,Accept,Reject,Reject
P04,Screen_Attack,Redup,60cm,0.316,0.286,0.053,Accept,Reject,Reject
P04,Screen_Attack,Redup,60cm,0.366,0.299,0.068,Accept,Reject,Reject
P04,Screen_Attack,Redup,60cm,0.340,0.288,0.060,Accept,Reject,Reject
P04,Screen_Attack,Redup,60cm,0.297,0.301,0.061,Accept,Reject,Reject
P04,Screen_Attack,Redup,60cm,0.401,0.295,0.053,Reject,Reject,Reject
P04,Screen_Attack,Redup,60cm,0.373,0.282,0.072,Accept,Reject,Reject
P04,Screen_Attack,Redup,60cm,0.327,0.282,0.065,Accept,Reject,Reject
P04,Screen_Attack,Redup,60cm,0.313,0.289,0.054,Accept,Reject,Reject
P04,Screen_Attack,Standar,30cm,0.358,0.296,0.054,Accept,Reject,Reject
P04,Screen_Attack,Standar,30cm,0.240,0.280,0.067,Accept,Reject,Reject
P04,Screen_Attack,Standar,30cm,0.210,0.302,0.061,Accept,Reject,Reject
P04,Screen_Attack,Standar,30cm,0.288,0.298,0.062,Accept,Reject,Reject
P04,Screen_Attack,Standar,30cm,0.285,0.285,0.052,Accept,Reject,Reject
P04,Screen_Attack,Standar,30cm,0.301,0.293,0.067,Accept,Reject,Reject
P04,Screen_Attack,Standar,30cm,0.277,0.281,0.061,Accept,Reject,Reject
P04,Screen_Attack,Standar,30cm,0.218,0.288,0.058,Accept,Reject,Reject
P04,Screen_Attack,Standar,30cm,0.216,0.298,0.048,Accept,Reject,Reject
P04,Screen_Attack,Standar,30cm,0.297,0.302,0.051,Accept,Reject,Reject
P04,Screen_Attack,Standar,45cm,0.365,0.291,0.072,Accept,Reject,Reject
P04,Screen_Attack,Standar,45cm,0.350,0.291,0.050,Accept,Reject,Reject
P04,Screen_Attack,Standar,45cm,0.367,0.303,0.056,Accept,Reject,Reject
P04,Screen_Attack,Standar,45cm,0.238,0.286,0.061,Accept,Reject,Reject
P04,Screen_Attack,Standar,45cm,0.362,0.302,0.076,Accept,Reject,Reject
P04,Screen_Attack,Standar,45cm,0.325,0.284,0.052,Accept,Reject,Reject
P04,Screen_Attack,Standar,45cm,0.367,0.292,0.054,Accept,Reject,Reject
P04,Screen_Attack,Standar,45cm,0.343,0.289,0.057,Accept,Reject,Reject
P04,Screen_Attack,Standar,45cm,0.274,0.297,0.071,Accept,Reject,Reject
P04,Screen_Attack,Standar,45cm,0.289,0.277,0.066,Accept,Reject,Reject
P04,Screen_Attack,Standar,60cm,0.381,0.283,0.080,Accept,Reject,Reject
P04,Screen_Attack,Standar,60cm,0.354,0.300,0.079,Accept,Reject,Reject
P04,Screen_Attack,Standar,60cm,0.265,0.291,0.050,Accept,Reject,Reject
P04,Screen_Attack,Standar,60cm,0.332,0.285,0.069,Accept,Reject,Reject
P04,Screen_Attack,Standar,60cm,0.345,0.279,0.078,Accept,Reject,Reject
P04,Screen_Attack,Standar,60cm,0.399,0.277,0.078,Accept,Reject,Reject
P04,Screen_Attack,Standar,60cm,0.283,0.305,0.050,Accept,Reject,Reject
P04,Screen_Attack,Standar,60cm,0.347,0.296,0.063,Accept,Reject,Reject
P04,Screen_Attack,Standar,60cm,0.296,0.284,0.074,Accept,Reject,Reject
P04,Screen_Attack,Standar,60cm,0.317,0.292,0.058,Accept,Reject,Reject
P04,Screen_Attack,Terang,30cm,0.367,0.279,0.066,Accept,Reject,Reject
P04,Screen_Attack,Terang,30cm,0.349,0.294,0.058,Accept,Reject,Reject
P04,Screen_Attack,Terang,30cm,0.281,0.277,0.080,Accept,Reject,Reject
P04,Screen_Attack,Terang,30cm,0.342,0.278,0.072,Accept,Reject,Reject
P04,Screen_Attack,Terang,30cm,0.378,0.304,0.066,Accept,Reject,Reject
P04,Screen_Attack,Terang,30cm,0.279,0.277,0.056,Accept,Reject,Reject
P04,Screen_Attack,Terang,30cm,0.347,0.290,0.049,Accept,Reject,Reject
P04,Screen_Attack,Terang,30cm,0.263,0.304,0.077,Accept,Reject,Reject
P04,Screen_Attack,Terang,30cm,0.319,0.289,0.069,Accept,Reject,Reject
P04,Screen_Attack,Terang,30cm,0.363,0.299,0.070,Accept,Reject,Reject
P04,Screen_Attack,Terang,45cm,0.386,0.301,0.049,Accept,Reject,Reject
P04,Screen_Attack,Terang,45cm,0.336,0.299,0.066,Accept,Reject,Reject
P04,Screen_Attack,Terang,45cm,0.340,0.304,0.048,Accept,Reject,Reject
P04,Screen_Attack,Terang,45cm,0.390,0.286,0.077,Accept,Reject,Reject
P04,Screen_Attack,Terang,45cm,0.379,0.279,0.051,Accept,Reject,Reject
P04,Screen_Attack,Terang,45cm,0.361,0.289,0.070,Accept,Reject,Reject
P04,Screen_Attack,Terang,45cm,0.260,0.288,0.077,Accept,Reject,Reject
P04,Screen_Attack,Terang,45cm,0.262,0.278,0.049,Accept,Reject,Reject
P04,Screen_Attack,Terang,45cm,0.336,0.295,0.057,Accept,Reject,Reject
P04,Screen_Attack,Terang,45cm,0.369,0.297,0.076,Accept,Reject,Reject
P04,Screen_Attack,Terang,60cm,0.318,0.277,0.055,Accept,Reject,Reject
P04,Screen_Attack,Terang,60cm,0.393,0.294,0.064,Accept,Reject,Reject
P04,Screen_Attack,Terang,60cm,0.309,0.275,0.073,Accept,Reject,Reject
P04,Screen_Attack,Terang,60cm,0.392,0.299,0.051,Accept,Reject,Reject
P04,Screen_Attack,Terang,60cm,0.399,0.302,0.055,Accept,Reject,Reject
P04,Screen_Attack,Terang,60cm,0.339,0.296,0.062,Accept,Reject,Reject
P04,Screen_Attack,Terang,60cm,0.359,0.287,0.075,Accept,Reject,Reject
P04,Screen_Attack,Terang,60cm,0.312,0.301,0.056,Accept,Reject,Reject
P04,Screen_Attack,Terang,60cm,0.275,0.296,0.058,Accept,Reject,Reject
P04,Screen_Attack,Terang,60cm,0.390,0.279,0.051,Accept,Reject,Reject
P05,Screen_Attack,Redup,30cm,0.400,0.303,0.050,Accept,Reject,Reject
P05,Screen_Attack,Redup,30cm,0.311,0.286,0.068,Accept,Reject,Reject
P05,Screen_Attack,Redup,30cm,0.317,0.275,0.078,Accept,Reject,Reject
P05,Screen_Attack,Redup,30cm,0.305,0.301,0.078,Accept,Reject,Reject
P05,Screen_Attack,Redup,30cm,0.357,0.297,0.050,Accept,Reject,Reject
P05,Screen_Attack,Redup,30cm,0.392,0.292,0.067,Accept,Reject,Reject
P05,Screen_Attack,Redup,30cm,0.351,0.291,0.079,Accept,Reject,Reject
P05,Screen_Attack,Redup,30cm,0.334,0.300,0.052,Accept,Reject,Reject
P05,Screen_Attack,Redup,30cm,0.386,0.303,0.054,Accept,Reject,Reject
P05,Screen_Attack,Redup,30cm,0.295,0.283,0.048,Accept,Reject,Reject
P05,Screen_Attack,Redup,45cm,0.313,0.298,0.065,Accept,Reject,Reject
P05,Screen_Attack,Redup,45cm,0.414,0.295,0.055,Reject,Reject,Reject
P05,Screen_Attack,Redup,45cm,0.378,0.279,0.050,Accept,Reject,Reject
P05,Screen_Attack,Redup,45cm,0.351,0.297,0.071,Accept,Reject,Reject
P05,Screen_Attack,Redup,45cm,0.290,0.304,0.067,Accept,Reject,Reject
P05,Screen_Attack,Redup,45cm,0.360,0.295,0.059,Accept,Reject,Reject
P05,Screen_Attack,Redup,45cm,0.421,0.293,0.078,Reject,Reject,Reject
P05,Screen_Attack,Redup,45cm,0.348,0.277,0.074,Accept,Reject,Reject
P05,Screen_Attack,Redup,45cm,0.329,0.293,0.072,Accept,Reject,Reject
P05,Screen_Attack,Redup,45cm,0.394,0.276,0.068,Accept,Reject,Reject
P05,Screen_Attack,Redup,60cm,0.382,0.305,0.061,Accept,Reject,Reject
P05,Screen_Attack,Redup,60cm,0.381,0.289,0.062,Accept,Reject,Reject
P05,Screen_Attack,Redup,60cm,0.417,0.280,0.052,Reject,Reject,Reject
P05,Screen_Attack,Redup,60cm,0.334,0.281,0.068,Accept,Reject,Reject
P05,Screen_Attack,Redup,60cm,0.431,0.299,0.061,Reject,Reject,Reject
P05,Screen_Attack,Redup,60cm,0.412,0.300,0.061,Reject,Reject,Reject
P05,Screen_Attack,Redup,60cm,0.434,0.291,0.054,Reject,Reject,Reject
P05,Screen_Attack,Redup,60cm,0.383,0.302,0.072,Accept,Reject,Reject
P05,Screen_Attack,Redup,60cm,0.394,0.295,0.064,Accept,Reject,Reject
P05,Screen_Attack,Redup,60cm,0.351,0.289,0.073,Accept,Reject,Reject
P05,Screen_Attack,Standar,30cm,0.345,0.286,0.054,Accept,Reject,Reject
P05,Screen_Attack,Standar,30cm,0.326,0.280,0.061,Accept,Reject,Reject
P05,Screen_Attack,Standar,30cm,0.300,0.275,0.076,Accept,Reject,Reject
P05,Screen_Attack,Standar,30cm,0.344,0.288,0.049,Accept,Reject,Reject
P05,Screen_Attack,Standar,30cm,0.282,0.293,0.056,Accept,Reject,Reject
P05,Screen_Attack,Standar,30cm,0.312,0.279,0.065,Accept,Reject,Reject
P05,Screen_Attack,Standar,30cm,0.223,0.288,0.072,Accept,Reject,Reject
P05,Screen_Attack,Standar,30cm,0.270,0.296,0.053,Accept,Reject,Reject
P05,Screen_Attack,Standar,30cm,0.359,0.294,0.061,Accept,Reject,Reject
P05,Screen_Attack,Standar,30cm,0.266,0.296,0.058,Accept,Reject,Reject
P05,Screen_Attack,Standar,45cm,0.371,0.295,0.061,Accept,Reject,Reject
P05,Screen_Attack,Standar,45cm,0.323,0.283,0.062,Accept,Reject,Reject
P05,Screen_Attack,Standar,45cm,0.284,0.276,0.052,Accept,Reject,Reject
P05,Screen_Attack,Standar,45cm,0.353,0.276,0.068,Accept,Reject,Reject
P05,Screen_Attack,Standar,45cm,0.288,0.290,0.061,Accept,Reject,Reject
P05,Screen_Attack,Standar,45cm,0.293,0.288,0.061,Accept,Reject,Reject
P05,Screen_Attack,Standar,45cm,0.348,0.290,0.054,Accept,Reject,Reject
P05,Screen_Attack,Standar,45cm,0.368,0.285,0.072,Accept,Reject,Reject
P05,Screen_Attack,Standar,45cm,0.261,0.290,0.064,Accept,Reject,Reject
P05,Screen_Attack,Standar,45cm,0.251,0.302,0.070,Accept,Reject,Reject
P05,Screen_Attack,Standar,60cm,0.260,0.286,0.065,Accept,Reject,Reject
P05,Screen_Attack,Standar,60cm,0.356,0.290,0.055,Accept,Reject,Reject
P05,Screen_Attack,Standar,60cm,0.394,0.276,0.050,Accept,Reject,Reject
P05,Screen_Attack,Standar,60cm,0.349,0.293,0.071,Accept,Reject,Reject
P05,Screen_Attack,Standar,60cm,0.277,0.297,0.067,Accept,Reject,Reject
P05,Screen_Attack,Standar,60cm,0.367,0.281,0.059,Accept,Reject,Reject
P05,Screen_Attack,Standar,60cm,0.311,0.291,0.078,Accept,Reject,Reject
P05,Screen_Attack,Standar,60cm,0.360,0.292,0.074,Accept,Reject,Reject
P05,Screen_Attack,Standar,60cm,0.374,0.290,0.072,Accept,Reject,Reject
P05,Screen_Attack,Standar,60cm,0.385,0.289,0.063,Accept,Reject,Reject
P05,Screen_Attack,Terang,30cm,0.230,0.296,0.051,Accept,Reject,Reject
P05,Screen_Attack,Terang,30cm,0.307,0.298,0.073,Accept,Reject,Reject
P05,Screen_Attack,Terang,30cm,0.239,0.304,0.064,Accept,Reject,Reject
P05,Screen_Attack,Terang,30cm,0.334,0.293,0.059,Accept,Reject,Reject
P05,Screen_Attack,Terang,30cm,0.268,0.287,0.079,Accept,Reject,Reject
P05,Screen_Attack,Terang,30cm,0.304,0.304,0.070,Accept,Reject,Reject
P05,Screen_Attack,Terang,30cm,0.308,0.293,0.067,Accept,Reject,Reject
P05,Screen_Attack,Terang,30cm,0.236,0.279,0.063,Accept,Reject,Reject
P05,Screen_Attack,Terang,30cm,0.299,0.283,0.051,Accept,Reject,Reject
P05,Screen_Attack,Terang,30cm,0.256,0.276,0.069,Accept,Reject,Reject
P05,Screen_Attack,Terang,45cm,0.259,0.303,0.069,Accept,Reject,Reject
P05,Screen_Attack,Terang,45cm,0.353,0.282,0.055,Accept,Reject,Reject
P05,Screen_Attack,Terang,45cm,0.346,0.288,0.059,Accept,Reject,Reject
P05,Screen_Attack,Terang,45cm,0.301,0.289,0.058,Accept,Reject,Reject
P05,Screen_Attack,Terang,45cm,0.335,0.276,0.070,Accept,Reject,Reject
P05,Screen_Attack,Terang,45cm,0.283,0.275,0.055,Accept,Reject,Reject
P05,Screen_Attack,Terang,45cm,0.303,0.305,0.059,Accept,Reject,Reject
P05,Screen_Attack,Terang,45cm,0.399,0.277,0.063,Accept,Reject,Reject
P05,Screen_Attack,Terang,45cm,0.345,0.299,0.074,Accept,Reject,Reject
P05,Screen_Attack,Terang,45cm,0.386,0.282,0.052,Accept,Reject,Reject
P05,Screen_Attack,Terang,60cm,0.280,0.295,0.076,Accept,Reject,Reject
P05,Screen_Attack,Terang,60cm,0.349,0.290,0.052,Accept,Reject,Reject
P05,Screen_Attack,Terang,60cm,0.385,0.276,0.053,Accept,Reject,Reject
P05,Screen_Attack,Terang,60cm,0.393,0.289,0.065,Accept,Reject,Reject
P05,Screen_Attack,Terang,60cm,0.314,0.283,0.073,Accept,Reject,Reject
P05,Screen_Attack,Terang,60cm,0.330,0.298,0.049,Accept,Reject,Reject
P05,Screen_Attack,Terang,60cm,0.341,0.287,0.056,Accept,Reject,Reject
P05,Screen_Attack,Terang,60cm,0.360,0.284,0.069,Accept,Reject,Reject
P05,Screen_Attack,Terang,60cm,0.325,0.287,0.078,Accept,Reject,Reject
P05,Screen_Attack,Terang,60cm,0.385,0.285,0.063,Accept,Reject,Reject
P06,Screen_Attack,Redup,30cm,0.360,0.289,0.052,Accept,Reject,Reject
P06,Screen_Attack,Redup,30cm,0.294,0.303,0.070,Accept,Reject,Reject
P06,Screen_Attack,Redup,30cm,0.342,0.297,0.077,Accept,Reject,Reject
P06,Screen_Attack,Redup,30cm,0.397,0.299,0.080,Accept,Reject,Reject
P06,Screen_Attack,Redup,30cm,0.383,0.285,0.049,Accept,Reject,Reject
P06,Screen_Attack,Redup,30cm,0.268,0.279,0.066,Accept,Reject,Reject
P06,Screen_Attack,Redup,30cm,0.292,0.287,0.049,Accept,Reject,Reject
P06,Screen_Attack,Redup,30cm,0.287,0.295,0.052,Accept,Reject,Reject
P06,Screen_Attack,Redup,30cm,0.294,0.301,0.052,Accept,Reject,Reject
P06,Screen_Attack,Redup,30cm,0.314,0.297,0.060,Accept,Reject,Reject
P06,Screen_Attack,Redup,45cm,0.280,0.295,0.065,Accept,Reject,Reject
P06,Screen_Attack,Redup,45cm,0.401,0.294,0.056,Reject,Reject,Reject
P06,Screen_Attack,Redup,45cm,0.320,0.281,0.049,Accept,Reject,Reject
P06,Screen_Attack,Redup,45cm,0.318,0.299,0.072,Accept,Reject,Reject
P06,Screen_Attack,Redup,45cm,0.404,0.295,0.066,Reject,Reject,Reject
P06,Screen_Attack,Redup,45cm,0.321,0.284,0.058,Accept,Reject,Reject
P06,Screen_Attack,Redup,45cm,0.384,0.293,0.079,Accept,Reject,Reject
P06,Screen_Attack,Redup,45cm,0.319,0.292,0.076,Accept,Reject,Reject
P06,Screen_Attack,Redup,45cm,0.342,0.282,0.071,Accept,Reject,Reject
P06,Screen_Attack,Redup,45cm,0.386,0.301,0.054,Accept,Reject,Reject
P06,Screen_Attack,Redup,60cm,0.434,0.303,0.062,Reject,Reject,Reject
P06,Screen_Attack,Redup,60cm,0.410,0.286,0.063,Reject,Reject,Reject
P06,Screen_Attack,Redup,60cm,0.403,0.280,0.051,Reject,Reject,Reject
P06,Screen_Attack,Redup,60cm,0.378,0.281,0.069,Accept,Reject,Reject
P06,Screen_Attack,Redup,60cm,0.323,0.288,0.060,Accept,Reject,Reject
P06,Screen_Attack,Redup,60cm,0.303,0.291,0.060,Accept,Reject,Reject
P06,Screen_Attack,Redup,60cm,0.328,0.293,0.055,Accept,Reject,Reject
P06,Screen_Attack,Redup,60cm,0.399,0.285,0.074,Accept,Reject,Reject
P06,Screen_Attack,Redup,60cm,0.299,0.283,0.064,Accept,Reject,Reject
P06,Screen_Attack,Redup,60cm,0.340,0.304,0.053,Accept,Reject,Reject
P06,Screen_Attack,Standar,30cm,0.356,0.288,0.058,Accept,Reject,Reject
P06,Screen_Attack,Standar,30cm,0.273,0.287,0.066,Accept,Reject,Reject
P06,Screen_Attack,Standar,30cm,0.268,0.286,0.072,Accept,Reject,Reject
P06,Screen_Attack,Standar,30cm,0.236,0.282,0.050,Accept,Reject,Reject
P06,Screen_Attack,Standar,30cm,0.235,0.299,0.057,Accept,Reject,Reject
P06,Screen_Attack,Standar,30cm,0.325,0.281,0.065,Accept,Reject,Reject
P06,Screen_Attack,Standar,30cm,0.357,0.285,0.072,Accept,Reject,Reject
P06,Screen_Attack,Standar,30cm,0.244,0.290,0.053,Accept,Reject,Reject
P06,Screen_Attack,Standar,30cm,0.243,0.301,0.061,Accept,Reject,Reject
P06,Screen_Attack,Standar,30cm,0.344,0.303,0.066,Accept,Reject,Reject
P06,Screen_Attack,Standar,45cm,0.355,0.292,0.057,Accept,Reject,Reject
P06,Screen_Attack,Standar,45cm,0.381,0.276,0.058,Accept,Reject,Reject
P06,Screen_Attack,Standar,45cm,0.312,0.295,0.056,Accept,Reject,Reject
P06,Screen_Attack,Standar,45cm,0.306,0.282,0.068,Accept,Reject,Reject
P06,Screen_Attack,Standar,45cm,0.340,0.284,0.061,Accept,Reject,Reject
P06,Screen_Attack,Standar,45cm,0.275,0.286,0.060,Accept,Reject,Reject
P06,Screen_Attack,Standar,45cm,0.369,0.293,0.054,Accept,Reject,Reject
P06,Screen_Attack,Standar,45cm,0.240,0.291,0.073,Accept,Reject,Reject
P06,Screen_Attack,Standar,45cm,0.381,0.284,0.065,Accept,Reject,Reject
P06,Screen_Attack,Standar,45cm,0.334,0.292,0.060,Accept,Reject,Reject
P06,Screen_Attack,Standar,60cm,0.380,0.285,0.064,Accept,Reject,Reject
P06,Screen_Attack,Standar,60cm,0.384,0.285,0.054,Accept,Reject,Reject
P06,Screen_Attack,Standar,60cm,0.368,0.283,0.050,Accept,Reject,Reject
P06,Screen_Attack,Standar,60cm,0.394,0.282,0.075,Accept,Reject,Reject
P06,Screen_Attack,Standar,60cm,0.308,0.291,0.063,Accept,Reject,Reject
P06,Screen_Attack,Standar,60cm,0.343,0.279,0.054,Accept,Reject,Reject
P06,Screen_Attack,Standar,60cm,0.270,0.275,0.051,Accept,Reject,Reject
P06,Screen_Attack,Standar,60cm,0.402,0.298,0.079,Reject,Reject,Reject
P06,Screen_Attack,Standar,60cm,0.401,0.301,0.068,Reject,Reject,Reject
P06,Screen_Attack,Standar,60cm,0.357,0.299,0.056,Accept,Reject,Reject
P06,Screen_Attack,Terang,30cm,0.278,0.303,0.058,Accept,Reject,Reject
P06,Screen_Attack,Terang,30cm,0.278,0.292,0.059,Accept,Reject,Reject
P06,Screen_Attack,Terang,30cm,0.284,0.281,0.056,Accept,Reject,Reject
P06,Screen_Attack,Terang,30cm,0.312,0.294,0.069,Accept,Reject,Reject
P06,Screen_Attack,Terang,30cm,0.240,0.289,0.060,Accept,Reject,Reject
P06,Screen_Attack,Terang,30cm,0.269,0.285,0.060,Accept,Reject,Reject
P06,Screen_Attack,Terang,30cm,0.260,0.277,0.055,Accept,Reject,Reject
P06,Screen_Attack,Terang,30cm,0.321,0.296,0.073,Accept,Reject,Reject
P06,Screen_Attack,Terang,30cm,0.248,0.297,0.063,Accept,Reject,Reject
P06,Screen_Attack,Terang,30cm,0.242,0.276,0.069,Accept,Reject,Reject
P06,Screen_Attack,Terang,45cm,0.346,0.302,0.059,Accept,Reject,Reject
P06,Screen_Attack,Terang,45cm,0.302,0.298,0.067,Accept,Reject,Reject
P06,Screen_Attack,Terang,45cm,0.316,0.276,0.070,Accept,Reject,Reject
P06,Screen_Attack,Terang,45cm,0.357,0.282,0.050,Accept,Reject,Reject
P06,Screen_Attack,Terang,45cm,0.302,0.285,0.055,Accept,Reject,Reject
P06,Screen_Attack,Terang,45cm,0.283,0.299,0.064,Accept,Reject,Reject
P06,Screen_Attack,Terang,45cm,0.263,0.280,0.073,Accept,Reject,Reject
P06,Screen_Attack,Terang,45cm,0.398,0.282,0.054,Accept,Reject,Reject
P06,Screen_Attack,Terang,45cm,0.386,0.293,0.060,Accept,Reject,Reject
P06,Screen_Attack,Terang,45cm,0.391,0.294,0.057,Accept,Reject,Reject
P06,Screen_Attack,Terang,60cm,0.329,0.303,0.051,Accept,Reject,Reject
P06,Screen_Attack,Terang,60cm,0.320,0.283,0.070,Accept,Reject,Reject
P06,Screen_Attack,Terang,60cm,0.280,0.282,0.076,Accept,Reject,Reject
P06,Screen_Attack,Terang,60cm,0.348,0.289,0.075,Accept,Reject,Reject
P06,Screen_Attack,Terang,60cm,0.413,0.283,0.053,Reject,Reject,Reject
P06,Screen_Attack,Terang,60cm,0.319,0.281,0.070,Accept,Reject,Reject
P06,Screen_Attack,Terang,60cm,0.315,0.303,0.076,Accept,Reject,Reject
P06,Screen_Attack,Terang,60cm,0.291,0.299,0.048,Accept,Reject,Reject
P06,Screen_Attack,Terang,60cm,0.421,0.300,0.057,Reject,Reject,Reject
P06,Screen_Attack,Terang,60cm,0.331,0.275,0.059,Accept,Reject,Reject
P07,Screen_Attack,Redup,30cm,0.255,0.282,0.052,Accept,Reject,Reject
P07,Screen_Attack,Redup,30cm,0.328,0.277,0.069,Accept,Reject,Reject
P07,Screen_Attack,Redup,30cm,0.291,0.276,0.077,Accept,Reject,Reject
P07,Screen_Attack,Redup,30cm,0.361,0.286,0.080,Accept,Reject,Reject
P07,Screen_Attack,Redup,30cm,0.288,0.295,0.048,Accept,Reject,Reject
P07,Screen_Attack,Redup,30cm,0.388,0.278,0.066,Accept,Reject,Reject
P07,Screen_Attack,Redup,30cm,0.253,0.283,0.080,Accept,Reject,Reject
P07,Screen_Attack,Redup,30cm,0.270,0.281,0.052,Accept,Reject,Reject
P07,Screen_Attack,Redup,30cm,0.284,0.285,0.053,Accept,Reject,Reject
P07,Screen_Attack,Redup,30cm,0.317,0.287,0.079,Accept,Reject,Reject
P07,Screen_Attack,Redup,45cm,0.403,0.297,0.065,Reject,Reject,Reject
P07,Screen_Attack,Redup,45cm,0.305,0.288,0.057,Accept,Reject,Reject
P07,Screen_Attack,Redup,45cm,0.317,0.300,0.048,Accept,Reject,Reject
P07,Screen_Attack,Redup,45cm,0.300,0.280,0.071,Accept,Reject,Reject
P07,Screen_Attack,Redup,45cm,0.287,0.283,0.067,Accept,Reject,Reject
P07,Screen_Attack,Redup,45cm,0.369,0.281,0.057,Accept,Reject,Reject
P07,Screen_Attack,Redup,45cm,0.279,0.294,0.048,Accept,Reject,Reject
P07,Screen_Attack,Redup,45cm,0.398,0.278,0.076,Accept,Reject,Reject
P07,Screen_Attack,Redup,45cm,0.406,0.301,0.070,Reject,Reject,Reject
P07,Screen_Attack,Redup,45cm,0.276,0.294,0.072,Accept,Reject,Reject
P07,Screen_Attack,Redup,60cm,0.324,0.298,0.063,Accept,Reject,Reject
P07,Screen_Attack,Redup,60cm,0.416,0.299,0.063,Reject,Reject,Reject
P07,Screen_Attack,Redup,60cm,0.438,0.292,0.052,Reject,Reject,Reject
P07,Screen_Attack,Redup,60cm,0.441,0.304,0.069,Reject,Reject,Reject
P07,Screen_Attack,Redup,60cm,0.352,0.283,0.059,Accept,Reject,Reject
P07,Screen_Attack,Redup,60cm,0.312,0.298,0.060,Accept,Reject,Reject
P07,Screen_Attack,Redup,60cm,0.330,0.302,0.054,Accept,Reject,Reject
P07,Screen_Attack,Redup,60cm,0.351,0.291,0.073,Accept,Reject,Reject
P07,Screen_Attack,Redup,60cm,0.412,0.293,0.064,Reject,Reject,Reject
P07,Screen_Attack,Redup,60cm,0.430,0.282,0.069,Reject,Reject,Reject
P07,Screen_Attack,Standar,30cm,0.319,0.297,0.054,Accept,Reject,Reject
P07,Screen_Attack,Standar,30cm,0.295,0.285,0.068,Accept,Reject,Reject
P07,Screen_Attack,Standar,30cm,0.319,0.296,0.061,Accept,Reject,Reject
P07,Screen_Attack,Standar,30cm,0.309,0.280,0.058,Accept,Reject,Reject
P07,Screen_Attack,Standar,30cm,0.320,0.291,0.057,Accept,Reject,Reject
P07,Screen_Attack,Standar,30cm,0.245,0.295,0.072,Accept,Reject,Reject
P07,Screen_Attack,Standar,30cm,0.238,0.297,0.057,Accept,Reject,Reject
P07,Screen_Attack,Standar,30cm,0.257,0.282,0.053,Accept,Reject,Reject
P07,Screen_Attack,Standar,30cm,0.269,0.287,0.053,Accept,Reject,Reject
P07,Screen_Attack,Standar,30cm,0.223,0.276,0.061,Accept,Reject,Reject
P07,Screen_Attack,Standar,45cm,0.250,0.289,0.072,Accept,Reject,Reject
P07,Screen_Attack,Standar,45cm,0.299,0.286,0.049,Accept,Reject,Reject
P07,Screen_Attack,Standar,45cm,0.253,0.279,0.056,Accept,Reject,Reject
P07,Screen_Attack,Standar,45cm,0.362,0.305,0.065,Accept,Reject,Reject
P07,Screen_Attack,Standar,45cm,0.332,0.296,0.071,Accept,Reject,Reject
P07,Screen_Attack,Standar,45cm,0.376,0.282,0.080,Accept,Reject,Reject
P07,Screen_Attack,Standar,45cm,0.261,0.277,0.058,Accept,Reject,Reject
P07,Screen_Attack,Standar,45cm,0.300,0.295,0.062,Accept,Reject,Reject
P07,Screen_Attack,Standar,45cm,0.376,0.278,0.067,Accept,Reject,Reject
P07,Screen_Attack,Standar,45cm,0.295,0.276,0.058,Accept,Reject,Reject
P07,Screen_Attack,Standar,60cm,0.304,0.281,0.075,Accept,Reject,Reject
P07,Screen_Attack,Standar,60cm,0.338,0.293,0.074,Accept,Reject,Reject
P07,Screen_Attack,Standar,60cm,0.378,0.280,0.054,Accept,Reject,Reject
P07,Screen_Attack,Standar,60cm,0.360,0.292,0.069,Accept,Reject,Reject
P07,Screen_Attack,Standar,60cm,0.311,0.303,0.077,Accept,Reject,Reject
P07,Screen_Attack,Standar,60cm,0.301,0.275,0.078,Accept,Reject,Reject
P07,Screen_Attack,Standar,60cm,0.366,0.277,0.050,Accept,Reject,Reject
P07,Screen_Attack,Standar,60cm,0.307,0.302,0.064,Accept,Reject,Reject
P07,Screen_Attack,Standar,60cm,0.345,0.278,0.074,Accept,Reject,Reject
P07,Screen_Attack,Standar,60cm,0.263,0.305,0.049,Accept,Reject,Reject
P07,Screen_Attack,Terang,30cm,0.346,0.295,0.077,Accept,Reject,Reject
P07,Screen_Attack,Terang,30cm,0.363,0.293,0.077,Accept,Reject,Reject
P07,Screen_Attack,Terang,30cm,0.254,0.277,0.070,Accept,Reject,Reject
P07,Screen_Attack,Terang,30cm,0.375,0.303,0.049,Accept,Reject,Reject
P07,Screen_Attack,Terang,30cm,0.370,0.281,0.080,Accept,Reject,Reject
P07,Screen_Attack,Terang,30cm,0.348,0.299,0.049,Accept,Reject,Reject
P07,Screen_Attack,Terang,30cm,0.327,0.297,0.066,Accept,Reject,Reject
P07,Screen_Attack,Terang,30cm,0.344,0.283,0.052,Accept,Reject,Reject
P07,Screen_Attack,Terang,30cm,0.339,0.284,0.052,Accept,Reject,Reject
P07,Screen_Attack,Terang,30cm,0.370,0.281,0.075,Accept,Reject,Reject
P07,Screen_Attack,Terang,45cm,0.398,0.277,0.072,Accept,Reject,Reject
P07,Screen_Attack,Terang,45cm,0.276,0.293,0.049,Accept,Reject,Reject
P07,Screen_Attack,Terang,45cm,0.375,0.281,0.056,Accept,Reject,Reject
P07,Screen_Attack,Terang,45cm,0.346,0.299,0.066,Accept,Reject,Reject
P07,Screen_Attack,Terang,45cm,0.320,0.295,0.072,Accept,Reject,Reject
P07,Screen_Attack,Terang,45cm,0.303,0.289,0.079,Accept,Reject,Reject
P07,Screen_Attack,Terang,45cm,0.346,0.288,0.058,Accept,Reject,Reject
P07,Screen_Attack,Terang,45cm,0.269,0.279,0.071,Accept,Reject,Reject
P07,Screen_Attack,Terang,45cm,0.350,0.296,0.076,Accept,Reject,Reject
P07,Screen_Attack,Terang,45cm,0.352,0.297,0.077,Accept,Reject,Reject
P07,Screen_Attack,Terang,60cm,0.320,0.295,0.066,Accept,Reject,Reject
P07,Screen_Attack,Terang,60cm,0.384,0.292,0.051,Accept,Reject,Reject
P07,Screen_Attack,Terang,60cm,0.409,0.304,0.063,Reject,Reject,Reject
P07,Screen_Attack,Terang,60cm,0.275,0.292,0.060,Accept,Reject,Reject
P07,Screen_Attack,Terang,60cm,0.391,0.277,0.069,Accept,Reject,Reject
P07,Screen_Attack,Terang,60cm,0.408,0.289,0.055,Reject,Reject,Reject
P07,Screen_Attack,Terang,60cm,0.339,0.295,0.060,Accept,Reject,Reject
P07,Screen_Attack,Terang,60cm,0.373,0.279,0.064,Accept,Reject,Reject
P07,Screen_Attack,Terang,60cm,0.276,0.289,0.074,Accept,Reject,Reject
P07,Screen_Attack,Terang,60cm,0.378,0.301,0.051,Accept,Reject,Reject
P08,Screen_Attack,Redup,30cm,0.398,0.292,0.056,Accept,Reject,Reject
P08,Screen_Attack,Redup,30cm,0.396,0.291,0.065,Accept,Reject,Reject
P08,Screen_Attack,Redup,30cm,0.346,0.297,0.073,Accept,Reject,Reject
P08,Screen_Attack,Redup,30cm,0.278,0.280,0.052,Accept,Reject,Reject
P08,Screen_Attack,Redup,30cm,0.287,0.284,0.053,Accept,Reject,Reject
P08,Screen_Attack,Redup,30cm,0.328,0.297,0.062,Accept,Reject,Reject
P08,Screen_Attack,Redup,30cm,0.382,0.280,0.076,Accept,Reject,Reject
P08,Screen_Attack,Redup,30cm,0.285,0.287,0.080,Accept,Reject,Reject
P08,Screen_Attack,Redup,30cm,0.357,0.296,0.048,Accept,Reject,Reject
P08,Screen_Attack,Redup,30cm,0.377,0.276,0.070,Accept,Reject,Reject
P08,Screen_Attack,Redup,45cm,0.312,0.292,0.070,Accept,Reject,Reject
P08,Screen_Attack,Redup,45cm,0.292,0.283,0.052,Accept,Reject,Reject
P08,Screen_Attack,Redup,45cm,0.353,0.304,0.077,Accept,Reject,Reject
P08,Screen_Attack,Redup,45cm,0.327,0.277,0.076,Accept,Reject,Reject
P08,Screen_Attack,Redup,45cm,0.349,0.300,0.070,Accept,Reject,Reject
P08,Screen_Attack,Redup,45cm,0.324,0.301,0.053,Accept,Reject,Reject
P08,Screen_Attack,Redup,45cm,0.399,0.291,0.075,Accept,Reject,Reject
P08,Screen_Attack,Redup,45cm,0.279,0.281,0.071,Accept,Reject,Reject
P08,Screen_Attack,Redup,45cm,0.281,0.284,0.067,Accept,Reject,Reject
P08,Screen_Attack,Redup,45cm,0.357,0.300,0.053,Accept,Reject,Reject
P08,Screen_Attack,Redup,60cm,0.409,0.300,0.066,Reject,Reject,Reject
P08,Screen_Attack,Redup,60cm,0.414,0.275,0.059,Reject,Reject,Reject
P08,Screen_Attack,Redup,60cm,0.363,0.303,0.078,Accept,Reject,Reject
P08,Screen_Attack,Redup,60cm,0.432,0.290,0.073,Reject,Reject,Reject
P08,Screen_Attack,Redup,60cm,0.347,0.292,0.064,Accept,Reject,Reject
P08,Screen_Attack,Redup,60cm,0.405,0.277,0.055,Reject,Reject,Reject
P08,Screen_Attack,Redup,60cm,0.406,0.291,0.050,Reject,Reject,Reject
P08,Screen_Attack,Redup,60cm,0.436,0.305,0.069,Reject,Reject,Reject
P08,Screen_Attack,Redup,60cm,0.352,0.284,0.059,Accept,Reject,Reject
P08,Screen_Attack,Redup,60cm,0.381,0.284,0.050,Accept,Reject,Reject
P08,Screen_Attack,Standar,30cm,0.277,0.299,0.079,Accept,Reject,Reject
P08,Screen_Attack,Standar,30cm,0.235,0.287,0.080,Accept,Reject,Reject
P08,Screen_Attack,Standar,30cm,0.261,0.287,0.067,Accept,Reject,Reject
P08,Screen_Attack,Standar,30cm,0.221,0.298,0.050,Accept,Reject,Reject
P08,Screen_Attack,Standar,30cm,0.319,0.304,0.078,Accept,Reject,Reject
P08,Screen_Attack,Standar,30cm,0.260,0.303,0.078,Accept,Reject,Reject
P08,Screen_Attack,Standar,30cm,0.229,0.283,0.069,Accept,Reject,Reject
P08,Screen_Attack,Standar,30cm,0.287,0.287,0.055,Accept,Reject,Reject
P08,Screen_Attack,Standar,30cm,0.342,0.285,0.050,Accept,Reject,Reject
P08,Screen_Attack,Standar,30cm,0.262,0.299,0.055,Accept,Reject,Reject
P08,Screen_Attack,Standar,45cm,0.346,0.301,0.070,Accept,Reject,Reject
P08,Screen_Attack,Standar,45cm,0.260,0.295,0.078,Accept,Reject,Reject
P08,Screen_Attack,Standar,45cm,0.372,0.297,0.058,Accept,Reject,Reject
P08,Screen_Attack,Standar,45cm,0.354,0.300,0.064,Accept,Reject,Reject
P08,Screen_Attack,Standar,45cm,0.377,0.297,0.073,Accept,Reject,Reject
P08,Screen_Attack,Standar,45cm,0.271,0.284,0.050,Accept,Reject,Reject
P08,Screen_Attack,Standar,45cm,0.320,0.300,0.055,Accept,Reject,Reject
P08,Screen_Attack,Standar,45cm,0.375,0.276,0.068,Accept,Reject,Reject
P08,Screen_Attack,Standar,45cm,0.249,0.296,0.078,Accept,Reject,Reject
P08,Screen_Attack,Standar,45cm,0.382,0.301,0.066,Accept,Reject,Reject
P08,Screen_Attack,Standar,60cm,0.304,0.284,0.067,Accept,Reject,Reject
P08,Screen_Attack,Standar,60cm,0.406,0.295,0.054,Reject,Reject,Reject
P08,Screen_Attack,Standar,60cm,0.282,0.304,0.061,Accept,Reject,Reject
P08,Screen_Attack,Standar,60cm,0.300,0.278,0.061,Accept,Reject,Reject
P08,Screen_Attack,Standar,60cm,0.341,0.286,0.067,Accept,Reject,Reject
P08,Screen_Attack,Standar,60cm,0.266,0.283,0.052,Accept,Reject,Reject
P08,Screen_Attack,Standar,60cm,0.287,0.292,0.062,Accept,Reject,Reject
P08,Screen_Attack,Standar,60cm,0.282,0.276,0.066,Accept,Reject,Reject
P08,Screen_Attack,Standar,60cm,0.343,0.304,0.071,Accept,Reject,Reject
P08,Screen_Attack,Standar,60cm,0.361,0.280,0.067,Accept,Reject,Reject
P08,Screen_Attack,Terang,30cm,0.314,0.302,0.072,Accept,Reject,Reject
P08,Screen_Attack,Terang,30cm,0.285,0.282,0.049,Accept,Reject,Reject
P08,Screen_Attack,Terang,30cm,0.343,0.286,0.057,Accept,Reject,Reject
P08,Screen_Attack,Terang,30cm,0.360,0.290,0.066,Accept,Reject,Reject
P08,Screen_Attack,Terang,30cm,0.296,0.303,0.071,Accept,Reject,Reject
P08,Screen_Attack,Terang,30cm,0.307,0.304,0.048,Accept,Reject,Reject
P08,Screen_Attack,Terang,30cm,0.231,0.275,0.057,Accept,Reject,Reject
P08,Screen_Attack,Terang,30cm,0.229,0.280,0.061,Accept,Reject,Reject
P08,Screen_Attack,Terang,30cm,0.359,0.301,0.067,Accept,Reject,Reject
P08,Screen_Attack,Terang,30cm,0.262,0.293,0.072,Accept,Reject,Reject
P08,Screen_Attack,Terang,45cm,0.271,0.303,0.053,Accept,Reject,Reject
P08,Screen_Attack,Terang,45cm,0.275,0.279,0.068,Accept,Reject,Reject
P08,Screen_Attack,Terang,45cm,0.388,0.294,0.060,Accept,Reject,Reject
P08,Screen_Attack,Terang,45cm,0.301,0.300,0.057,Accept,Reject,Reject
P08,Screen_Attack,Terang,45cm,0.303,0.305,0.057,Accept,Reject,Reject
P08,Screen_Attack,Terang,45cm,0.350,0.291,0.071,Accept,Reject,Reject
P08,Screen_Attack,Terang,45cm,0.348,0.302,0.058,Accept,Reject,Reject
P08,Screen_Attack,Terang,45cm,0.259,0.291,0.053,Accept,Reject,Reject
P08,Screen_Attack,Terang,45cm,0.261,0.303,0.052,Accept,Reject,Reject
P08,Screen_Attack,Terang,45cm,0.323,0.287,0.056,Accept,Reject,Reject
P08,Screen_Attack,Terang,60cm,0.393,0.302,0.051,Accept,Reject,Reject
P08,Screen_Attack,Terang,60cm,0.300,0.292,0.075,Accept,Reject,Reject
P08,Screen_Attack,Terang,60cm,0.282,0.288,0.063,Accept,Reject,Reject
P08,Screen_Attack,Terang,60cm,0.380,0.295,0.055,Accept,Reject,Reject
P08,Screen_Attack,Terang,60cm,0.296,0.276,0.050,Accept,Reject,Reject
P08,Screen_Attack,Terang,60cm,0.358,0.276,0.074,Accept,Reject,Reject
P08,Screen_Attack,Terang,60cm,0.304,0.278,0.064,Accept,Reject,Reject
P08,Screen_Attack,Terang,60cm,0.314,0.276,0.050,Accept,Reject,Reject
P08,Screen_Attack,Terang,60cm,0.359,0.297,0.078,Accept,Reject,Reject
P08,Screen_Attack,Terang,60cm,0.287,0.280,0.080,Accept,Reject,Reject
P09,Screen_Attack,Redup,30cm,0.389,0.284,0.056,Accept,Reject,Reject
P09,Screen_Attack,Redup,30cm,0.318,0.299,0.065,Accept,Reject,Reject
P09,Screen_Attack,Redup,30cm,0.347,0.301,0.073,Accept,Reject,Reject
P09,Screen_Attack,Redup,30cm,0.321,0.296,0.052,Accept,Reject,Reject
P09,Screen_Attack,Redup,30cm,0.256,0.302,0.052,Accept,Reject,Reject
P09,Screen_Attack,Redup,30cm,0.270,0.299,0.062,Accept,Reject,Reject
P09,Screen_Attack,Redup,30cm,0.373,0.285,0.076,Accept,Reject,Reject
P09,Screen_Attack,Redup,30cm,0.365,0.298,0.080,Accept,Reject,Reject
P09,Screen_Attack,Redup,30cm,0.279,0.284,0.049,Accept,Reject,Reject
P09,Screen_Attack,Redup,30cm,0.322,0.280,0.056,Accept,Reject,Reject
P09,Screen_Attack,Redup,45cm,0.313,0.305,0.069,Accept,Reject,Reject
P09,Screen_Attack,Redup,45cm,0.422,0.277,0.052,Reject,Reject,Reject
P09,Screen_Attack,Redup,45cm,0.414,0.301,0.076,Reject,Reject,Reject
P09,Screen_Attack,Redup,45cm,0.348,0.293,0.076,Accept,Reject,Reject
P09,Screen_Attack,Redup,45cm,0.283,0.284,0.071,Accept,Reject,Reject
P09,Screen_Attack,Redup,45cm,0.374,0.303,0.053,Accept,Reject,Reject
P09,Screen_Attack,Redup,45cm,0.393,0.291,0.076,Accept,Reject,Reject
P09,Screen_Attack,Redup,45cm,0.297,0.298,0.072,Accept,Reject,Reject
P09,Screen_Attack,Redup,45cm,0.295,0.294,0.066,Accept,Reject,Reject
P09,Screen_Attack,Redup,45cm,0.334,0.281,0.072,Accept,Reject,Reject
P09,Screen_Attack,Redup,60cm,0.428,0.276,0.067,Reject,Reject,Reject
P09,Screen_Attack,Redup,60cm,0.297,0.289,0.059,Accept,Reject,Reject
P09,Screen_Attack,Redup,60cm,0.332,0.293,0.079,Accept,Reject,Reject
P09,Screen_Attack,Redup,60cm,0.433,0.286,0.074,Reject,Reject,Reject
P09,Screen_Attack,Redup,60cm,0.406,0.284,0.064,Reject,Reject,Reject
P09,Screen_Attack,Redup,60cm,0.396,0.290,0.056,Accept,Reject,Reject
P09,Screen_Attack,Redup,60cm,0.406,0.298,0.050,Reject,Reject,Reject
P09,Screen_Attack,Redup,60cm,0.348,0.280,0.069,Accept,Reject,Reject
P09,Screen_Attack,Redup,60cm,0.365,0.287,0.060,Accept,Reject,Reject
P09,Screen_Attack,Redup,60cm,0.318,0.300,0.061,Accept,Reject,Reject
P09,Screen_Attack,Standar,30cm,0.268,0.283,0.055,Accept,Reject,Reject
P09,Screen_Attack,Standar,30cm,0.339,0.284,0.064,Accept,Reject,Reject
P09,Screen_Attack,Standar,30cm,0.219,0.288,0.073,Accept,Reject,Reject
P09,Screen_Attack,Standar,30cm,0.266,0.291,0.079,Accept,Reject,Reject
P09,Screen_Attack,Standar,30cm,0.304,0.285,0.059,Accept,Reject,Reject
P09,Screen_Attack,Standar,30cm,0.273,0.296,0.067,Accept,Reject,Reject
P09,Screen_Attack,Standar,30cm,0.328,0.296,0.071,Accept,Reject,Reject
P09,Screen_Attack,Standar,30cm,0.250,0.290,0.074,Accept,Reject,Reject
P09,Screen_Attack,Standar,30cm,0.246,0.275,0.054,Accept,Reject,Reject
P09,Screen_Attack,Standar,30cm,0.289,0.285,0.049,Accept,Reject,Reject
P09,Screen_Attack,Standar,45cm,0.334,0.277,0.069,Accept,Reject,Reject
P09,Screen_Attack,Standar,45cm,0.379,0.293,0.050,Accept,Reject,Reject
P09,Screen_Attack,Standar,45cm,0.284,0.277,0.078,Accept,Reject,Reject
P09,Screen_Attack,Standar,45cm,0.317,0.284,0.079,Accept,Reject,Reject
P09,Screen_Attack,Standar,45cm,0.301,0.278,0.067,Accept,Reject,Reject
P09,Screen_Attack,Standar,45cm,0.250,0.285,0.050,Accept,Reject,Reject
P09,Screen_Attack,Standar,45cm,0.312,0.296,0.078,Accept,Reject,Reject
P09,Screen_Attack,Standar,45cm,0.353,0.281,0.075,Accept,Reject,Reject
P09,Screen_Attack,Standar,45cm,0.338,0.299,0.063,Accept,Reject,Reject
P09,Screen_Attack,Standar,45cm,0.275,0.293,0.065,Accept,Reject,Reject
P09,Screen_Attack,Standar,60cm,0.381,0.277,0.061,Accept,Reject,Reject
P09,Screen_Attack,Standar,60cm,0.318,0.280,0.053,Accept,Reject,Reject
P09,Screen_Attack,Standar,60cm,0.322,0.284,0.052,Accept,Reject,Reject
P09,Screen_Attack,Standar,60cm,0.263,0.291,0.072,Accept,Reject,Reject
P09,Screen_Attack,Standar,60cm,0.369,0.279,0.065,Accept,Reject,Reject
P09,Screen_Attack,Standar,60cm,0.344,0.296,0.056,Accept,Reject,Reject
P09,Screen_Attack,Standar,60cm,0.274,0.288,0.049,Accept,Reject,Reject
P09,Screen_Attack,Standar,60cm,0.313,0.300,0.068,Accept,Reject,Reject
P09,Screen_Attack,Standar,60cm,0.289,0.277,0.060,Accept,Reject,Reject
P09,Screen_Attack,Standar,60cm,0.358,0.286,0.059,Accept,Reject,Reject
P09,Screen_Attack,Terang,30cm,0.263,0.301,0.058,Accept,Reject,Reject
P09,Screen_Attack,Terang,30cm,0.287,0.301,0.068,Accept,Reject,Reject
P09,Screen_Attack,Terang,30cm,0.374,0.295,0.070,Accept,Reject,Reject
P09,Screen_Attack,Terang,30cm,0.309,0.290,0.049,Accept,Reject,Reject
P09,Screen_Attack,Terang,30cm,0.263,0.304,0.055,Accept,Reject,Reject
P09,Screen_Attack,Terang,30cm,0.256,0.286,0.064,Accept,Reject,Reject
P09,Screen_Attack,Terang,30cm,0.255,0.296,0.074,Accept,Reject,Reject
P09,Screen_Attack,Terang,30cm,0.313,0.289,0.078,Accept,Reject,Reject
P09,Screen_Attack,Terang,30cm,0.374,0.295,0.051,Accept,Reject,Reject
P09,Screen_Attack,Terang,30cm,0.323,0.297,0.061,Accept,Reject,Reject
P09,Screen_Attack,Terang,45cm,0.324,0.294,0.067,Accept,Reject,Reject
P09,Screen_Attack,Terang,45cm,0.325,0.278,0.049,Accept,Reject,Reject
P09,Screen_Attack,Terang,45cm,0.357,0.296,0.079,Accept,Reject,Reject
P09,Screen_Attack,Terang,45cm,0.329,0.287,0.079,Accept,Reject,Reject
P09,Screen_Attack,Terang,45cm,0.297,0.285,0.068,Accept,Reject,Reject
P09,Screen_Attack,Terang,45cm,0.274,0.292,0.051,Accept,Reject,Reject
P09,Screen_Attack,Terang,45cm,0.362,0.300,0.078,Accept,Reject,Reject
P09,Screen_Attack,Terang,45cm,0.257,0.286,0.074,Accept,Reject,Reject
P09,Screen_Attack,Terang,45cm,0.376,0.277,0.064,Accept,Reject,Reject
P09,Screen_Attack,Terang,45cm,0.335,0.279,0.056,Accept,Reject,Reject
P09,Screen_Attack,Terang,60cm,0.385,0.277,0.064,Accept,Reject,Reject
P09,Screen_Attack,Terang,60cm,0.289,0.278,0.057,Accept,Reject,Reject
P09,Screen_Attack,Terang,60cm,0.359,0.303,0.049,Accept,Reject,Reject
P09,Screen_Attack,Terang,60cm,0.348,0.295,0.075,Accept,Reject,Reject
P09,Screen_Attack,Terang,60cm,0.360,0.303,0.062,Accept,Reject,Reject
P09,Screen_Attack,Terang,60cm,0.391,0.291,0.053,Accept,Reject,Reject
P09,Screen_Attack,Terang,60cm,0.406,0.293,0.053,Reject,Reject,Reject
P09,Screen_Attack,Terang,60cm,0.373,0.287,0.072,Accept,Reject,Reject
P09,Screen_Attack,Terang,60cm,0.404,0.285,0.057,Reject,Reject,Reject
P09,Screen_Attack,Terang,60cm,0.384,0.294,0.052,Accept,Reject,Reject
P10,Screen_Attack,Redup,30cm,0.390,0.291,0.068,Accept,Reject,Reject
P10,Screen_Attack,Redup,30cm,0.287,0.301,0.054,Accept,Reject,Reject
P10,Screen_Attack,Redup,30cm,0.357,0.280,0.060,Accept,Reject,Reject
P10,Screen_Attack,Redup,30cm,0.304,0.295,0.057,Accept,Reject,Reject
P10,Screen_Attack,Redup,30cm,0.389,0.285,0.071,Accept,Reject,Reject
P10,Screen_Attack,Redup,30cm,0.345,0.283,0.056,Accept,Reject,Reject
P10,Screen_Attack,Redup,30cm,0.343,0.279,0.058,Accept,Reject,Reject
P10,Screen_Attack,Redup,30cm,0.304,0.284,0.062,Accept,Reject,Reject
P10,Screen_Attack,Redup,30cm,0.302,0.280,0.075,Accept,Reject,Reject
P10,Screen_Attack,Redup,30cm,0.342,0.302,0.053,Accept,Reject,Reject
P10,Screen_Attack,Redup,45cm,0.331,0.301,0.049,Accept,Reject,Reject
P10,Screen_Attack,Redup,45cm,0.376,0.303,0.072,Accept,Reject,Reject
P10,Screen_Attack,Redup,45cm,0.330,0.283,0.065,Accept,Reject,Reject
P10,Screen_Attack,Redup,45cm,0.344,0.282,0.058,Accept,Reject,Reject
P10,Screen_Attack,Redup,45cm,0.345,0.279,0.048,Accept,Reject,Reject
P10,Screen_Attack,Redup,45cm,0.413,0.295,0.072,Reject,Reject,Reject
P10,Screen_Attack,Redup,45cm,0.341,0.281,0.066,Accept,Reject,Reject
P10,Screen_Attack,Redup,45cm,0.290,0.300,0.062,Accept,Reject,Reject
P10,Screen_Attack,Redup,45cm,0.419,0.277,0.053,Reject,Reject,Reject
P10,Screen_Attack,Redup,45cm,0.398,0.297,0.073,Accept,Reject,Reject
P10,Screen_Attack,Redup,60cm,0.314,0.277,0.074,Accept,Reject,Reject
P10,Screen_Attack,Redup,60cm,0.412,0.296,0.075,Reject,Reject,Reject
P10,Screen_Attack,Redup,60cm,0.358,0.296,0.072,Accept,Reject,Reject
P10,Screen_Attack,Redup,60cm,0.306,0.284,0.051,Accept,Reject,Reject
P10,Screen_Attack,Redup,60cm,0.383,0.304,0.078,Accept,Reject,Reject
P10,Screen_Attack,Redup,60cm,0.357,0.301,0.078,Accept,Reject,Reject
P10,Screen_Attack,Redup,60cm,0.328,0.297,0.069,Accept,Reject,Reject
P10,Screen_Attack,Redup,60cm,0.390,0.294,0.055,Accept,Reject,Reject
P10,Screen_Attack,Redup,60cm,0.318,0.292,0.050,Accept,Reject,Reject
P10,Screen_Attack,Redup,60cm,0.319,0.279,0.077,Accept,Reject,Reject
P10,Screen_Attack,Standar,30cm,0.244,0.294,0.052,Accept,Reject,Reject
P10,Screen_Attack,Standar,30cm,0.308,0.304,0.070,Accept,Reject,Reject
P10,Screen_Attack,Standar,30cm,0.354,0.278,0.077,Accept,Reject,Reject
P10,Screen_Attack,Standar,30cm,0.255,0.284,0.075,Accept,Reject,Reject
P10,Screen_Attack,Standar,30cm,0.298,0.301,0.053,Accept,Reject,Reject
P10,Screen_Attack,Standar,30cm,0.277,0.299,0.070,Accept,Reject,Reject
P10,Screen_Attack,Standar,30cm,0.295,0.299,0.076,Accept,Reject,Reject
P10,Screen_Attack,Standar,30cm,0.222,0.292,0.048,Accept,Reject,Reject
P10,Screen_Attack,Standar,30cm,0.223,0.301,0.057,Accept,Reject,Reject
P10,Screen_Attack,Standar,30cm,0.316,0.303,0.058,Accept,Reject,Reject
P10,Screen_Attack,Standar,45cm,0.287,0.290,0.065,Accept,Reject,Reject
P10,Screen_Attack,Standar,45cm,0.335,0.292,0.056,Accept,Reject,Reject
P10,Screen_Attack,Standar,45cm,0.255,0.299,0.049,Accept,Reject,Reject
P10,Screen_Attack,Standar,45cm,0.257,0.284,0.077,Accept,Reject,Reject
P10,Screen_Attack,Standar,45cm,0.287,0.279,0.062,Accept,Reject,Reject
P10,Screen_Attack,Standar,45cm,0.353,0.295,0.053,Accept,Reject,Reject
P10,Screen_Attack,Standar,45cm,0.270,0.283,0.052,Accept,Reject,Reject
P10,Screen_Attack,Standar,45cm,0.251,0.292,0.080,Accept,Reject,Reject
P10,Screen_Attack,Standar,45cm,0.281,0.280,0.066,Accept,Reject,Reject
P10,Screen_Attack,Standar,45cm,0.337,0.288,0.065,Accept,Reject,Reject
P10,Screen_Attack,Standar,60cm,0.375,0.296,0.058,Accept,Reject,Reject
P10,Screen_Attack,Standar,60cm,0.301,0.285,0.059,Accept,Reject,Reject
P10,Screen_Attack,Standar,60cm,0.329,0.282,0.056,Accept,Reject,Reject
P10,Screen_Attack,Standar,60cm,0.283,0.286,0.069,Accept,Reject,Reject
P10,Screen_Attack,Standar,60cm,0.275,0.304,0.060,Accept,Reject,Reject
P10,Screen_Attack,Standar,60cm,0.382,0.300,0.060,Accept,Reject,Reject
P10,Screen_Attack,Standar,60cm,0.307,0.299,0.055,Accept,Reject,Reject
P10,Screen_Attack,Standar,60cm,0.402,0.287,0.074,Reject,Reject,Reject
P10,Screen_Attack,Standar,60cm,0.264,0.294,0.063,Accept,Reject,Reject
P10,Screen_Attack,Standar,60cm,0.329,0.305,0.068,Accept,Reject,Reject
P10,Screen_Attack,Terang,30cm,0.320,0.289,0.055,Accept,Reject,Reject
P10,Screen_Attack,Terang,30cm,0.373,0.275,0.069,Accept,Reject,Reject
P10,Screen_Attack,Terang,30cm,0.299,0.286,0.060,Accept,Reject,Reject
P10,Screen_Attack,Terang,30cm,0.333,0.288,0.064,Accept,Reject,Reject
P10,Screen_Attack,Terang,30cm,0.252,0.278,0.051,Accept,Reject,Reject
P10,Screen_Attack,Terang,30cm,0.326,0.283,0.066,Accept,Reject,Reject
P10,Screen_Attack,Terang,30cm,0.314,0.298,0.063,Accept,Reject,Reject
P10,Screen_Attack,Terang,30cm,0.358,0.289,0.058,Accept,Reject,Reject
P10,Screen_Attack,Terang,30cm,0.256,0.290,0.079,Accept,Reject,Reject
P10,Screen_Attack,Terang,30cm,0.286,0.284,0.067,Accept,Reject,Reject
P10,Screen_Attack,Terang,45cm,0.341,0.291,0.073,Accept,Reject,Reject
P10,Screen_Attack,Terang,45cm,0.267,0.294,0.051,Accept,Reject,Reject
P10,Screen_Attack,Terang,45cm,0.253,0.295,0.055,Accept,Reject,Reject
P10,Screen_Attack,Terang,45cm,0.277,0.280,0.062,Accept,Reject,Reject
P10,Screen_Attack,Terang,45cm,0.337,0.301,0.075,Accept,Reject,Reject
P10,Screen_Attack,Terang,45cm,0.278,0.281,0.051,Accept,Reject,Reject
P10,Screen_Attack,Terang,45cm,0.322,0.284,0.054,Accept,Reject,Reject
P10,Screen_Attack,Terang,45cm,0.314,0.283,0.059,Accept,Reject,Reject
P10,Screen_Attack,Terang,45cm,0.287,0.280,0.070,Accept,Reject,Reject
P10,Screen_Attack,Terang,45cm,0.383,0.278,0.061,Accept,Reject,Reject
P10,Screen_Attack,Terang,60cm,0.302,0.285,0.048,Accept,Reject,Reject
P10,Screen_Attack,Terang,60cm,0.334,0.301,0.079,Accept,Reject,Reject
P10,Screen_Attack,Terang,60cm,0.373,0.282,0.049,Accept,Reject,Reject
P10,Screen_Attack,Terang,60cm,0.280,0.278,0.070,Accept,Reject,Reject
P10,Screen_Attack,Terang,60cm,0.367,0.276,0.077,Accept,Reject,Reject
P10,Screen_Attack,Terang,60cm,0.283,0.305,0.077,Accept,Reject,Reject
P10,Screen_Attack,Terang,60cm,0.308,0.298,0.051,Accept,Reject,Reject
P10,Screen_Attack,Terang,60cm,0.390,0.289,0.065,Accept,Reject,Reject
P10,Screen_Attack,Terang,60cm,0.371,0.296,0.073,Accept,Reject,Reject
P10,Screen_Attack,Terang,60cm,0.376,0.305,0.055,Accept,Reject,Reject
P11,Screen_Attack,Redup,30cm,0.266,0.300,0.069,Accept,Reject,Reject
P11,Screen_Attack,Redup,30cm,0.334,0.296,0.054,Accept,Reject,Reject
P11,Screen_Attack,Redup,30cm,0.355,0.303,0.061,Accept,Reject,Reject
P11,Screen_Attack,Redup,30cm,0.373,0.281,0.058,Accept,Reject,Reject
P11,Screen_Attack,Redup,30cm,0.328,0.302,0.071,Accept,Reject,Reject
P11,Screen_Attack,Redup,30cm,0.359,0.284,0.057,Accept,Reject,Reject
P11,Screen_Attack,Redup,30cm,0.276,0.284,0.057,Accept,Reject,Reject
P11,Screen_Attack,Redup,30cm,0.260,0.296,0.061,Accept,Reject,Reject
P11,Screen_Attack,Redup,30cm,0.345,0.298,0.076,Accept,Reject,Reject
P11,Screen_Attack,Redup,30cm,0.273,0.287,0.068,Accept,Reject,Reject
P11,Screen_Attack,Redup,45cm,0.299,0.296,0.049,Accept,Reject,Reject
P11,Screen_Attack,Redup,45cm,0.383,0.280,0.072,Accept,Reject,Reject
P11,Screen_Attack,Redup,45cm,0.393,0.293,0.064,Accept,Reject,Reject
P11,Screen_Attack,Redup,45cm,0.337,0.298,0.057,Accept,Reject,Reject
P11,Screen_Attack,Redup,45cm,0.310,0.294,0.048,Accept,Reject,Reject
P11,Screen_Attack,Redup,45cm,0.394,0.298,0.071,Accept,Reject,Reject
P11,Screen_Attack,Redup,45cm,0.390,0.281,0.066,Accept,Reject,Reject
P11,Screen_Attack,Redup,45cm,0.279,0.286,0.063,Accept,Reject,Reject
P11,Screen_Attack,Redup,45cm,0.316,0.287,0.052,Accept,Reject,Reject
P11,Screen_Attack,Redup,45cm,0.342,0.288,0.057,Accept,Reject,Reject
P11,Screen_Attack,Redup,60cm,0.398,0.282,0.074,Accept,Reject,Reject
P11,Screen_Attack,Redup,60cm,0.411,0.281,0.074,Reject,Reject,Reject
P11,Screen_Attack,Redup,60cm,0.347,0.287,0.072,Accept,Reject,Reject
P11,Screen_Attack,Redup,60cm,0.331,0.293,0.051,Accept,Reject,Reject
P11,Screen_Attack,Redup,60cm,0.445,0.278,0.077,Reject,Reject,Reject
P11,Screen_Attack,Redup,60cm,0.409,0.296,0.078,Reject,Reject,Reject
P11,Screen_Attack,Redup,60cm,0.443,0.286,0.068,Reject,Reject,Reject
P11,Screen_Attack,Redup,60cm,0.303,0.288,0.055,Accept,Reject,Reject
P11,Screen_Attack,Redup,60cm,0.311,0.282,0.050,Accept,Reject,Reject
P11,Screen_Attack,Redup,60cm,0.333,0.283,0.058,Accept,Reject,Reject
P11,Screen_Attack,Standar,30cm,0.255,0.276,0.052,Accept,Reject,Reject
P11,Screen_Attack,Standar,30cm,0.228,0.276,0.076,Accept,Reject,Reject
P11,Screen_Attack,Standar,30cm,0.270,0.277,0.061,Accept,Reject,Reject
P11,Screen_Attack,Standar,30cm,0.341,0.291,0.056,Accept,Reject,Reject
P11,Screen_Attack,Standar,30cm,0.293,0.291,0.049,Accept,Reject,Reject
P11,Screen_Attack,Standar,30cm,0.257,0.280,0.073,Accept,Reject,Reject
P11,Screen_Attack,Standar,30cm,0.340,0.290,0.065,Accept,Reject,Reject
P11,Screen_Attack,Standar,30cm,0.307,0.282,0.052,Accept,Reject,Reject
P11,Screen_Attack,Standar,30cm,0.217,0.303,0.077,Accept,Reject,Reject
P11,Screen_Attack,Standar,30cm,0.340,0.280,0.055,Accept,Reject,Reject
P11,Screen_Attack,Standar,45cm,0.284,0.284,0.076,Accept,Reject,Reject
P11,Screen_Attack,Standar,45cm,0.356,0.299,0.075,Accept,Reject,Reject
P11,Screen_Attack,Standar,45cm,0.332,0.294,0.054,Accept,Reject,Reject
P11,Screen_Attack,Standar,45cm,0.300,0.296,0.070,Accept,Reject,Reject
P11,Screen_Attack,Standar,45cm,0.369,0.293,0.077,Accept,Reject,Reject
P11,Screen_Attack,Standar,45cm,0.244,0.293,0.077,Accept,Reject,Reject
P11,Screen_Attack,Standar,45cm,0.298,0.287,0.052,Accept,Reject,Reject
P11,Screen_Attack,Standar,45cm,0.239,0.298,0.065,Accept,Reject,Reject
P11,Screen_Attack,Standar,45cm,0.308,0.289,0.073,Accept,Reject,Reject
P11,Screen_Attack,Standar,45cm,0.367,0.277,0.057,Accept,Reject,Reject
P11,Screen_Attack,Standar,60cm,0.337,0.291,0.073,Accept,Reject,Reject
P11,Screen_Attack,Standar,60cm,0.292,0.293,0.051,Accept,Reject,Reject
P11,Screen_Attack,Standar,60cm,0.342,0.294,0.056,Accept,Reject,Reject
P11,Screen_Attack,Standar,60cm,0.272,0.280,0.067,Accept,Reject,Reject
P11,Screen_Attack,Standar,60cm,0.350,0.288,0.070,Accept,Reject,Reject
P11,Screen_Attack,Standar,60cm,0.261,0.298,0.079,Accept,Reject,Reject
P11,Screen_Attack,Standar,60cm,0.277,0.284,0.059,Accept,Reject,Reject
P11,Screen_Attack,Standar,60cm,0.390,0.293,0.063,Accept,Reject,Reject
P11,Screen_Attack,Standar,60cm,0.337,0.291,0.065,Accept,Reject,Reject
P11,Screen_Attack,Standar,60cm,0.374,0.291,0.067,Accept,Reject,Reject
P11,Screen_Attack,Terang,30cm,0.237,0.298,0.071,Accept,Reject,Reject
P11,Screen_Attack,Terang,30cm,0.361,0.305,0.053,Accept,Reject,Reject
P11,Screen_Attack,Terang,30cm,0.362,0.283,0.075,Accept,Reject,Reject
P11,Screen_Attack,Terang,30cm,0.249,0.298,0.077,Accept,Reject,Reject
P11,Screen_Attack,Terang,30cm,0.232,0.298,0.070,Accept,Reject,Reject
P11,Screen_Attack,Terang,30cm,0.307,0.284,0.052,Accept,Reject,Reject
P11,Screen_Attack,Terang,30cm,0.325,0.300,0.077,Accept,Reject,Reject
P11,Screen_Attack,Terang,30cm,0.365,0.281,0.073,Accept,Reject,Reject
P11,Screen_Attack,Terang,30cm,0.367,0.301,0.065,Accept,Reject,Reject
P11,Screen_Attack,Terang,30cm,0.244,0.279,0.069,Accept,Reject,Reject
P11,Screen_Attack,Terang,45cm,0.298,0.295,0.053,Accept,Reject,Reject
P11,Screen_Attack,Terang,45cm,0.390,0.275,0.061,Accept,Reject,Reject
P11,Screen_Attack,Terang,45cm,0.317,0.285,0.076,Accept,Reject,Reject
P11,Screen_Attack,Terang,45cm,0.359,0.279,0.049,Accept,Reject,Reject
P11,Screen_Attack,Terang,45cm,0.258,0.299,0.056,Accept,Reject,Reject
P11,Screen_Attack,Terang,45cm,0.297,0.300,0.065,Accept,Reject,Reject
P11,Screen_Attack,Terang,45cm,0.259,0.294,0.072,Accept,Reject,Reject
P11,Screen_Attack,Terang,45cm,0.299,0.289,0.077,Accept,Reject,Reject
P11,Screen_Attack,Terang,45cm,0.284,0.303,0.052,Accept,Reject,Reject
P11,Screen_Attack,Terang,45cm,0.365,0.291,0.053,Accept,Reject,Reject
P11,Screen_Attack,Terang,60cm,0.367,0.302,0.059,Accept,Reject,Reject
P11,Screen_Attack,Terang,60cm,0.377,0.299,0.059,Accept,Reject,Reject
P11,Screen_Attack,Terang,60cm,0.377,0.285,0.069,Accept,Reject,Reject
P11,Screen_Attack,Terang,60cm,0.321,0.291,0.056,Accept,Reject,Reject
P11,Screen_Attack,Terang,60cm,0.378,0.291,0.059,Accept,Reject,Reject
P11,Screen_Attack,Terang,60cm,0.392,0.277,0.058,Accept,Reject,Reject
P11,Screen_Attack,Terang,60cm,0.315,0.294,0.070,Accept,Reject,Reject
P11,Screen_Attack,Terang,60cm,0.416,0.281,0.052,Reject,Reject,Reject
P11,Screen_Attack,Terang,60cm,0.280,0.302,0.054,Accept,Reject,Reject
P11,Screen_Attack,Terang,60cm,0.386,0.301,0.074,Accept,Reject,Reject
P12,Screen_Attack,Redup,30cm,0.313,0.278,0.069,Accept,Reject,Reject
P12,Screen_Attack,Redup,30cm,0.251,0.276,0.054,Accept,Reject,Reject
P12,Screen_Attack,Redup,30cm,0.315,0.287,0.060,Accept,Reject,Reject
P12,Screen_Attack,Redup,30cm,0.271,0.294,0.058,Accept,Reject,Reject
P12,Screen_Attack,Redup,30cm,0.309,0.276,0.070,Accept,Reject,Reject
P12,Screen_Attack,Redup,30cm,0.337,0.286,0.056,Accept,Reject,Reject
P12,Screen_Attack,Redup,30cm,0.320,0.295,0.058,Accept,Reject,Reject
P12,Screen_Attack,Redup,30cm,0.294,0.299,0.062,Accept,Reject,Reject
P12,Screen_Attack,Redup,30cm,0.334,0.305,0.075,Accept,Reject,Reject
P12,Screen_Attack,Redup,30cm,0.323,0.282,0.051,Accept,Reject,Reject
P12,Screen_Attack,Redup,45cm,0.283,0.295,0.050,Accept,Reject,Reject
P12,Screen_Attack,Redup,45cm,0.390,0.280,0.074,Accept,Reject,Reject
P12,Screen_Attack,Redup,45cm,0.356,0.296,0.064,Accept,Reject,Reject
P12,Screen_Attack,Redup,45cm,0.303,0.279,0.059,Accept,Reject,Reject
P12,Screen_Attack,Redup,45cm,0.273,0.294,0.079,Accept,Reject,Reject
P12,Screen_Attack,Redup,45cm,0.357,0.296,0.070,Accept,Reject,Reject
P12,Screen_Attack,Redup,45cm,0.355,0.290,0.067,Accept,Reject,Reject
P12,Screen_Attack,Redup,45cm,0.366,0.298,0.063,Accept,Reject,Reject
P12,Screen_Attack,Redup,45cm,0.294,0.304,0.051,Accept,Reject,Reject
P12,Screen_Attack,Redup,45cm,0.362,0.287,0.077,Accept,Reject,Reject
P12,Screen_Attack,Redup,60cm,0.332,0.283,0.076,Accept,Reject,Reject
P12,Screen_Attack,Redup,60cm,0.325,0.279,0.076,Accept,Reject,Reject
P12,Screen_Attack,Redup,60cm,0.369,0.289,0.071,Accept,Reject,Reject
P12,Screen_Attack,Redup,60cm,0.359,0.302,0.052,Accept,Reject,Reject
P12,Screen_Attack,Redup,60cm,0.321,0.276,0.076,Accept,Reject,Reject
P12,Screen_Attack,Redup,60cm,0.439,0.296,0.077,Reject,Reject,Reject
P12,Screen_Attack,Redup,60cm,0.326,0.297,0.069,Accept,Reject,Reject
P12,Screen_Attack,Redup,60cm,0.298,0.299,0.056,Accept,Reject,Reject
P12,Screen_Attack,Redup,60cm,0.346,0.297,0.049,Accept,Reject,Reject
P12,Screen_Attack,Redup,60cm,0.335,0.276,0.073,Accept,Reject,Reject
P12,Screen_Attack,Standar,30cm,0.345,0.292,0.080,Accept,Reject,Reject
P12,Screen_Attack,Standar,30cm,0.245,0.296,0.072,Accept,Reject,Reject
P12,Screen_Attack,Standar,30cm,0.245,0.285,0.066,Accept,Reject,Reject
P12,Screen_Attack,Standar,30cm,0.245,0.288,0.056,Accept,Reject,Reject
P12,Screen_Attack,Standar,30cm,0.308,0.282,0.049,Accept,Reject,Reject
P12,Screen_Attack,Standar,30cm,0.341,0.298,0.072,Accept,Reject,Reject
P12,Screen_Attack,Standar,30cm,0.325,0.290,0.066,Accept,Reject,Reject
P12,Screen_Attack,Standar,30cm,0.220,0.291,0.052,Accept,Reject,Reject
P12,Screen_Attack,Standar,30cm,0.240,0.277,0.076,Accept,Reject,Reject
P12,Screen_Attack,Standar,30cm,0.330,0.290,0.066,Accept,Reject,Reject
P12,Screen_Attack,Standar,45cm,0.348,0.297,0.048,Accept,Reject,Reject
P12,Screen_Attack,Standar,45cm,0.334,0.278,0.080,Accept,Reject,Reject
P12,Screen_Attack,Standar,45cm,0.362,0.286,0.049,Accept,Reject,Reject
P12,Screen_Attack,Standar,45cm,0.251,0.300,0.069,Accept,Reject,Reject
P12,Screen_Attack,Standar,45cm,0.349,0.302,0.077,Accept,Reject,Reject
P12,Screen_Attack,Standar,45cm,0.315,0.276,0.077,Accept,Reject,Reject
P12,Screen_Attack,Standar,45cm,0.308,0.287,0.051,Accept,Reject,Reject
P12,Screen_Attack,Standar,45cm,0.331,0.290,0.065,Accept,Reject,Reject
P12,Screen_Attack,Standar,45cm,0.280,0.285,0.073,Accept,Reject,Reject
P12,Screen_Attack,Standar,45cm,0.307,0.300,0.049,Accept,Reject,Reject
P12,Screen_Attack,Standar,60cm,0.271,0.303,0.073,Accept,Reject,Reject
P12,Screen_Attack,Standar,60cm,0.294,0.301,0.051,Accept,Reject,Reject
P12,Screen_Attack,Standar,60cm,0.270,0.299,0.055,Accept,Reject,Reject
P12,Screen_Attack,Standar,60cm,0.276,0.302,0.062,Accept,Reject,Reject
P12,Screen_Attack,Standar,60cm,0.346,0.296,0.075,Accept,Reject,Reject
P12,Screen_Attack,Standar,60cm,0.342,0.281,0.051,Accept,Reject,Reject
P12,Screen_Attack,Standar,60cm,0.354,0.303,0.054,Accept,Reject,Reject
P12,Screen_Attack,Standar,60cm,0.317,0.284,0.059,Accept,Reject,Reject
P12,Screen_Attack,Standar,60cm,0.257,0.298,0.070,Accept,Reject,Reject
P12,Screen_Attack,Standar,60cm,0.395,0.297,0.058,Accept,Reject,Reject
P12,Screen_Attack,Terang,30cm,0.312,0.285,0.049,Accept,Reject,Reject
P12,Screen_Attack,Terang,30cm,0.364,0.303,0.073,Accept,Reject,Reject
P12,Screen_Attack,Terang,30cm,0.322,0.283,0.066,Accept,Reject,Reject
P12,Screen_Attack,Terang,30cm,0.288,0.293,0.053,Accept,Reject,Reject
P12,Screen_Attack,Terang,30cm,0.233,0.304,0.052,Accept,Reject,Reject
P12,Screen_Attack,Terang,30cm,0.303,0.276,0.076,Accept,Reject,Reject
P12,Screen_Attack,Terang,30cm,0.230,0.278,0.062,Accept,Reject,Reject
P12,Screen_Attack,Terang,30cm,0.376,0.288,0.048,Accept,Reject,Reject
P12,Screen_Attack,Terang,30cm,0.320,0.293,0.080,Accept,Reject,Reject
P12,Screen_Attack,Terang,30cm,0.377,0.276,0.069,Accept,Reject,Reject
P12,Screen_Attack,Terang,45cm,0.328,0.301,0.076,Accept,Reject,Reject
P12,Screen_Attack,Terang,45cm,0.381,0.299,0.077,Accept,Reject,Reject
P12,Screen_Attack,Terang,45cm,0.252,0.292,0.052,Accept,Reject,Reject
P12,Screen_Attack,Terang,45cm,0.384,0.292,0.070,Accept,Reject,Reject
P12,Screen_Attack,Terang,45cm,0.271,0.284,0.076,Accept,Reject,Reject
P12,Screen_Attack,Terang,45cm,0.388,0.300,0.075,Accept,Reject,Reject
P12,Screen_Attack,Terang,45cm,0.341,0.295,0.053,Accept,Reject,Reject
P12,Screen_Attack,Terang,45cm,0.252,0.288,0.067,Accept,Reject,Reject
P12,Screen_Attack,Terang,45cm,0.395,0.301,0.071,Accept,Reject,Reject
P12,Screen_Attack,Terang,45cm,0.328,0.276,0.049,Accept,Reject,Reject
P12,Screen_Attack,Terang,60cm,0.423,0.287,0.070,Reject,Reject,Reject
P12,Screen_Attack,Terang,60cm,0.399,0.299,0.079,Accept,Reject,Reject
P12,Screen_Attack,Terang,60cm,0.356,0.286,0.059,Accept,Reject,Reject
P12,Screen_Attack,Terang,60cm,0.364,0.287,0.064,Accept,Reject,Reject
P12,Screen_Attack,Terang,60cm,0.382,0.298,0.073,Accept,Reject,Reject
P12,Screen_Attack,Terang,60cm,0.385,0.298,0.050,Accept,Reject,Reject
P12,Screen_Attack,Terang,60cm,0.366,0.300,0.055,Accept,Reject,Reject
P12,Screen_Attack,Terang,60cm,0.300,0.290,0.059,Accept,Reject,Reject
P12,Screen_Attack,Terang,60cm,0.405,0.296,0.069,Reject,Reject,Reject
P12,Screen_Attack,Terang,60cm,0.412,0.278,0.079,Reject,Reject,Reject
P13,Screen_Attack,Redup,30cm,0.303,0.281,0.069,Accept,Reject,Reject
P13,Screen_Attack,Redup,30cm,0.373,0.293,0.055,Accept,Reject,Reject
P13,Screen_Attack,Redup,30cm,0.397,0.304,0.060,Accept,Reject,Reject
P13,Screen_Attack,Redup,30cm,0.379,0.290,0.058,Accept,Reject,Reject
P13,Screen_Attack,Redup,30cm,0.314,0.299,0.071,Accept,Reject,Reject
P13,Screen_Attack,Redup,30cm,0.271,0.296,0.056,Accept,Reject,Reject
P13,Screen_Attack,Redup,30cm,0.267,0.303,0.059,Accept,Reject,Reject
P13,Screen_Attack,Redup,30cm,0.305,0.275,0.063,Accept,Reject,Reject
P13,Screen_Attack,Redup,30cm,0.346,0.276,0.074,Accept,Reject,Reject
P13,Screen_Attack,Redup,30cm,0.338,0.287,0.064,Accept,Reject,Reject
P13,Screen_Attack,Redup,45cm,0.347,0.293,0.050,Accept,Reject,Reject
P13,Screen_Attack,Redup,45cm,0.412,0.297,0.073,Reject,Reject,Reject
P13,Screen_Attack,Redup,45cm,0.406,0.282,0.064,Reject,Reject,Reject
P13,Screen_Attack,Redup,45cm,0.326,0.287,0.059,Accept,Reject,Reject
P13,Screen_Attack,Redup,45cm,0.413,0.304,0.079,Reject,Reject,Reject
P13,Screen_Attack,Redup,45cm,0.328,0.288,0.070,Accept,Reject,Reject
P13,Screen_Attack,Redup,45cm,0.319,0.285,0.067,Accept,Reject,Reject
P13,Screen_Attack,Redup,45cm,0.362,0.289,0.063,Accept,Reject,Reject
P13,Screen_Attack,Redup,45cm,0.299,0.299,0.052,Accept,Reject,Reject
P13,Screen_Attack,Redup,45cm,0.294,0.289,0.059,Accept,Reject,Reject
P13,Screen_Attack,Redup,60cm,0.416,0.301,0.075,Reject,Reject,Reject
P13,Screen_Attack,Redup,60cm,0.341,0.289,0.076,Accept,Reject,Reject
P13,Screen_Attack,Redup,60cm,0.327,0.293,0.070,Accept,Reject,Reject
P13,Screen_Attack,Redup,60cm,0.364,0.287,0.051,Accept,Reject,Reject
P13,Screen_Attack,Redup,60cm,0.378,0.298,0.076,Accept,Reject,Reject
P13,Screen_Attack,Redup,60cm,0.352,0.296,0.076,Accept,Reject,Reject
P13,Screen_Attack,Redup,60cm,0.386,0.302,0.070,Accept,Reject,Reject
P13,Screen_Attack,Redup,60cm,0.356,0.281,0.057,Accept,Reject,Reject
P13,Screen_Attack,Redup,60cm,0.390,0.282,0.049,Accept,Reject,Reject
P13,Screen_Attack,Redup,60cm,0.368,0.292,0.057,Accept,Reject,Reject
P13,Screen_Attack,Standar,30cm,0.226,0.282,0.052,Accept,Reject,Reject
P13,Screen_Attack,Standar,30cm,0.225,0.296,0.070,Accept,Reject,Reject
P13,Screen_Attack,Standar,30cm,0.346,0.304,0.077,Accept,Reject,Reject
P13,Screen_Attack,Standar,30cm,0.332,0.292,0.080,Accept,Reject,Reject
P13,Screen_Attack,Standar,30cm,0.232,0.292,0.049,Accept,Reject,Reject
P13,Screen_Attack,Standar,30cm,0.279,0.286,0.066,Accept,Reject,Reject
P13,Screen_Attack,Standar,30cm,0.302,0.280,0.049,Accept,Reject,Reject
P13,Screen_Attack,Standar,30cm,0.211,0.301,0.052,Accept,Reject,Reject
P13,Screen_Attack,Standar,30cm,0.219,0.293,0.052,Accept,Reject,Reject
P13,Screen_Attack,Standar,30cm,0.348,0.304,0.066,Accept,Reject,Reject
P13,Screen_Attack,Standar,45cm,0.310,0.302,0.065,Accept,Reject,Reject
P13,Screen_Attack,Standar,45cm,0.263,0.300,0.056,Accept,Reject,Reject
P13,Screen_Attack,Standar,45cm,0.269,0.303,0.049,Accept,Reject,Reject
P13,Screen_Attack,Standar,45cm,0.335,0.276,0.072,Accept,Reject,Reject
P13,Screen_Attack,Standar,45cm,0.348,0.288,0.066,Accept,Reject,Reject
P13,Screen_Attack,Standar,45cm,0.356,0.277,0.058,Accept,Reject,Reject
P13,Screen_Attack,Standar,45cm,0.258,0.301,0.079,Accept,Reject,Reject
P13,Screen_Attack,Standar,45cm,0.266,0.283,0.076,Accept,Reject,Reject
P13,Screen_Attack,Standar,45cm,0.280,0.288,0.071,Accept,Reject,Reject
P13,Screen_Attack,Standar,45cm,0.315,0.284,0.055,Accept,Reject,Reject
P13,Screen_Attack,Standar,60cm,0.355,0.279,0.062,Accept,Reject,Reject
P13,Screen_Attack,Standar,60cm,0.351,0.294,0.063,Accept,Reject,Reject
P13,Screen_Attack,Standar,60cm,0.270,0.304,0.051,Accept,Reject,Reject
P13,Screen_Attack,Standar,60cm,0.313,0.290,0.069,Accept,Reject,Reject
P13,Screen_Attack,Standar,60cm,0.345,0.282,0.060,Accept,Reject,Reject
P13,Screen_Attack,Standar,60cm,0.378,0.283,0.060,Accept,Reject,Reject
P13,Screen_Attack,Standar,60cm,0.402,0.299,0.055,Reject,Reject,Reject
P13,Screen_Attack,Standar,60cm,0.259,0.278,0.074,Accept,Reject,Reject
P13,Screen_Attack,Standar,60cm,0.311,0.290,0.064,Accept,Reject,Reject
P13,Screen_Attack,Standar,60cm,0.357,0.290,0.061,Accept,Reject,Reject
P13,Screen_Attack,Terang,30cm,0.252,0.297,0.062,Accept,Reject,Reject
P13,Screen_Attack,Terang,30cm,0.298,0.297,0.055,Accept,Reject,Reject
P13,Screen_Attack,Terang,30cm,0.301,0.291,0.051,Accept,Reject,Reject
P13,Screen_Attack,Terang,30cm,0.248,0.287,0.073,Accept,Reject,Reject
P13,Screen_Attack,Terang,30cm,0.309,0.277,0.064,Accept,Reject,Reject
P13,Screen_Attack,Terang,30cm,0.345,0.297,0.055,Accept,Reject,Reject
P13,Screen_Attack,Terang,30cm,0.320,0.285,0.051,Accept,Reject,Reject
P13,Screen_Attack,Terang,30cm,0.296,0.276,0.069,Accept,Reject,Reject
P13,Screen_Attack,Terang,30cm,0.356,0.304,0.059,Accept,Reject,Reject
P13,Screen_Attack,Terang,30cm,0.246,0.299,0.062,Accept,Reject,Reject
P13,Screen_Attack,Terang,45cm,0.326,0.292,0.063,Accept,Reject,Reject
P13,Screen_Attack,Terang,45cm,0.325,0.277,0.062,Accept,Reject,Reject
P13,Screen_Attack,Terang,45cm,0.334,0.281,0.066,Accept,Reject,Reject
P13,Screen_Attack,Terang,45cm,0.275,0.301,0.055,Accept,Reject,Reject
P13,Screen_Attack,Terang,45cm,0.394,0.277,0.060,Accept,Reject,Reject
P13,Screen_Attack,Terang,45cm,0.345,0.276,0.060,Accept,Reject,Reject
P13,Screen_Attack,Terang,45cm,0.351,0.291,0.069,Accept,Reject,Reject
P13,Screen_Attack,Terang,45cm,0.389,0.289,0.050,Accept,Reject,Reject
P13,Screen_Attack,Terang,45cm,0.250,0.303,0.056,Accept,Reject,Reject
P13,Screen_Attack,Terang,45cm,0.369,0.275,0.061,Accept,Reject,Reject
P13,Screen_Attack,Terang,60cm,0.380,0.292,0.056,Accept,Reject,Reject
P13,Screen_Attack,Terang,60cm,0.413,0.294,0.065,Reject,Reject,Reject
P13,Screen_Attack,Terang,60cm,0.378,0.288,0.072,Accept,Reject,Reject
P13,Screen_Attack,Terang,60cm,0.364,0.279,0.079,Accept,Reject,Reject
P13,Screen_Attack,Terang,60cm,0.294,0.277,0.058,Accept,Reject,Reject
P13,Screen_Attack,Terang,60cm,0.282,0.288,0.066,Accept,Reject,Reject
P13,Screen_Attack,Terang,60cm,0.295,0.283,0.072,Accept,Reject,Reject
P13,Screen_Attack,Terang,60cm,0.328,0.277,0.076,Accept,Reject,Reject
P13,Screen_Attack,Terang,60cm,0.322,0.281,0.053,Accept,Reject,Reject
P13,Screen_Attack,Terang,60cm,0.352,0.280,0.055,Accept,Reject,Reject
P14,Screen_Attack,Redup,30cm,0.301,0.297,0.071,Accept,Reject,Reject
P14,Screen_Attack,Redup,30cm,0.369,0.280,0.057,Accept,Reject,Reject
P14,Screen_Attack,Redup,30cm,0.365,0.282,0.057,Accept,Reject,Reject
P14,Screen_Attack,Redup,30cm,0.284,0.276,0.060,Accept,Reject,Reject
P14,Screen_Attack,Redup,30cm,0.387,0.283,0.069,Accept,Reject,Reject
P14,Screen_Attack,Redup,30cm,0.284,0.278,0.054,Accept,Reject,Reject
P14,Screen_Attack,Redup,30cm,0.332,0.296,0.061,Accept,Reject,Reject
P14,Screen_Attack,Redup,30cm,0.325,0.292,0.065,Accept,Reject,Reject
P14,Screen_Attack,Redup,30cm,0.384,0.290,0.072,Accept,Reject,Reject
P14,Screen_Attack,Redup,30cm,0.261,0.278,0.079,Accept,Reject,Reject
P14,Screen_Attack,Redup,45cm,0.406,0.279,0.048,Reject,Reject,Reject
P14,Screen_Attack,Redup,45cm,0.359,0.277,0.071,Accept,Reject,Reject
P14,Screen_Attack,Redup,45cm,0.392,0.302,0.066,Accept,Reject,Reject
P14,Screen_Attack,Redup,45cm,0.374,0.298,0.057,Accept,Reject,Reject
P14,Screen_Attack,Redup,45cm,0.283,0.288,0.049,Accept,Reject,Reject
P14,Screen_Attack,Redup,45cm,0.371,0.279,0.072,Accept,Reject,Reject
P14,Screen_Attack,Redup,45cm,0.301,0.294,0.064,Accept,Reject,Reject
P14,Screen_Attack,Redup,45cm,0.375,0.301,0.061,Accept,Reject,Reject
P14,Screen_Attack,Redup,45cm,0.284,0.284,0.054,Accept,Reject,Reject
P14,Screen_Attack,Redup,45cm,0.381,0.286,0.049,Accept,Reject,Reject
P14,Screen_Attack,Redup,60cm,0.307,0.292,0.077,Accept,Reject,Reject
P14,Screen_Attack,Redup,60cm,0.304,0.276,0.078,Accept,Reject,Reject
P14,Screen_Attack,Redup,60cm,0.365,0.278,0.068,Accept,Reject,Reject
P14,Screen_Attack,Redup,60cm,0.384,0.277,0.054,Accept,Reject,Reject
P14,Screen_Attack,Redup,60cm,0.346,0.277,0.074,Accept,Reject,Reject
P14,Screen_Attack,Redup,60cm,0.310,0.278,0.074,Accept,Reject,Reject
P14,Screen_Attack,Redup,60cm,0.326,0.287,0.072,Accept,Reject,Reject
P14,Screen_Attack,Redup,60cm,0.340,0.302,0.059,Accept,Reject,Reject
P14,Screen_Attack,Redup,60cm,0.323,0.292,0.078,Accept,Reject,Reject
P14,Screen_Attack,Redup,60cm,0.343,0.304,0.054,Accept,Reject,Reject
P14,Screen_Attack,Standar,30cm,0.279,0.295,0.049,Accept,Reject,Reject
P14,Screen_Attack,Standar,30cm,0.248,0.298,0.071,Accept,Reject,Reject
P14,Screen_Attack,Standar,30cm,0.330,0.281,0.066,Accept,Reject,Reject
P14,Screen_Attack,Standar,30cm,0.225,0.287,0.057,Accept,Reject,Reject
P14,Screen_Attack,Standar,30cm,0.356,0.288,0.049,Accept,Reject,Reject
P14,Screen_Attack,Standar,30cm,0.348,0.303,0.072,Accept,Reject,Reject
P14,Screen_Attack,Standar,30cm,0.294,0.287,0.065,Accept,Reject,Reject
P14,Screen_Attack,Standar,30cm,0.342,0.278,0.061,Accept,Reject,Reject
P14,Screen_Attack,Standar,30cm,0.303,0.289,0.054,Accept,Reject,Reject
P14,Screen_Attack,Standar,30cm,0.216,0.293,0.079,Accept,Reject,Reject
P14,Screen_Attack,Standar,45cm,0.364,0.303,0.071,Accept,Reject,Reject
P14,Screen_Attack,Standar,45cm,0.338,0.283,0.057,Accept,Reject,Reject
P14,Screen_Attack,Standar,45cm,0.318,0.282,0.057,Accept,Reject,Reject
P14,Screen_Attack,Standar,45cm,0.344,0.296,0.060,Accept,Reject,Reject
P14,Screen_Attack,Standar,45cm,0.341,0.276,0.068,Accept,Reject,Reject
P14,Screen_Attack,Standar,45cm,0.375,0.305,0.053,Accept,Reject,Reject
P14,Screen_Attack,Standar,45cm,0.309,0.280,0.061,Accept,Reject,Reject
P14,Screen_Attack,Standar,45cm,0.276,0.276,0.065,Accept,Reject,Reject
P14,Screen_Attack,Standar,45cm,0.337,0.293,0.072,Accept,Reject,Reject
P14,Screen_Attack,Standar,45cm,0.341,0.290,0.068,Accept,Reject,Reject
P14,Screen_Attack,Standar,60cm,0.259,0.294,0.074,Accept,Reject,Reject
P14,Screen_Attack,Standar,60cm,0.361,0.290,0.050,Accept,Reject,Reject
P14,Screen_Attack,Standar,60cm,0.278,0.283,0.055,Accept,Reject,Reject
P14,Screen_Attack,Standar,60cm,0.342,0.283,0.063,Accept,Reject,Reject
P14,Screen_Attack,Standar,60cm,0.321,0.284,0.075,Accept,Reject,Reject
P14,Screen_Attack,Standar,60cm,0.305,0.298,0.051,Accept,Reject,Reject
P14,Screen_Attack,Standar,60cm,0.269,0.281,0.054,Accept,Reject,Reject
P14,Screen_Attack,Standar,60cm,0.395,0.283,0.067,Accept,Reject,Reject
P14,Screen_Attack,Standar,60cm,0.267,0.292,0.080,Accept,Reject,Reject
P14,Screen_Attack,Standar,60cm,0.296,0.300,0.074,Accept,Reject,Reject
P14,Screen_Attack,Terang,30cm,0.276,0.294,0.077,Accept,Reject,Reject
P14,Screen_Attack,Terang,30cm,0.285,0.291,0.077,Accept,Reject,Reject
P14,Screen_Attack,Terang,30cm,0.274,0.292,0.052,Accept,Reject,Reject
P14,Screen_Attack,Terang,30cm,0.319,0.300,0.066,Accept,Reject,Reject
P14,Screen_Attack,Terang,30cm,0.243,0.299,0.049,Accept,Reject,Reject
P14,Screen_Attack,Terang,30cm,0.257,0.285,0.080,Accept,Reject,Reject
P14,Screen_Attack,Terang,30cm,0.314,0.304,0.049,Accept,Reject,Reject
P14,Screen_Attack,Terang,30cm,0.335,0.289,0.062,Accept,Reject,Reject
P14,Screen_Attack,Terang,30cm,0.279,0.277,0.076,Accept,Reject,Reject
P14,Screen_Attack,Terang,30cm,0.345,0.293,0.078,Accept,Reject,Reject
P14,Screen_Attack,Terang,45cm,0.334,0.293,0.049,Accept,Reject,Reject
P14,Screen_Attack,Terang,45cm,0.340,0.280,0.072,Accept,Reject,Reject
P14,Screen_Attack,Terang,45cm,0.340,0.282,0.065,Accept,Reject,Reject
P14,Screen_Attack,Terang,45cm,0.392,0.284,0.057,Accept,Reject,Reject
P14,Screen_Attack,Terang,45cm,0.290,0.289,0.079,Accept,Reject,Reject
P14,Screen_Attack,Terang,45cm,0.253,0.292,0.072,Accept,Reject,Reject
P14,Screen_Attack,Terang,45cm,0.367,0.300,0.066,Accept,Reject,Reject
P14,Screen_Attack,Terang,45cm,0.263,0.288,0.053,Accept,Reject,Reject
P14,Screen_Attack,Terang,45cm,0.396,0.287,0.076,Accept,Reject,Reject
P14,Screen_Attack,Terang,45cm,0.394,0.304,0.079,Accept,Reject,Reject
P14,Screen_Attack,Terang,60cm,0.301,0.298,0.051,Accept,Reject,Reject
P14,Screen_Attack,Terang,60cm,0.277,0.304,0.066,Accept,Reject,Reject
P14,Screen_Attack,Terang,60cm,0.373,0.296,0.062,Accept,Reject,Reject
P14,Screen_Attack,Terang,60cm,0.299,0.285,0.059,Accept,Reject,Reject
P14,Screen_Attack,Terang,60cm,0.317,0.283,0.055,Accept,Reject,Reject
P14,Screen_Attack,Terang,60cm,0.393,0.298,0.068,Accept,Reject,Reject
P14,Screen_Attack,Terang,60cm,0.374,0.287,0.060,Accept,Reject,Reject
P14,Screen_Attack,Terang,60cm,0.313,0.281,0.056,Accept,Reject,Reject
P14,Screen_Attack,Terang,60cm,0.289,0.300,0.050,Accept,Reject,Reject
P14,Screen_Attack,Terang,60cm,0.352,0.295,0.056,Accept,Reject,Reject
P15,Screen_Attack,Redup,30cm,0.384,0.300,0.071,Accept,Reject,Reject
P15,Screen_Attack,Redup,30cm,0.300,0.293,0.056,Accept,Reject,Reject
P15,Screen_Attack,Redup,30cm,0.325,0.301,0.058,Accept,Reject,Reject
P15,Screen_Attack,Redup,30cm,0.261,0.283,0.061,Accept,Reject,Reject
P15,Screen_Attack,Redup,30cm,0.364,0.285,0.068,Accept,Reject,Reject
P15,Screen_Attack,Redup,30cm,0.324,0.299,0.054,Accept,Reject,Reject
P15,Screen_Attack,Redup,30cm,0.324,0.280,0.060,Accept,Reject,Reject
P15,Screen_Attack,Redup,30cm,0.320,0.287,0.065,Accept,Reject,Reject
P15,Screen_Attack,Redup,30cm,0.272,0.282,0.073,Accept,Reject,Reject
P15,Screen_Attack,Redup,30cm,0.276,0.277,0.061,Accept,Reject,Reject
P15,Screen_Attack,Redup,45cm,0.328,0.303,0.048,Accept,Reject,Reject
P15,Screen_Attack,Redup,45cm,0.374,0.292,0.072,Accept,Reject,Reject
P15,Screen_Attack,Redup,45cm,0.371,0.281,0.066,Accept,Reject,Reject
P15,Screen_Attack,Redup,45cm,0.336,0.290,0.056,Accept,Reject,Reject
P15,Screen_Attack,Redup,45cm,0.403,0.284,0.049,Reject,Reject,Reject
P15,Screen_Attack,Redup,45cm,0.337,0.283,0.072,Accept,Reject,Reject
P15,Screen_Attack,Redup,45cm,0.328,0.275,0.065,Accept,Reject,Reject
P15,Screen_Attack,Redup,45cm,0.285,0.278,0.061,Accept,Reject,Reject
P15,Screen_Attack,Redup,45cm,0.308,0.294,0.053,Accept,Reject,Reject
P15,Screen_Attack,Redup,45cm,0.323,0.304,0.062,Accept,Reject,Reject
P15,Screen_Attack,Redup,60cm,0.335,0.297,0.078,Accept,Reject,Reject
P15,Screen_Attack,Redup,60cm,0.431,0.300,0.078,Reject,Reject,Reject
P15,Screen_Attack,Redup,60cm,0.330,0.299,0.069,Accept,Reject,Reject
P15,Screen_Attack,Redup,60cm,0.408,0.290,0.054,Reject,Reject,Reject
P15,Screen_Attack,Redup,60cm,0.353,0.292,0.074,Accept,Reject,Reject
P15,Screen_Attack,Redup,60cm,0.308,0.275,0.075,Accept,Reject,Reject
P15,Screen_Attack,Redup,60cm,0.431,0.287,0.072,Reject,Reject,Reject
P15,Screen_Attack,Redup,60cm,0.382,0.286,0.058,Accept,Reject,Reject
P15,Screen_Attack,Redup,60cm,0.414,0.282,0.079,Reject,Reject,Reject
P15,Screen_Attack,Redup,60cm,0.376,0.284,0.071,Accept,Reject,Reject
P15,Screen_Attack,Standar,30cm,0.249,0.287,0.061,Accept,Reject,Reject
P15,Screen_Attack,Standar,30cm,0.251,0.301,0.060,Accept,Reject,Reject
P15,Screen_Attack,Standar,30cm,0.303,0.304,0.068,Accept,Reject,Reject
P15,Screen_Attack,Standar,30cm,0.352,0.285,0.057,Accept,Reject,Reject
P15,Screen_Attack,Standar,30cm,0.321,0.291,0.058,Accept,Reject,Reject
P15,Screen_Attack,Standar,30cm,0.271,0.291,0.058,Accept,Reject,Reject
P15,Screen_Attack,Standar,30cm,0.256,0.276,0.071,Accept,Reject,Reject
P15,Screen_Attack,Standar,30cm,0.318,0.288,0.052,Accept,Reject,Reject
P15,Screen_Attack,Standar,30cm,0.267,0.304,0.053,Accept,Reject,Reject
P15,Screen_Attack,Standar,30cm,0.333,0.297,0.055,Accept,Reject,Reject
P15,Screen_Attack,Standar,45cm,0.304,0.303,0.065,Accept,Reject,Reject
P15,Screen_Attack,Standar,45cm,0.328,0.303,0.057,Accept,Reject,Reject
P15,Screen_Attack,Standar,45cm,0.285,0.297,0.049,Accept,Reject,Reject
P15,Screen_Attack,Standar,45cm,0.294,0.302,0.071,Accept,Reject,Reject
P15,Screen_Attack,Standar,45cm,0.355,0.293,0.066,Accept,Reject,Reject
P15,Screen_Attack,Standar,45cm,0.375,0.283,0.057,Accept,Reject,Reject
P15,Screen_Attack,Standar,45cm,0.368,0.301,0.048,Accept,Reject,Reject
P15,Screen_Attack,Standar,45cm,0.320,0.276,0.067,Accept,Reject,Reject
P15,Screen_Attack,Standar,45cm,0.296,0.303,0.061,Accept,Reject,Reject
P15,Screen_Attack,Standar,45cm,0.312,0.289,0.071,Accept,Reject,Reject
P15,Screen_Attack,Standar,60cm,0.314,0.296,0.072,Accept,Reject,Reject
P15,Screen_Attack,Standar,60cm,0.322,0.282,0.054,Accept,Reject,Reject
P15,Screen_Attack,Standar,60cm,0.332,0.285,0.074,Accept,Reject,Reject
P15,Screen_Attack,Standar,60cm,0.387,0.302,0.078,Accept,Reject,Reject
P15,Screen_Attack,Standar,60cm,0.328,0.300,0.068,Accept,Reject,Reject
P15,Screen_Attack,Standar,60cm,0.293,0.276,0.051,Accept,Reject,Reject
P15,Screen_Attack,Standar,60cm,0.269,0.283,0.077,Accept,Reject,Reject
P15,Screen_Attack,Standar,60cm,0.289,0.283,0.073,Accept,Reject,Reject
P15,Screen_Attack,Standar,60cm,0.273,0.290,0.064,Accept,Reject,Reject
P15,Screen_Attack,Standar,60cm,0.290,0.277,0.079,Accept,Reject,Reject
P15,Screen_Attack,Terang,30cm,0.346,0.286,0.059,Accept,Reject,Reject
P15,Screen_Attack,Terang,30cm,0.228,0.301,0.058,Accept,Reject,Reject
P15,Screen_Attack,Terang,30cm,0.313,0.281,0.071,Accept,Reject,Reject
P15,Screen_Attack,Terang,30cm,0.257,0.280,0.055,Accept,Reject,Reject
P15,Screen_Attack,Terang,30cm,0.282,0.292,0.060,Accept,Reject,Reject
P15,Screen_Attack,Terang,30cm,0.347,0.290,0.060,Accept,Reject,Reject
P15,Screen_Attack,Terang,30cm,0.287,0.300,0.069,Accept,Reject,Reject
P15,Screen_Attack,Terang,30cm,0.324,0.288,0.050,Accept,Reject,Reject
P15,Screen_Attack,Terang,30cm,0.328,0.280,0.056,Accept,Reject,Reject
P15,Screen_Attack,Terang,30cm,0.236,0.290,0.063,Accept,Reject,Reject
P15,Screen_Attack,Terang,45cm,0.272,0.303,0.067,Accept,Reject,Reject
P15,Screen_Attack,Terang,45cm,0.355,0.304,0.059,Accept,Reject,Reject
P15,Screen_Attack,Terang,45cm,0.292,0.291,0.079,Accept,Reject,Reject
P15,Screen_Attack,Terang,45cm,0.385,0.278,0.073,Accept,Reject,Reject
P15,Screen_Attack,Terang,45cm,0.380,0.293,0.064,Accept,Reject,Reject
P15,Screen_Attack,Terang,45cm,0.382,0.282,0.055,Accept,Reject,Reject
P15,Screen_Attack,Terang,45cm,0.265,0.276,0.050,Accept,Reject,Reject
P15,Screen_Attack,Terang,45cm,0.251,0.276,0.069,Accept,Reject,Reject
P15,Screen_Attack,Terang,45cm,0.309,0.296,0.059,Accept,Reject,Reject
P15,Screen_Attack,Terang,45cm,0.346,0.300,0.052,Accept,Reject,Reject
P15,Screen_Attack,Terang,60cm,0.328,0.295,0.070,Accept,Reject,Reject
P15,Screen_Attack,Terang,60cm,0.382,0.281,0.052,Accept,Reject,Reject
P15,Screen_Attack,Terang,60cm,0.395,0.292,0.077,Accept,Reject,Reject
P15,Screen_Attack,Terang,60cm,0.381,0.296,0.076,Accept,Reject,Reject
P15,Screen_Attack,Terang,60cm,0.367,0.300,0.070,Accept,Reject,Reject
P15,Screen_Attack,Terang,60cm,0.292,0.275,0.053,Accept,Reject,Reject
P15,Screen_Attack,Terang,60cm,0.362,0.277,0.075,Accept,Reject,Reject
P15,Screen_Attack,Terang,60cm,0.363,0.283,0.071,Accept,Reject,Reject
P15,Screen_Attack,Terang,60cm,0.392,0.296,0.067,Accept,Reject,Reject
P15,Screen_Attack,Terang,60cm,0.321,0.301,0.056,Accept,Reject,Reject
P16,Screen_Attack,Redup,30cm,0.323,0.290,0.071,Accept,Reject,Reject
P16,Screen_Attack,Redup,30cm,0.390,0.285,0.056,Accept,Reject,Reject
P16,Screen_Attack,Redup,30cm,0.371,0.288,0.059,Accept,Reject,Reject
P16,Screen_Attack,Redup,30cm,0.373,0.301,0.060,Accept,Reject,Reject
P16,Screen_Attack,Redup,30cm,0.392,0.283,0.069,Accept,Reject,Reject
P16,Screen_Attack,Redup,30cm,0.329,0.296,0.055,Accept,Reject,Reject
P16,Screen_Attack,Redup,30cm,0.263,0.297,0.060,Accept,Reject,Reject
P16,Screen_Attack,Redup,30cm,0.295,0.286,0.063,Accept,Reject,Reject
P16,Screen_Attack,Redup,30cm,0.294,0.278,0.073,Accept,Reject,Reject
P16,Screen_Attack,Redup,30cm,0.358,0.275,0.071,Accept,Reject,Reject
P16,Screen_Attack,Redup,45cm,0.335,0.303,0.079,Accept,Reject,Reject
P16,Screen_Attack,Redup,45cm,0.384,0.294,0.070,Accept,Reject,Reject
P16,Screen_Attack,Redup,45cm,0.274,0.280,0.067,Accept,Reject,Reject
P16,Screen_Attack,Redup,45cm,0.384,0.280,0.055,Accept,Reject,Reject
P16,Screen_Attack,Redup,45cm,0.302,0.286,0.050,Accept,Reject,Reject
P16,Screen_Attack,Redup,45cm,0.367,0.284,0.073,Accept,Reject,Reject
P16,Screen_Attack,Redup,45cm,0.356,0.295,0.064,Accept,Reject,Reject
P16,Screen_Attack,Redup,45cm,0.361,0.297,0.060,Accept,Reject,Reject
P16,Screen_Attack,Redup,45cm,0.344,0.278,0.054,Accept,Reject,Reject
P16,Screen_Attack,Redup,45cm,0.418,0.297,0.055,Reject,Reject,Reject
P16,Screen_Attack,Redup,60cm,0.408,0.298,0.076,Reject,Reject,Reject
P16,Screen_Attack,Redup,60cm,0.353,0.300,0.076,Accept,Reject,Reject
P16,Screen_Attack,Redup,60cm,0.446,0.295,0.070,Reject,Reject,Reject
P16,Screen_Attack,Redup,60cm,0.363,0.280,0.053,Accept,Reject,Reject
P16,Screen_Attack,Redup,60cm,0.311,0.293,0.075,Accept,Reject,Reject
P16,Screen_Attack,Redup,60cm,0.438,0.277,0.076,Reject,Reject,Reject
P16,Screen_Attack,Redup,60cm,0.409,0.278,0.070,Reject,Reject,Reject
P16,Screen_Attack,Redup,60cm,0.370,0.303,0.057,Accept,Reject,Reject
P16,Screen_Attack,Redup,60cm,0.361,0.295,0.048,Accept,Reject,Reject
P16,Screen_Attack,Redup,60cm,0.405,0.284,0.049,Reject,Reject,Reject
P16,Screen_Attack,Standar,30cm,0.272,0.299,0.061,Accept,Reject,Reject
P16,Screen_Attack,Standar,30cm,0.329,0.279,0.060,Accept,Reject,Reject
P16,Screen_Attack,Standar,30cm,0.316,0.278,0.068,Accept,Reject,Reject
P16,Screen_Attack,Standar,30cm,0.280,0.278,0.053,Accept,Reject,Reject
P16,Screen_Attack,Standar,30cm,0.232,0.300,0.062,Accept,Reject,Reject
P16,Screen_Attack,Standar,30cm,0.273,0.303,0.062,Accept,Reject,Reject
P16,Screen_Attack,Standar,30cm,0.244,0.294,0.066,Accept,Reject,Reject
P16,Screen_Attack,Standar,30cm,0.334,0.279,0.048,Accept,Reject,Reject
P16,Screen_Attack,Standar,30cm,0.266,0.282,0.058,Accept,Reject,Reject
P16,Screen_Attack,Standar,30cm,0.229,0.293,0.077,Accept,Reject,Reject
P16,Screen_Attack,Standar,45cm,0.286,0.291,0.065,Accept,Reject,Reject
P16,Screen_Attack,Standar,45cm,0.245,0.295,0.057,Accept,Reject,Reject
P16,Screen_Attack,Standar,45cm,0.277,0.293,0.049,Accept,Reject,Reject
P16,Screen_Attack,Standar,45cm,0.371,0.280,0.075,Accept,Reject,Reject
P16,Screen_Attack,Standar,45cm,0.289,0.284,0.062,Accept,Reject,Reject
P16,Screen_Attack,Standar,45cm,0.377,0.300,0.053,Accept,Reject,Reject
P16,Screen_Attack,Standar,45cm,0.375,0.282,0.053,Accept,Reject,Reject
P16,Screen_Attack,Standar,45cm,0.309,0.285,0.071,Accept,Reject,Reject
P16,Screen_Attack,Standar,45cm,0.292,0.295,0.057,Accept,Reject,Reject
P16,Screen_Attack,Standar,45cm,0.277,0.289,0.079,Accept,Reject,Reject
P16,Screen_Attack,Standar,60cm,0.329,0.282,0.068,Accept,Reject,Reject
P16,Screen_Attack,Standar,60cm,0.277,0.302,0.050,Accept,Reject,Reject
P16,Screen_Attack,Standar,60cm,0.386,0.294,0.079,Accept,Reject,Reject
P16,Screen_Attack,Standar,60cm,0.353,0.298,0.078,Accept,Reject,Reject
P16,Screen_Attack,Standar,60cm,0.263,0.291,0.068,Accept,Reject,Reject
P16,Screen_Attack,Standar,60cm,0.292,0.293,0.051,Accept,Reject,Reject
P16,Screen_Attack,Standar,60cm,0.329,0.283,0.078,Accept,Reject,Reject
P16,Screen_Attack,Standar,60cm,0.277,0.292,0.073,Accept,Reject,Reject
P16,Screen_Attack,Standar,60cm,0.381,0.294,0.064,Accept,Reject,Reject
P16,Screen_Attack,Standar,60cm,0.316,0.294,0.056,Accept,Reject,Reject
P16,Screen_Attack,Terang,30cm,0.267,0.292,0.073,Accept,Reject,Reject
P16,Screen_Attack,Terang,30cm,0.300,0.294,0.051,Accept,Reject,Reject
P16,Screen_Attack,Terang,30cm,0.328,0.287,0.055,Accept,Reject,Reject
P16,Screen_Attack,Terang,30cm,0.270,0.294,0.067,Accept,Reject,Reject
P16,Screen_Attack,Terang,30cm,0.283,0.279,0.070,Accept,Reject,Reject
P16,Screen_Attack,Terang,30cm,0.271,0.289,0.079,Accept,Reject,Reject
P16,Screen_Attack,Terang,30cm,0.352,0.299,0.059,Accept,Reject,Reject
P16,Screen_Attack,Terang,30cm,0.369,0.290,0.063,Accept,Reject,Reject
P16,Screen_Attack,Terang,30cm,0.231,0.281,0.065,Accept,Reject,Reject
P16,Screen_Attack,Terang,30cm,0.280,0.305,0.067,Accept,Reject,Reject
P16,Screen_Attack,Terang,45cm,0.364,0.288,0.055,Accept,Reject,Reject
P16,Screen_Attack,Terang,45cm,0.370,0.304,0.069,Accept,Reject,Reject
P16,Screen_Attack,Terang,45cm,0.264,0.293,0.059,Accept,Reject,Reject
P16,Screen_Attack,Terang,45cm,0.379,0.302,0.059,Accept,Reject,Reject
P16,Screen_Attack,Terang,45cm,0.335,0.299,0.055,Accept,Reject,Reject
P16,Screen_Attack,Terang,45cm,0.303,0.305,0.070,Accept,Reject,Reject
P16,Screen_Attack,Terang,45cm,0.394,0.284,0.058,Accept,Reject,Reject
P16,Screen_Attack,Terang,45cm,0.274,0.284,0.054,Accept,Reject,Reject
P16,Screen_Attack,Terang,45cm,0.273,0.289,0.052,Accept,Reject,Reject
P16,Screen_Attack,Terang,45cm,0.356,0.303,0.052,Accept,Reject,Reject
P16,Screen_Attack,Terang,60cm,0.403,0.303,0.052,Reject,Reject,Reject
P16,Screen_Attack,Terang,60cm,0.299,0.303,0.076,Accept,Reject,Reject
P16,Screen_Attack,Terang,60cm,0.406,0.298,0.062,Reject,Reject,Reject
P16,Screen_Attack,Terang,60cm,0.374,0.279,0.056,Accept,Reject,Reject
P16,Screen_Attack,Terang,60cm,0.348,0.286,0.049,Accept,Reject,Reject
P16,Screen_Attack,Terang,60cm,0.385,0.276,0.072,Accept,Reject,Reject
P16,Screen_Attack,Terang,60cm,0.296,0.278,0.065,Accept,Reject,Reject
P16,Screen_Attack,Terang,60cm,0.408,0.283,0.052,Reject,Reject,Reject
P16,Screen_Attack,Terang,60cm,0.296,0.296,0.076,Accept,Reject,Reject
P16,Screen_Attack,Terang,60cm,0.350,0.296,0.055,Accept,Reject,Reject
P17,Screen_Attack,Redup,30cm,0.371,0.276,0.070,Accept,Reject,Reject
P17,Screen_Attack,Redup,30cm,0.293,0.291,0.056,Accept,Reject,Reject
P17,Screen_Attack,Redup,30cm,0.334,0.289,0.058,Accept,Reject,Reject
P17,Screen_Attack,Redup,30cm,0.366,0.282,0.059,Accept,Reject,Reject
P17,Screen_Attack,Redup,30cm,0.318,0.300,0.069,Accept,Reject,Reject
P17,Screen_Attack,Redup,30cm,0.346,0.293,0.054,Accept,Reject,Reject
P17,Screen_Attack,Redup,30cm,0.394,0.300,0.060,Accept,Reject,Reject
P17,Screen_Attack,Redup,30cm,0.330,0.303,0.064,Accept,Reject,Reject
P17,Screen_Attack,Redup,30cm,0.347,0.296,0.073,Accept,Reject,Reject
P17,Screen_Attack,Redup,30cm,0.349,0.302,0.055,Accept,Reject,Reject
P17,Screen_Attack,Redup,45cm,0.383,0.285,0.079,Accept,Reject,Reject
P17,Screen_Attack,Redup,45cm,0.337,0.284,0.070,Accept,Reject,Reject
P17,Screen_Attack,Redup,45cm,0.329,0.304,0.067,Accept,Reject,Reject
P17,Screen_Attack,Redup,45cm,0.410,0.295,0.056,Reject,Reject,Reject
P17,Screen_Attack,Redup,45cm,0.382,0.295,0.050,Accept,Reject,Reject
P17,Screen_Attack,Redup,45cm,0.297,0.284,0.074,Accept,Reject,Reject
P17,Screen_Attack,Redup,45cm,0.313,0.290,0.064,Accept,Reject,Reject
P17,Screen_Attack,Redup,45cm,0.319,0.284,0.060,Accept,Reject,Reject
P17,Screen_Attack,Redup,45cm,0.422,0.294,0.055,Reject,Reject,Reject
P17,Screen_Attack,Redup,45cm,0.304,0.301,0.070,Accept,Reject,Reject
P17,Screen_Attack,Redup,60cm,0.366,0.299,0.076,Accept,Reject,Reject
P17,Screen_Attack,Redup,60cm,0.358,0.282,0.077,Accept,Reject,Reject
P17,Screen_Attack,Redup,60cm,0.380,0.280,0.069,Accept,Reject,Reject
P17,Screen_Attack,Redup,60cm,0.312,0.302,0.053,Accept,Reject,Reject
P17,Screen_Attack,Redup,60cm,0.338,0.282,0.076,Accept,Reject,Reject
P17,Screen_Attack,Redup,60cm,0.321,0.285,0.076,Accept,Reject,Reject
P17,Screen_Attack,Redup,60cm,0.424,0.284,0.071,Reject,Reject,Reject
P17,Screen_Attack,Redup,60cm,0.362,0.283,0.058,Accept,Reject,Reject
P17,Screen_Attack,Redup,60cm,0.387,0.300,0.079,Accept,Reject,Reject
P17,Screen_Attack,Redup,60cm,0.329,0.299,0.063,Accept,Reject,Reject
P17,Screen_Attack,Standar,30cm,0.344,0.278,0.053,Accept,Reject,Reject
P17,Screen_Attack,Standar,30cm,0.227,0.277,0.075,Accept,Reject,Reject
P17,Screen_Attack,Standar,30cm,0.210,0.303,0.062,Accept,Reject,Reject
P17,Screen_Attack,Standar,30cm,0.326,0.291,0.057,Accept,Reject,Reject
P17,Screen_Attack,Standar,30cm,0.337,0.296,0.049,Accept,Reject,Reject
P17,Screen_Attack,Standar,30cm,0.269,0.286,0.072,Accept,Reject,Reject
P17,Screen_Attack,Standar,30cm,0.304,0.287,0.064,Accept,Reject,Reject
P17,Screen_Attack,Standar,30cm,0.285,0.300,0.060,Accept,Reject,Reject
P17,Screen_Attack,Standar,30cm,0.276,0.285,0.054,Accept,Reject,Reject
P17,Screen_Attack,Standar,30cm,0.259,0.285,0.071,Accept,Reject,Reject
P17,Screen_Attack,Standar,45cm,0.304,0.290,0.067,Accept,Reject,Reject
P17,Screen_Attack,Standar,45cm,0.355,0.304,0.053,Accept,Reject,Reject
P17,Screen_Attack,Standar,45cm,0.293,0.290,0.062,Accept,Reject,Reject
P17,Screen_Attack,Standar,45cm,0.248,0.292,0.060,Accept,Reject,Reject
P17,Screen_Attack,Standar,45cm,0.355,0.298,0.068,Accept,Reject,Reject
P17,Screen_Attack,Standar,45cm,0.309,0.292,0.053,Accept,Reject,Reject
P17,Screen_Attack,Standar,45cm,0.295,0.280,0.061,Accept,Reject,Reject
P17,Screen_Attack,Standar,45cm,0.338,0.285,0.065,Accept,Reject,Reject
P17,Screen_Attack,Standar,45cm,0.359,0.297,0.072,Accept,Reject,Reject
P17,Screen_Attack,Standar,45cm,0.379,0.301,0.078,Accept,Reject,Reject
P17,Screen_Attack,Standar,60cm,0.320,0.282,0.074,Accept,Reject,Reject
P17,Screen_Attack,Standar,60cm,0.364,0.282,0.050,Accept,Reject,Reject
P17,Screen_Attack,Standar,60cm,0.346,0.278,0.056,Accept,Reject,Reject
P17,Screen_Attack,Standar,60cm,0.333,0.291,0.068,Accept,Reject,Reject
P17,Screen_Attack,Standar,60cm,0.329,0.305,0.070,Accept,Reject,Reject
P17,Screen_Attack,Standar,60cm,0.369,0.285,0.079,Accept,Reject,Reject
P17,Screen_Attack,Standar,60cm,0.347,0.292,0.058,Accept,Reject,Reject
P17,Screen_Attack,Standar,60cm,0.313,0.292,0.071,Accept,Reject,Reject
P17,Screen_Attack,Standar,60cm,0.352,0.284,0.075,Accept,Reject,Reject
P17,Screen_Attack,Standar,60cm,0.295,0.290,0.049,Accept,Reject,Reject
P17,Screen_Attack,Terang,30cm,0.254,0.294,0.058,Accept,Reject,Reject
P17,Screen_Attack,Terang,30cm,0.229,0.276,0.066,Accept,Reject,Reject
P17,Screen_Attack,Terang,30cm,0.241,0.279,0.072,Accept,Reject,Reject
P17,Screen_Attack,Terang,30cm,0.268,0.295,0.049,Accept,Reject,Reject
P17,Screen_Attack,Terang,30cm,0.251,0.278,0.056,Accept,Reject,Reject
P17,Screen_Attack,Terang,30cm,0.253,0.278,0.066,Accept,Reject,Reject
P17,Screen_Attack,Terang,30cm,0.271,0.278,0.072,Accept,Reject,Reject
P17,Screen_Attack,Terang,30cm,0.247,0.296,0.076,Accept,Reject,Reject
P17,Screen_Attack,Terang,30cm,0.229,0.302,0.052,Accept,Reject,Reject
P17,Screen_Attack,Terang,30cm,0.366,0.296,0.078,Accept,Reject,Reject
P17,Screen_Attack,Terang,45cm,0.320,0.298,0.066,Accept,Reject,Reject
P17,Screen_Attack,Terang,45cm,0.332,0.276,0.049,Accept,Reject,Reject
P17,Screen_Attack,Terang,45cm,0.259,0.290,0.080,Accept,Reject,Reject
P17,Screen_Attack,Terang,45cm,0.310,0.284,0.077,Accept,Reject,Reject
P17,Screen_Attack,Terang,45cm,0.349,0.290,0.069,Accept,Reject,Reject
P17,Screen_Attack,Terang,45cm,0.391,0.304,0.051,Accept,Reject,Reject
P17,Screen_Attack,Terang,45cm,0.343,0.285,0.077,Accept,Reject,Reject
P17,Screen_Attack,Terang,45cm,0.307,0.304,0.073,Accept,Reject,Reject
P17,Screen_Attack,Terang,45cm,0.302,0.301,0.065,Accept,Reject,Reject
P17,Screen_Attack,Terang,45cm,0.277,0.288,0.052,Accept,Reject,Reject
P17,Screen_Attack,Terang,60cm,0.298,0.299,0.064,Accept,Reject,Reject
P17,Screen_Attack,Terang,60cm,0.352,0.288,0.055,Accept,Reject,Reject
P17,Screen_Attack,Terang,60cm,0.321,0.282,0.051,Accept,Reject,Reject
P17,Screen_Attack,Terang,60cm,0.394,0.277,0.075,Accept,Reject,Reject
P17,Screen_Attack,Terang,60cm,0.321,0.290,0.062,Accept,Reject,Reject
P17,Screen_Attack,Terang,60cm,0.392,0.292,0.054,Accept,Reject,Reject
P17,Screen_Attack,Terang,60cm,0.335,0.292,0.051,Accept,Reject,Reject
P17,Screen_Attack,Terang,60cm,0.352,0.286,0.070,Accept,Reject,Reject
P17,Screen_Attack,Terang,60cm,0.366,0.294,0.059,Accept,Reject,Reject
P17,Screen_Attack,Terang,60cm,0.330,0.288,0.052,Accept,Reject,Reject
P18,Screen_Attack,Redup,30cm,0.396,0.296,0.075,Accept,Reject,Reject
P18,Screen_Attack,Redup,30cm,0.337,0.281,0.051,Accept,Reject,Reject
P18,Screen_Attack,Redup,30cm,0.307,0.303,0.055,Accept,Reject,Reject
P18,Screen_Attack,Redup,30cm,0.329,0.301,0.064,Accept,Reject,Reject
P18,Screen_Attack,Redup,30cm,0.283,0.294,0.073,Accept,Reject,Reject
P18,Screen_Attack,Redup,30cm,0.305,0.291,0.051,Accept,Reject,Reject
P18,Screen_Attack,Redup,30cm,0.398,0.289,0.055,Accept,Reject,Reject
P18,Screen_Attack,Redup,30cm,0.360,0.284,0.059,Accept,Reject,Reject
P18,Screen_Attack,Redup,30cm,0.399,0.302,0.069,Accept,Reject,Reject
P18,Screen_Attack,Redup,30cm,0.296,0.287,0.060,Accept,Reject,Reject
P18,Screen_Attack,Redup,45cm,0.284,0.286,0.051,Accept,Reject,Reject
P18,Screen_Attack,Redup,45cm,0.410,0.288,0.066,Reject,Reject,Reject
P18,Screen_Attack,Redup,45cm,0.422,0.300,0.062,Reject,Reject,Reject
P18,Screen_Attack,Redup,45cm,0.328,0.282,0.060,Accept,Reject,Reject
P18,Screen_Attack,Redup,45cm,0.352,0.292,0.055,Accept,Reject,Reject
P18,Screen_Attack,Redup,45cm,0.296,0.281,0.069,Accept,Reject,Reject
P18,Screen_Attack,Redup,45cm,0.384,0.280,0.060,Accept,Reject,Reject
P18,Screen_Attack,Redup,45cm,0.399,0.297,0.056,Accept,Reject,Reject
P18,Screen_Attack,Redup,45cm,0.293,0.297,0.050,Accept,Reject,Reject
P18,Screen_Attack,Redup,45cm,0.282,0.283,0.053,Accept,Reject,Reject
P18,Screen_Attack,Redup,60cm,0.320,0.281,0.049,Accept,Reject,Reject
P18,Screen_Attack,Redup,60cm,0.322,0.294,0.072,Accept,Reject,Reject
P18,Screen_Attack,Redup,60cm,0.352,0.286,0.065,Accept,Reject,Reject
P18,Screen_Attack,Redup,60cm,0.371,0.281,0.058,Accept,Reject,Reject
P18,Screen_Attack,Redup,60cm,0.309,0.298,0.079,Accept,Reject,Reject
P18,Screen_Attack,Redup,60cm,0.446,0.304,0.072,Reject,Reject,Reject
P18,Screen_Attack,Redup,60cm,0.331,0.294,0.066,Accept,Reject,Reject
P18,Screen_Attack,Redup,60cm,0.317,0.304,0.053,Accept,Reject,Reject
P18,Screen_Attack,Redup,60cm,0.405,0.284,0.076,Reject,Reject,Reject
P18,Screen_Attack,Redup,60cm,0.401,0.293,0.054,Reject,Reject,Reject
P18,Screen_Attack,Standar,30cm,0.284,0.287,0.050,Accept,Reject,Reject
P18,Screen_Attack,Standar,30cm,0.321,0.289,0.074,Accept,Reject,Reject
P18,Screen_Attack,Standar,30cm,0.266,0.290,0.063,Accept,Reject,Reject
P18,Screen_Attack,Standar,30cm,0.228,0.285,0.054,Accept,Reject,Reject
P18,Screen_Attack,Standar,30cm,0.225,0.298,0.051,Accept,Reject,Reject
P18,Screen_Attack,Standar,30cm,0.327,0.287,0.075,Accept,Reject,Reject
P18,Screen_Attack,Standar,30cm,0.309,0.282,0.063,Accept,Reject,Reject
P18,Screen_Attack,Standar,30cm,0.254,0.285,0.050,Accept,Reject,Reject
P18,Screen_Attack,Standar,30cm,0.315,0.304,0.079,Accept,Reject,Reject
P18,Screen_Attack,Standar,30cm,0.270,0.280,0.056,Accept,Reject,Reject
P18,Screen_Attack,Standar,45cm,0.245,0.291,0.078,Accept,Reject,Reject
P18,Screen_Attack,Standar,45cm,0.333,0.276,0.077,Accept,Reject,Reject
P18,Screen_Attack,Standar,45cm,0.300,0.287,0.051,Accept,Reject,Reject
P18,Screen_Attack,Standar,45cm,0.377,0.279,0.072,Accept,Reject,Reject
P18,Screen_Attack,Standar,45cm,0.358,0.277,0.074,Accept,Reject,Reject
P18,Screen_Attack,Standar,45cm,0.314,0.275,0.075,Accept,Reject,Reject
P18,Screen_Attack,Standar,45cm,0.363,0.298,0.054,Accept,Reject,Reject
P18,Screen_Attack,Standar,45cm,0.327,0.289,0.067,Accept,Reject,Reject
P18,Screen_Attack,Standar,45cm,0.289,0.298,0.071,Accept,Reject,Reject
P18,Screen_Attack,Standar,45cm,0.247,0.276,0.072,Accept,Reject,Reject
P18,Screen_Attack,Standar,60cm,0.291,0.291,0.071,Accept,Reject,Reject
P18,Screen_Attack,Standar,60cm,0.257,0.293,0.049,Accept,Reject,Reject
P18,Screen_Attack,Standar,60cm,0.331,0.294,0.058,Accept,Reject,Reject
P18,Screen_Attack,Standar,60cm,0.316,0.286,0.065,Accept,Reject,Reject
P18,Screen_Attack,Standar,60cm,0.260,0.277,0.073,Accept,Reject,Reject
P18,Screen_Attack,Standar,60cm,0.406,0.287,0.049,Reject,Reject,Reject
P18,Screen_Attack,Standar,60cm,0.314,0.291,0.057,Accept,Reject,Reject
P18,Screen_Attack,Standar,60cm,0.258,0.278,0.061,Accept,Reject,Reject
P18,Screen_Attack,Standar,60cm,0.351,0.275,0.067,Accept,Reject,Reject
P18,Screen_Attack,Standar,60cm,0.330,0.279,0.078,Accept,Reject,Reject
P18,Screen_Attack,Terang,30cm,0.322,0.300,0.057,Accept,Reject,Reject
P18,Screen_Attack,Terang,30cm,0.331,0.296,0.057,Accept,Reject,Reject
P18,Screen_Attack,Terang,30cm,0.251,0.295,0.057,Accept,Reject,Reject
P18,Screen_Attack,Terang,30cm,0.248,0.302,0.068,Accept,Reject,Reject
P18,Screen_Attack,Terang,30cm,0.363,0.296,0.060,Accept,Reject,Reject
P18,Screen_Attack,Terang,30cm,0.347,0.285,0.061,Accept,Reject,Reject
P18,Screen_Attack,Terang,30cm,0.364,0.298,0.053,Accept,Reject,Reject
P18,Screen_Attack,Terang,30cm,0.257,0.300,0.072,Accept,Reject,Reject
P18,Screen_Attack,Terang,30cm,0.266,0.303,0.065,Accept,Reject,Reject
P18,Screen_Attack,Terang,30cm,0.322,0.301,0.071,Accept,Reject,Reject
P18,Screen_Attack,Terang,45cm,0.336,0.301,0.058,Accept,Reject,Reject
P18,Screen_Attack,Terang,45cm,0.359,0.285,0.066,Accept,Reject,Reject
P18,Screen_Attack,Terang,45cm,0.258,0.290,0.071,Accept,Reject,Reject
P18,Screen_Attack,Terang,45cm,0.354,0.296,0.049,Accept,Reject,Reject
P18,Screen_Attack,Terang,45cm,0.378,0.275,0.057,Accept,Reject,Reject
P18,Screen_Attack,Terang,45cm,0.370,0.302,0.065,Accept,Reject,Reject
P18,Screen_Attack,Terang,45cm,0.372,0.286,0.072,Accept,Reject,Reject
P18,Screen_Attack,Terang,45cm,0.388,0.277,0.054,Accept,Reject,Reject
P18,Screen_Attack,Terang,45cm,0.263,0.294,0.061,Accept,Reject,Reject
P18,Screen_Attack,Terang,45cm,0.261,0.287,0.051,Accept,Reject,Reject
P18,Screen_Attack,Terang,60cm,0.359,0.288,0.051,Accept,Reject,Reject
P18,Screen_Attack,Terang,60cm,0.281,0.286,0.068,Accept,Reject,Reject
P18,Screen_Attack,Terang,60cm,0.301,0.284,0.078,Accept,Reject,Reject
P18,Screen_Attack,Terang,60cm,0.306,0.290,0.075,Accept,Reject,Reject
P18,Screen_Attack,Terang,60cm,0.278,0.290,0.054,Accept,Reject,Reject
P18,Screen_Attack,Terang,60cm,0.289,0.300,0.072,Accept,Reject,Reject
P18,Screen_Attack,Terang,60cm,0.355,0.291,0.075,Accept,Reject,Reject
P18,Screen_Attack,Terang,60cm,0.380,0.279,0.078,Accept,Reject,Reject
P18,Screen_Attack,Terang,60cm,0.332,0.289,0.058,Accept,Reject,Reject
P18,Screen_Attack,Terang,60cm,0.418,0.291,0.076,Reject,Reject,Reject
P01,Replay_Video,Redup,30cm,0.257,0.230,0.102,Accept,Reject,Reject
P01,Replay_Video,Redup,30cm,0.292,0.226,0.112,Accept,Reject,Reject
P01,Replay_Video,Redup,30cm,0.346,0.256,0.085,Accept,Reject,Reject
P01,Replay_Video,Redup,30cm,0.301,0.225,0.093,Accept,Reject,Reject
P01,Replay_Video,Redup,30cm,0.295,0.260,0.106,Accept,Reject,Reject
P01,Replay_Video,Redup,30cm,0.348,0.287,0.073,Accept,Reject,Reject
P01,Replay_Video,Redup,30cm,0.307,0.232,0.080,Accept,Reject,Reject
P01,Replay_Video,Redup,30cm,0.281,0.262,0.099,Accept,Reject,Reject
P01,Replay_Video,Redup,30cm,0.212,0.285,0.113,Accept,Reject,Reject
P01,Replay_Video,Redup,30cm,0.305,0.241,0.074,Accept,Reject,Reject
P01,Replay_Video,Redup,45cm,0.269,0.263,0.113,Accept,Reject,Reject
P01,Replay_Video,Redup,45cm,0.327,0.226,0.115,Accept,Reject,Reject
P01,Replay_Video,Redup,45cm,0.253,0.273,0.097,Accept,Reject,Reject
P01,Replay_Video,Redup,45cm,0.261,0.267,0.073,Accept,Reject,Reject
P01,Replay_Video,Redup,45cm,0.244,0.239,0.112,Accept,Reject,Reject
P01,Replay_Video,Redup,45cm,0.367,0.243,0.112,Accept,Reject,Reject
P01,Replay_Video,Redup,45cm,0.288,0.221,0.099,Accept,Reject,Reject
P01,Replay_Video,Redup,45cm,0.372,0.269,0.080,Accept,Reject,Reject
P01,Replay_Video,Redup,45cm,0.376,0.287,0.072,Accept,Reject,Reject
P01,Replay_Video,Redup,45cm,0.236,0.286,0.104,Accept,Reject,Reject
P01,Replay_Video,Redup,60cm,0.273,0.230,0.073,Accept,Reject,Reject
P01,Replay_Video,Redup,60cm,0.315,0.230,0.104,Accept,Reject,Reject
P01,Replay_Video,Redup,60cm,0.328,0.262,0.094,Accept,Reject,Reject
P01,Replay_Video,Redup,60cm,0.299,0.251,0.078,Accept,Reject,Reject
P01,Replay_Video,Redup,60cm,0.265,0.269,0.076,Accept,Reject,Reject
P01,Replay_Video,Redup,60cm,0.333,0.241,0.109,Accept,Reject,Reject
P01,Replay_Video,Redup,60cm,0.283,0.236,0.089,Accept,Reject,Reject
P01,Replay_Video,Redup,60cm,0.300,0.271,0.083,Accept,Reject,Reject
P01,Replay_Video,Redup,60cm,0.266,0.272,0.083,Accept,Reject,Reject
P01,Replay_Video,Redup,60cm,0.355,0.273,0.112,Accept,Reject,Reject
P01,Replay_Video,Standar,30cm,0.236,0.231,0.086,Accept,Reject,Reject
P01,Replay_Video,Standar,30cm,0.216,0.264,0.087,Accept,Reject,Reject
P01,Replay_Video,Standar,30cm,0.175,0.220,0.079,Accept,Reject,Reject
P01,Replay_Video,Standar,30cm,0.256,0.259,0.101,Accept,Reject,Reject
P01,Replay_Video,Standar,30cm,0.271,0.249,0.085,Accept,Reject,Reject
P01,Replay_Video,Standar,30cm,0.175,0.253,0.085,Accept,Reject,Reject
P01,Replay_Video,Standar,30cm,0.206,0.284,0.081,Accept,Reject,Reject
P01,Replay_Video,Standar,30cm,0.309,0.288,0.107,Accept,Reject,Reject
P01,Replay_Video,Standar,30cm,0.281,0.257,0.090,Accept,Reject,Reject
P01,Replay_Video,Standar,30cm,0.187,0.271,0.107,Accept,Reject,Reject
P01,Replay_Video,Standar,45cm,0.226,0.273,0.081,Accept,Reject,Reject
P01,Replay_Video,Standar,45cm,0.329,0.269,0.092,Accept,Reject,Reject
P01,Replay_Video,Standar,45cm,0.309,0.284,0.106,Accept,Reject,Reject
P01,Replay_Video,Standar,45cm,0.338,0.278,0.114,Accept,Accept,Reject
P01,Replay_Video,Standar,45cm,0.195,0.262,0.085,Accept,Reject,Reject
P01,Replay_Video,Standar,45cm,0.326,0.289,0.097,Accept,Reject,Reject
P01,Replay_Video,Standar,45cm,0.264,0.284,0.100,Accept,Reject,Reject
P01,Replay_Video,Standar,45cm,0.274,0.232,0.075,Accept,Reject,Reject
P01,Replay_Video,Standar,45cm,0.280,0.270,0.092,Accept,Reject,Reject
P01,Replay_Video,Standar,45cm,0.295,0.283,0.071,Accept,Reject,Reject
P01,Replay_Video,Standar,60cm,0.267,0.290,0.076,Accept,Reject,Reject
P01,Replay_Video,Standar,60cm,0.278,0.256,0.102,Accept,Reject,Reject
P01,Replay_Video,Standar,60cm,0.320,0.285,0.108,Accept,Reject,Reject
P01,Replay_Video,Standar,60cm,0.294,0.240,0.110,Accept,Reject,Reject
P01,Replay_Video,Standar,60cm,0.319,0.249,0.076,Accept,Reject,Reject
P01,Replay_Video,Standar,60cm,0.350,0.231,0.100,Accept,Reject,Reject
P01,Replay_Video,Standar,60cm,0.259,0.280,0.111,Accept,Reject,Reject
P01,Replay_Video,Standar,60cm,0.282,0.290,0.072,Accept,Reject,Reject
P01,Replay_Video,Standar,60cm,0.327,0.275,0.081,Accept,Reject,Reject
P01,Replay_Video,Standar,60cm,0.253,0.275,0.079,Accept,Reject,Reject
P01,Replay_Video,Terang,30cm,0.333,0.272,0.077,Accept,Reject,Reject
P01,Replay_Video,Terang,30cm,0.268,0.289,0.098,Accept,Reject,Reject
P01,Replay_Video,Terang,30cm,0.247,0.221,0.087,Accept,Reject,Reject
P01,Replay_Video,Terang,30cm,0.187,0.270,0.090,Accept,Reject,Reject
P01,Replay_Video,Terang,30cm,0.191,0.287,0.077,Accept,Reject,Reject
P01,Replay_Video,Terang,30cm,0.306,0.251,0.096,Accept,Reject,Reject
P01,Replay_Video,Terang,30cm,0.293,0.272,0.090,Accept,Reject,Reject
P01,Replay_Video,Terang,30cm,0.263,0.249,0.084,Accept,Reject,Reject
P01,Replay_Video,Terang,30cm,0.287,0.242,0.115,Accept,Reject,Reject
P01,Replay_Video,Terang,30cm,0.271,0.278,0.077,Accept,Reject,Reject
P01,Replay_Video,Terang,45cm,0.258,0.241,0.104,Accept,Reject,Reject
P01,Replay_Video,Terang,45cm,0.311,0.269,0.071,Accept,Reject,Reject
P01,Replay_Video,Terang,45cm,0.322,0.274,0.082,Accept,Reject,Reject
P01,Replay_Video,Terang,45cm,0.311,0.248,0.089,Accept,Reject,Reject
P01,Replay_Video,Terang,45cm,0.276,0.239,0.108,Accept,Reject,Reject
P01,Replay_Video,Terang,45cm,0.355,0.239,0.077,Accept,Reject,Reject
P01,Replay_Video,Terang,45cm,0.241,0.280,0.077,Accept,Reject,Reject
P01,Replay_Video,Terang,45cm,0.256,0.262,0.083,Accept,Reject,Reject
P01,Replay_Video,Terang,45cm,0.307,0.240,0.103,Accept,Reject,Reject
P01,Replay_Video,Terang,45cm,0.283,0.279,0.099,Accept,Reject,Reject
P01,Replay_Video,Terang,60cm,0.346,0.272,0.113,Accept,Reject,Reject
P01,Replay_Video,Terang,60cm,0.326,0.267,0.114,Accept,Reject,Reject
P01,Replay_Video,Terang,60cm,0.251,0.288,0.072,Accept,Reject,Reject
P01,Replay_Video,Terang,60cm,0.365,0.261,0.098,Accept,Reject,Reject
P01,Replay_Video,Terang,60cm,0.348,0.276,0.112,Accept,Reject,Reject
P01,Replay_Video,Terang,60cm,0.242,0.243,0.111,Accept,Reject,Reject
P01,Replay_Video,Terang,60cm,0.249,0.267,0.074,Accept,Reject,Reject
P01,Replay_Video,Terang,60cm,0.270,0.258,0.093,Accept,Reject,Reject
P01,Replay_Video,Terang,60cm,0.360,0.252,0.106,Accept,Reject,Reject
P01,Replay_Video,Terang,60cm,0.344,0.225,0.094,Accept,Reject,Reject
P02,Replay_Video,Redup,30cm,0.342,0.226,0.084,Accept,Reject,Reject
P02,Replay_Video,Redup,30cm,0.234,0.267,0.085,Accept,Reject,Reject
P02,Replay_Video,Redup,30cm,0.229,0.259,0.081,Accept,Reject,Reject
P02,Replay_Video,Redup,30cm,0.284,0.281,0.100,Accept,Reject,Reject
P02,Replay_Video,Redup,30cm,0.216,0.254,0.087,Accept,Reject,Reject
P02,Replay_Video,Redup,30cm,0.296,0.249,0.086,Accept,Reject,Reject
P02,Replay_Video,Redup,30cm,0.349,0.245,0.080,Accept,Reject,Reject
P02,Replay_Video,Redup,30cm,0.220,0.276,0.106,Accept,Reject,Reject
P02,Replay_Video,Redup,30cm,0.322,0.226,0.091,Accept,Reject,Reject
P02,Replay_Video,Redup,30cm,0.212,0.224,0.076,Accept,Reject,Reject
P02,Replay_Video,Redup,45cm,0.318,0.286,0.086,Accept,Reject,Reject
P02,Replay_Video,Redup,45cm,0.368,0.274,0.096,Accept,Reject,Reject
P02,Replay_Video,Redup,45cm,0.342,0.238,0.101,Accept,Reject,Reject
P02,Replay_Video,Redup,45cm,0.358,0.263,0.073,Accept,Reject,Reject
P02,Replay_Video,Redup,45cm,0.348,0.248,0.080,Accept,Reject,Reject
P02,Replay_Video,Redup,45cm,0.292,0.285,0.092,Accept,Reject,Reject
P02,Replay_Video,Redup,45cm,0.328,0.261,0.105,Accept,Reject,Reject
P02,Replay_Video,Redup,45cm,0.259,0.251,0.079,Accept,Reject,Reject
P02,Replay_Video,Redup,45cm,0.335,0.224,0.087,Accept,Reject,Reject
P02,Replay_Video,Redup,45cm,0.362,0.255,0.106,Accept,Reject,Reject
P02,Replay_Video,Redup,60cm,0.267,0.287,0.075,Accept,Reject,Reject
P02,Replay_Video,Redup,60cm,0.370,0.245,0.101,Accept,Reject,Reject
P02,Replay_Video,Redup,60cm,0.336,0.254,0.110,Accept,Reject,Reject
P02,Replay_Video,Redup,60cm,0.391,0.280,0.108,Accept,Reject,Reject
P02,Replay_Video,Redup,60cm,0.308,0.251,0.077,Accept,Reject,Reject
P02,Replay_Video,Redup,60cm,0.308,0.243,0.101,Accept,Reject,Reject
P02,Replay_Video,Redup,60cm,0.386,0.241,0.109,Accept,Reject,Reject
P02,Replay_Video,Redup,60cm,0.326,0.224,0.070,Accept,Reject,Reject
P02,Replay_Video,Redup,60cm,0.350,0.243,0.083,Accept,Reject,Reject
P02,Replay_Video,Redup,60cm,0.293,0.250,0.111,Accept,Reject,Reject
P02,Replay_Video,Standar,30cm,0.185,0.266,0.114,Accept,Reject,Reject
P02,Replay_Video,Standar,30cm,0.262,0.264,0.101,Accept,Reject,Reject
P02,Replay_Video,Standar,30cm,0.178,0.224,0.097,Accept,Reject,Reject
P02,Replay_Video,Standar,30cm,0.261,0.245,0.081,Accept,Reject,Reject
P02,Replay_Video,Standar,30cm,0.238,0.262,0.073,Accept,Reject,Reject
P02,Replay_Video,Standar,30cm,0.271,0.236,0.106,Accept,Reject,Reject
P02,Replay_Video,Standar,30cm,0.211,0.232,0.092,Accept,Reject,Reject
P02,Replay_Video,Standar,30cm,0.208,0.237,0.086,Accept,Reject,Reject
P02,Replay_Video,Standar,30cm,0.270,0.241,0.079,Accept,Reject,Reject
P02,Replay_Video,Standar,30cm,0.306,0.285,0.114,Accept,Reject,Reject
P02,Replay_Video,Standar,45cm,0.271,0.288,0.101,Accept,Reject,Reject
P02,Replay_Video,Standar,45cm,0.239,0.252,0.081,Accept,Reject,Reject
P02,Replay_Video,Standar,45cm,0.312,0.230,0.084,Accept,Reject,Reject
P02,Replay_Video,Standar,45cm,0.320,0.241,0.085,Accept,Reject,Reject
P02,Replay_Video,Standar,45cm,0.315,0.232,0.100,Accept,Reject,Reject
P02,Replay_Video,Standar,45cm,0.242,0.287,0.079,Accept,Reject,Reject
P02,Replay_Video,Standar,45cm,0.322,0.283,0.087,Accept,Reject,Reject
P02,Replay_Video,Standar,45cm,0.312,0.237,0.093,Accept,Reject,Reject
P02,Replay_Video,Standar,45cm,0.326,0.274,0.106,Accept,Reject,Reject
P02,Replay_Video,Standar,45cm,0.317,0.227,0.072,Accept,Reject,Reject
P02,Replay_Video,Standar,60cm,0.235,0.259,0.105,Accept,Reject,Reject
P02,Replay_Video,Standar,60cm,0.305,0.253,0.071,Accept,Reject,Reject
P02,Replay_Video,Standar,60cm,0.304,0.286,0.081,Accept,Reject,Reject
P02,Replay_Video,Standar,60cm,0.296,0.222,0.090,Accept,Reject,Reject
P02,Replay_Video,Standar,60cm,0.282,0.258,0.109,Accept,Reject,Reject
P02,Replay_Video,Standar,60cm,0.300,0.288,0.076,Accept,Reject,Reject
P02,Replay_Video,Standar,60cm,0.268,0.231,0.076,Accept,Reject,Reject
P02,Replay_Video,Standar,60cm,0.308,0.235,0.095,Accept,Reject,Reject
P02,Replay_Video,Standar,60cm,0.294,0.255,0.071,Accept,Reject,Reject
P02,Replay_Video,Standar,60cm,0.294,0.269,0.079,Accept,Reject,Reject
P02,Replay_Video,Terang,30cm,0.239,0.276,0.079,Accept,Reject,Reject
P02,Replay_Video,Terang,30cm,0.306,0.221,0.100,Accept,Reject,Reject
P02,Replay_Video,Terang,30cm,0.282,0.267,0.086,Accept,Reject,Reject
P02,Replay_Video,Terang,30cm,0.230,0.262,0.091,Accept,Reject,Reject
P02,Replay_Video,Terang,30cm,0.190,0.287,0.075,Accept,Reject,Reject
P02,Replay_Video,Terang,30cm,0.309,0.254,0.094,Accept,Reject,Reject
P02,Replay_Video,Terang,30cm,0.189,0.268,0.091,Accept,Reject,Reject
P02,Replay_Video,Terang,30cm,0.247,0.233,0.086,Accept,Reject,Reject
P02,Replay_Video,Terang,30cm,0.209,0.275,0.113,Accept,Reject,Reject
P02,Replay_Video,Terang,30cm,0.266,0.257,0.111,Accept,Reject,Reject
P02,Replay_Video,Terang,45cm,0.279,0.236,0.106,Accept,Reject,Reject
P02,Replay_Video,Terang,45cm,0.309,0.260,0.073,Accept,Reject,Reject
P02,Replay_Video,Terang,45cm,0.254,0.243,0.081,Accept,Reject,Reject
P02,Replay_Video,Terang,45cm,0.215,0.286,0.091,Accept,Reject,Reject
P02,Replay_Video,Terang,45cm,0.222,0.287,0.107,Accept,Reject,Reject
P02,Replay_Video,Terang,45cm,0.302,0.220,0.076,Accept,Reject,Reject
P02,Replay_Video,Terang,45cm,0.294,0.251,0.079,Accept,Reject,Reject
P02,Replay_Video,Terang,45cm,0.259,0.256,0.084,Accept,Reject,Reject
P02,Replay_Video,Terang,45cm,0.310,0.278,0.101,Accept,Reject,Reject
P02,Replay_Video,Terang,45cm,0.276,0.280,0.113,Accept,Reject,Reject
P02,Replay_Video,Terang,60cm,0.283,0.264,0.070,Accept,Reject,Reject
P02,Replay_Video,Terang,60cm,0.281,0.262,0.070,Accept,Reject,Reject
P02,Replay_Video,Terang,60cm,0.290,0.260,0.071,Accept,Reject,Reject
P02,Replay_Video,Terang,60cm,0.342,0.232,0.100,Accept,Reject,Reject
P02,Replay_Video,Terang,60cm,0.368,0.258,0.112,Accept,Reject,Reject
P02,Replay_Video,Terang,60cm,0.258,0.221,0.110,Accept,Reject,Reject
P02,Replay_Video,Terang,60cm,0.372,0.234,0.076,Accept,Reject,Reject
P02,Replay_Video,Terang,60cm,0.380,0.255,0.094,Accept,Reject,Reject
P02,Replay_Video,Terang,60cm,0.320,0.224,0.104,Accept,Reject,Reject
P02,Replay_Video,Terang,60cm,0.254,0.278,0.083,Accept,Reject,Reject
P03,Replay_Video,Redup,30cm,0.232,0.277,0.074,Accept,Reject,Reject
P03,Replay_Video,Redup,30cm,0.247,0.222,0.108,Accept,Reject,Reject
P03,Replay_Video,Redup,30cm,0.269,0.223,0.090,Accept,Reject,Reject
P03,Replay_Video,Redup,30cm,0.217,0.250,0.079,Accept,Reject,Reject
P03,Replay_Video,Redup,30cm,0.319,0.265,0.073,Accept,Reject,Reject
P03,Replay_Video,Redup,30cm,0.350,0.226,0.106,Accept,Accept,Reject
P03,Replay_Video,Redup,30cm,0.326,0.250,0.093,Accept,Reject,Reject
P03,Replay_Video,Redup,30cm,0.211,0.232,0.074,Accept,Reject,Reject
P03,Replay_Video,Redup,30cm,0.269,0.227,0.112,Accept,Reject,Reject
P03,Replay_Video,Redup,30cm,0.347,0.235,0.077,Accept,Reject,Reject
P03,Replay_Video,Redup,45cm,0.254,0.236,0.108,Accept,Reject,Reject
P03,Replay_Video,Redup,45cm,0.367,0.266,0.107,Accept,Reject,Reject
P03,Replay_Video,Redup,45cm,0.325,0.272,0.079,Accept,Reject,Reject
P03,Replay_Video,Redup,45cm,0.325,0.268,0.099,Accept,Reject,Reject
P03,Replay_Video,Redup,45cm,0.352,0.262,0.112,Accept,Reject,Reject
P03,Replay_Video,Redup,45cm,0.336,0.264,0.112,Accept,Reject,Reject
P03,Replay_Video,Redup,45cm,0.243,0.232,0.074,Accept,Reject,Reject
P03,Replay_Video,Redup,45cm,0.334,0.278,0.092,Accept,Reject,Reject
P03,Replay_Video,Redup,45cm,0.361,0.255,0.106,Accept,Reject,Reject
P03,Replay_Video,Redup,45cm,0.319,0.288,0.105,Accept,Reject,Reject
P03,Replay_Video,Redup,60cm,0.390,0.256,0.104,Accept,Reject,Reject
P03,Replay_Video,Redup,60cm,0.384,0.249,0.072,Accept,Reject,Reject
P03,Replay_Video,Redup,60cm,0.265,0.270,0.082,Accept,Reject,Reject
P03,Replay_Video,Redup,60cm,0.373,0.227,0.095,Accept,Reject,Reject
P03,Replay_Video,Redup,60cm,0.259,0.245,0.103,Accept,Reject,Reject
P03,Replay_Video,Redup,60cm,0.321,0.280,0.115,Accept,Reject,Reject
P03,Replay_Video,Redup,60cm,0.338,0.231,0.084,Accept,Reject,Reject
P03,Replay_Video,Redup,60cm,0.386,0.262,0.089,Accept,Reject,Reject
P03,Replay_Video,Redup,60cm,0.292,0.256,0.096,Accept,Reject,Reject
P03,Replay_Video,Redup,60cm,0.369,0.240,0.111,Accept,Reject,Reject
P03,Replay_Video,Standar,30cm,0.192,0.276,0.094,Accept,Reject,Reject
P03,Replay_Video,Standar,30cm,0.198,0.254,0.082,Accept,Reject,Reject
P03,Replay_Video,Standar,30cm,0.179,0.231,0.071,Accept,Reject,Reject
P03,Replay_Video,Standar,30cm,0.184,0.228,0.103,Accept,Reject,Reject
P03,Replay_Video,Standar,30cm,0.280,0.286,0.096,Accept,Reject,Reject
P03,Replay_Video,Standar,30cm,0.310,0.279,0.083,Accept,Reject,Reject
P03,Replay_Video,Standar,30cm,0.190,0.261,0.070,Accept,Reject,Reject
P03,Replay_Video,Standar,30cm,0.256,0.275,0.109,Accept,Reject,Reject
P03,Replay_Video,Standar,30cm,0.265,0.276,0.101,Accept,Reject,Reject
P03,Replay_Video,Standar,30cm,0.246,0.227,0.093,Accept,Reject,Reject
P03,Replay_Video,Standar,45cm,0.292,0.284,0.075,Accept,Reject,Reject
P03,Replay_Video,Standar,45cm,0.242,0.272,0.099,Accept,Reject,Reject
P03,Replay_Video,Standar,45cm,0.282,0.287,0.111,Accept,Reject,Reject
P03,Replay_Video,Standar,45cm,0.198,0.268,0.070,Accept,Reject,Reject
P03,Replay_Video,Standar,45cm,0.272,0.272,0.070,Accept,Reject,Reject
P03,Replay_Video,Standar,45cm,0.252,0.233,0.096,Accept,Reject,Reject
P03,Replay_Video,Standar,45cm,0.195,0.260,0.115,Accept,Reject,Reject
P03,Replay_Video,Standar,45cm,0.221,0.238,0.076,Accept,Reject,Reject
P03,Replay_Video,Standar,45cm,0.274,0.265,0.078,Accept,Reject,Reject
P03,Replay_Video,Standar,45cm,0.219,0.271,0.078,Accept,Reject,Reject
P03,Replay_Video,Standar,60cm,0.317,0.285,0.078,Accept,Reject,Reject
P03,Replay_Video,Standar,60cm,0.218,0.241,0.090,Accept,Reject,Reject
P03,Replay_Video,Standar,60cm,0.355,0.234,0.107,Accept,Reject,Reject
P03,Replay_Video,Standar,60cm,0.235,0.281,0.073,Accept,Reject,Reject
P03,Replay_Video,Standar,60cm,0.280,0.267,0.081,Accept,Reject,Reject
P03,Replay_Video,Standar,60cm,0.241,0.265,0.091,Accept,Reject,Reject
P03,Replay_Video,Standar,60cm,0.350,0.247,0.106,Accept,Reject,Reject
P03,Replay_Video,Standar,60cm,0.306,0.276,0.080,Accept,Reject,Reject
P03,Replay_Video,Standar,60cm,0.351,0.279,0.086,Accept,Reject,Reject
P03,Replay_Video,Standar,60cm,0.225,0.275,0.079,Accept,Reject,Reject
P03,Replay_Video,Terang,30cm,0.209,0.267,0.080,Accept,Reject,Reject
P03,Replay_Video,Terang,30cm,0.286,0.231,0.099,Accept,Reject,Reject
P03,Replay_Video,Terang,30cm,0.314,0.223,0.087,Accept,Reject,Reject
P03,Replay_Video,Terang,30cm,0.239,0.260,0.092,Accept,Reject,Reject
P03,Replay_Video,Terang,30cm,0.292,0.273,0.074,Accept,Reject,Reject
P03,Replay_Video,Terang,30cm,0.189,0.220,0.095,Accept,Reject,Reject
P03,Replay_Video,Terang,30cm,0.191,0.221,0.090,Accept,Reject,Reject
P03,Replay_Video,Terang,30cm,0.271,0.240,0.085,Accept,Reject,Reject
P03,Replay_Video,Terang,30cm,0.218,0.274,0.114,Accept,Reject,Reject
P03,Replay_Video,Terang,30cm,0.298,0.277,0.091,Accept,Reject,Reject
P03,Replay_Video,Terang,45cm,0.246,0.241,0.105,Accept,Reject,Reject
P03,Replay_Video,Terang,45cm,0.344,0.241,0.074,Accept,Reject,Reject
P03,Replay_Video,Terang,45cm,0.231,0.278,0.080,Accept,Reject,Reject
P03,Replay_Video,Terang,45cm,0.214,0.278,0.090,Accept,Reject,Reject
P03,Replay_Video,Terang,45cm,0.286,0.221,0.107,Accept,Reject,Reject
P03,Replay_Video,Terang,45cm,0.209,0.249,0.074,Accept,Reject,Reject
P03,Replay_Video,Terang,45cm,0.239,0.223,0.079,Accept,Reject,Reject
P03,Replay_Video,Terang,45cm,0.220,0.259,0.085,Accept,Reject,Reject
P03,Replay_Video,Terang,45cm,0.293,0.288,0.101,Accept,Reject,Reject
P03,Replay_Video,Terang,45cm,0.252,0.223,0.094,Accept,Reject,Reject
P03,Replay_Video,Terang,60cm,0.371,0.222,0.070,Accept,Reject,Reject
P03,Replay_Video,Terang,60cm,0.303,0.260,0.114,Accept,Reject,Reject
P03,Replay_Video,Terang,60cm,0.358,0.251,0.071,Accept,Reject,Reject
P03,Replay_Video,Terang,60cm,0.238,0.278,0.100,Accept,Reject,Reject
P03,Replay_Video,Terang,60cm,0.374,0.236,0.110,Accept,Reject,Reject
P03,Replay_Video,Terang,60cm,0.242,0.232,0.111,Accept,Reject,Reject
P03,Replay_Video,Terang,60cm,0.370,0.253,0.075,Accept,Reject,Reject
P03,Replay_Video,Terang,60cm,0.269,0.276,0.094,Accept,Reject,Reject
P03,Replay_Video,Terang,60cm,0.235,0.258,0.106,Accept,Reject,Reject
P03,Replay_Video,Terang,60cm,0.286,0.258,0.098,Accept,Reject,Reject
P04,Replay_Video,Redup,30cm,0.303,0.229,0.112,Accept,Reject,Reject
P04,Replay_Video,Redup,30cm,0.323,0.226,0.112,Accept,Reject,Reject
P04,Replay_Video,Redup,30cm,0.341,0.238,0.074,Accept,Reject,Reject
P04,Replay_Video,Redup,30cm,0.347,0.267,0.103,Accept,Reject,Reject
P04,Replay_Video,Redup,30cm,0.229,0.277,0.108,Accept,Reject,Reject
P04,Replay_Video,Redup,30cm,0.218,0.243,0.107,Accept,Reject,Reject
P04,Replay_Video,Redup,30cm,0.339,0.271,0.079,Accept,Reject,Reject
P04,Replay_Video,Redup,30cm,0.300,0.227,0.097,Accept,Reject,Reject
P04,Replay_Video,Redup,30cm,0.353,0.283,0.101,Accept,Accept,Accept
P04,Replay_Video,Redup,30cm,0.244,0.284,0.079,Accept,Reject,Reject
P04,Replay_Video,Redup,45cm,0.301,0.231,0.073,Accept,Reject,Reject
P04,Replay_Video,Redup,45cm,0.329,0.275,0.106,Accept,Reject,Reject
P04,Replay_Video,Redup,45cm,0.331,0.254,0.093,Accept,Reject,Reject
P04,Replay_Video,Redup,45cm,0.232,0.263,0.079,Accept,Reject,Reject
P04,Replay_Video,Redup,45cm,0.371,0.246,0.074,Accept,Reject,Reject
P04,Replay_Video,Redup,45cm,0.329,0.248,0.108,Accept,Reject,Reject
P04,Replay_Video,Redup,45cm,0.345,0.227,0.090,Accept,Reject,Reject
P04,Replay_Video,Redup,45cm,0.315,0.286,0.072,Accept,Reject,Reject
P04,Replay_Video,Redup,45cm,0.240,0.257,0.114,Accept,Reject,Reject
P04,Replay_Video,Redup,45cm,0.257,0.251,0.102,Accept,Reject,Reject
P04,Replay_Video,Redup,60cm,0.343,0.249,0.082,Accept,Reject,Reject
P04,Replay_Video,Redup,60cm,0.312,0.260,0.103,Accept,Reject,Reject
P04,Replay_Video,Redup,60cm,0.387,0.254,0.082,Accept,Reject,Reject
P04,Replay_Video,Redup,60cm,0.321,0.220,0.088,Accept,Reject,Reject
P04,Replay_Video,Redup,60cm,0.318,0.228,0.078,Accept,Reject,Reject
P04,Replay_Video,Redup,60cm,0.265,0.267,0.098,Accept,Reject,Reject
P04,Replay_Video,Redup,60cm,0.393,0.229,0.088,Accept,Reject,Reject
P04,Replay_Video,Redup,60cm,0.273,0.268,0.082,Accept,Reject,Reject
P04,Replay_Video,Redup,60cm,0.377,0.255,0.072,Accept,Reject,Reject
P04,Replay_Video,Redup,60cm,0.342,0.223,0.114,Accept,Reject,Reject
P04,Replay_Video,Standar,30cm,0.305,0.273,0.095,Accept,Reject,Reject
P04,Replay_Video,Standar,30cm,0.316,0.239,0.075,Accept,Reject,Reject
P04,Replay_Video,Standar,30cm,0.305,0.230,0.091,Accept,Reject,Reject
P04,Replay_Video,Standar,30cm,0.317,0.262,0.086,Accept,Reject,Reject
P04,Replay_Video,Standar,30cm,0.227,0.267,0.100,Accept,Reject,Reject
P04,Replay_Video,Standar,30cm,0.258,0.249,0.079,Accept,Reject,Reject
P04,Replay_Video,Standar,30cm,0.282,0.232,0.087,Accept,Reject,Reject
P04,Replay_Video,Standar,30cm,0.260,0.235,0.093,Accept,Reject,Reject
P04,Replay_Video,Standar,30cm,0.277,0.289,0.105,Accept,Reject,Reject
P04,Replay_Video,Standar,30cm,0.258,0.285,0.102,Accept,Reject,Reject
P04,Replay_Video,Standar,45cm,0.331,0.279,0.075,Accept,Reject,Reject
P04,Replay_Video,Standar,45cm,0.305,0.280,0.107,Accept,Reject,Reject
P04,Replay_Video,Standar,45cm,0.295,0.226,0.091,Accept,Reject,Reject
P04,Replay_Video,Standar,45cm,0.225,0.225,0.081,Accept,Reject,Reject
P04,Replay_Video,Standar,45cm,0.295,0.229,0.073,Accept,Reject,Reject
P04,Replay_Video,Standar,45cm,0.286,0.271,0.106,Accept,Reject,Reject
P04,Replay_Video,Standar,45cm,0.291,0.280,0.091,Accept,Reject,Reject
P04,Replay_Video,Standar,45cm,0.289,0.237,0.086,Accept,Reject,Reject
P04,Replay_Video,Standar,45cm,0.209,0.224,0.080,Accept,Reject,Reject
P04,Replay_Video,Standar,45cm,0.331,0.264,0.072,Accept,Reject,Reject
P04,Replay_Video,Standar,60cm,0.239,0.227,0.110,Accept,Reject,Reject
P04,Replay_Video,Standar,60cm,0.219,0.260,0.111,Accept,Reject,Reject
P04,Replay_Video,Standar,60cm,0.315,0.254,0.100,Accept,Reject,Reject
P04,Replay_Video,Standar,60cm,0.349,0.227,0.070,Accept,Reject,Reject
P04,Replay_Video,Standar,60cm,0.230,0.283,0.115,Accept,Reject,Reject
P04,Replay_Video,Standar,60cm,0.285,0.288,0.115,Accept,Reject,Reject
P04,Replay_Video,Standar,60cm,0.298,0.251,0.096,Accept,Reject,Reject
P04,Replay_Video,Standar,60cm,0.358,0.220,0.077,Accept,Reject,Reject
P04,Replay_Video,Standar,60cm,0.261,0.253,0.076,Accept,Reject,Reject
P04,Replay_Video,Standar,60cm,0.255,0.269,0.112,Accept,Reject,Reject
P04,Replay_Video,Terang,30cm,0.275,0.285,0.077,Accept,Reject,Reject
P04,Replay_Video,Terang,30cm,0.215,0.264,0.096,Accept,Reject,Reject
P04,Replay_Video,Terang,30cm,0.260,0.261,0.090,Accept,Reject,Reject
P04,Replay_Video,Terang,30cm,0.258,0.288,0.089,Accept,Reject,Reject
P04,Replay_Video,Terang,30cm,0.305,0.256,0.077,Accept,Reject,Reject
P04,Replay_Video,Terang,30cm,0.250,0.259,0.098,Accept,Reject,Reject
P04,Replay_Video,Terang,30cm,0.213,0.252,0.087,Accept,Reject,Reject
P04,Replay_Video,Terang,30cm,0.325,0.266,0.082,Accept,Reject,Reject
P04,Replay_Video,Terang,30cm,0.265,0.254,0.072,Accept,Reject,Reject
P04,Replay_Video,Terang,30cm,0.209,0.265,0.071,Accept,Reject,Reject
P04,Replay_Video,Terang,45cm,0.283,0.287,0.108,Accept,Reject,Reject
P04,Replay_Video,Terang,45cm,0.312,0.283,0.077,Accept,Reject,Reject
P04,Replay_Video,Terang,45cm,0.341,0.245,0.077,Accept,Reject,Reject
P04,Replay_Video,Terang,45cm,0.251,0.256,0.093,Accept,Reject,Reject
P04,Replay_Video,Terang,45cm,0.320,0.244,0.104,Accept,Reject,Reject
P04,Replay_Video,Terang,45cm,0.251,0.275,0.071,Accept,Reject,Reject
P04,Replay_Video,Terang,45cm,0.311,0.257,0.082,Accept,Reject,Reject
P04,Replay_Video,Terang,45cm,0.292,0.234,0.088,Accept,Reject,Reject
P04,Replay_Video,Terang,45cm,0.211,0.239,0.098,Accept,Reject,Reject
P04,Replay_Video,Terang,45cm,0.319,0.282,0.108,Accept,Reject,Reject
P04,Replay_Video,Terang,60cm,0.265,0.258,0.112,Accept,Reject,Reject
P04,Replay_Video,Terang,60cm,0.265,0.285,0.111,Accept,Reject,Reject
P04,Replay_Video,Terang,60cm,0.256,0.230,0.074,Accept,Reject,Reject
P04,Replay_Video,Terang,60cm,0.295,0.237,0.097,Accept,Reject,Reject
P04,Replay_Video,Terang,60cm,0.320,0.272,0.113,Accept,Reject,Reject
P04,Replay_Video,Terang,60cm,0.360,0.278,0.114,Accept,Reject,Reject
P04,Replay_Video,Terang,60cm,0.343,0.274,0.072,Accept,Reject,Reject
P04,Replay_Video,Terang,60cm,0.360,0.232,0.091,Accept,Reject,Reject
P04,Replay_Video,Terang,60cm,0.366,0.221,0.109,Accept,Reject,Reject
P04,Replay_Video,Terang,60cm,0.275,0.282,0.108,Accept,Reject,Reject
P05,Replay_Video,Redup,30cm,0.238,0.256,0.080,Accept,Reject,Reject
P05,Replay_Video,Redup,30cm,0.285,0.280,0.092,Accept,Reject,Reject
P05,Replay_Video,Redup,30cm,0.253,0.227,0.105,Accept,Reject,Reject
P05,Replay_Video,Redup,30cm,0.343,0.238,0.113,Accept,Reject,Reject
P05,Replay_Video,Redup,30cm,0.274,0.287,0.085,Accept,Reject,Reject
P05,Replay_Video,Redup,30cm,0.311,0.286,0.096,Accept,Reject,Reject
P05,Replay_Video,Redup,30cm,0.293,0.277,0.101,Accept,Reject,Reject
P05,Replay_Video,Redup,30cm,0.218,0.247,0.075,Accept,Reject,Reject
P05,Replay_Video,Redup,30cm,0.256,0.275,0.091,Accept,Reject,Reject
P05,Replay_Video,Redup,30cm,0.314,0.257,0.079,Accept,Reject,Reject
P05,Replay_Video,Redup,45cm,0.281,0.257,0.086,Accept,Reject,Reject
P05,Replay_Video,Redup,45cm,0.246,0.258,0.086,Accept,Reject,Reject
P05,Replay_Video,Redup,45cm,0.353,0.282,0.080,Accept,Reject,Reject
P05,Replay_Video,Redup,45cm,0.375,0.232,0.102,Accept,Accept,Reject
P05,Replay_Video,Redup,45cm,0.328,0.228,0.084,Accept,Reject,Reject
P05,Replay_Video,Redup,45cm,0.246,0.265,0.086,Accept,Reject,Reject
P05,Replay_Video,Redup,45cm,0.241,0.230,0.081,Accept,Reject,Reject
P05,Replay_Video,Redup,45cm,0.372,0.268,0.107,Accept,Accept,Reject
P05,Replay_Video,Redup,45cm,0.325,0.247,0.091,Accept,Reject,Reject
P05,Replay_Video,Redup,45cm,0.236,0.280,0.103,Accept,Reject,Reject
P05,Replay_Video,Redup,60cm,0.279,0.256,0.089,Accept,Reject,Reject
P05,Replay_Video,Redup,60cm,0.358,0.232,0.077,Accept,Reject,Reject
P05,Replay_Video,Redup,60cm,0.307,0.231,0.076,Accept,Reject,Reject
P05,Replay_Video,Redup,60cm,0.292,0.247,0.105,Accept,Reject,Reject
P05,Replay_Video,Redup,60cm,0.322,0.228,0.095,Accept,Reject,Reject
P05,Replay_Video,Redup,60cm,0.356,0.224,0.081,Accept,Reject,Reject
P05,Replay_Video,Redup,60cm,0.394,0.282,0.072,Accept,Reject,Reject
P05,Replay_Video,Redup,60cm,0.338,0.238,0.111,Accept,Reject,Reject
P05,Replay_Video,Redup,60cm,0.388,0.265,0.099,Accept,Reject,Reject
P05,Replay_Video,Redup,60cm,0.351,0.286,0.114,Accept,Reject,Reject
P05,Replay_Video,Standar,30cm,0.254,0.267,0.076,Accept,Reject,Reject
P05,Replay_Video,Standar,30cm,0.170,0.254,0.100,Accept,Reject,Reject
P05,Replay_Video,Standar,30cm,0.319,0.288,0.111,Accept,Accept,Accept
P05,Replay_Video,Standar,30cm,0.298,0.287,0.109,Accept,Reject,Reject
P05,Replay_Video,Standar,30cm,0.269,0.235,0.077,Accept,Reject,Reject
P05,Replay_Video,Standar,30cm,0.287,0.269,0.102,Accept,Reject,Reject
P05,Replay_Video,Standar,30cm,0.191,0.281,0.109,Accept,Reject,Reject
P05,Replay_Video,Standar,30cm,0.319,0.241,0.114,Accept,Accept,Accept
P05,Replay_Video,Standar,30cm,0.182,0.280,0.083,Accept,Reject,Reject
P05,Replay_Video,Standar,30cm,0.176,0.286,0.093,Accept,Reject,Reject
P05,Replay_Video,Standar,45cm,0.340,0.225,0.093,Accept,Reject,Reject
P05,Replay_Video,Standar,45cm,0.309,0.270,0.082,Accept,Reject,Reject
P05,Replay_Video,Standar,45cm,0.323,0.228,0.071,Accept,Reject,Reject
P05,Replay_Video,Standar,45cm,0.264,0.277,0.109,Accept,Reject,Reject
P05,Replay_Video,Standar,45cm,0.322,0.250,0.090,Accept,Reject,Reject
P05,Replay_Video,Standar,45cm,0.237,0.246,0.076,Accept,Reject,Reject
P05,Replay_Video,Standar,45cm,0.313,0.242,0.076,Accept,Reject,Reject
P05,Replay_Video,Standar,45cm,0.269,0.274,0.071,Accept,Reject,Reject
P05,Replay_Video,Standar,45cm,0.327,0.263,0.095,Accept,Reject,Reject
P05,Replay_Video,Standar,45cm,0.323,0.244,0.089,Accept,Reject,Reject
P05,Replay_Video,Standar,60cm,0.289,0.281,0.085,Accept,Reject,Reject
P05,Replay_Video,Standar,60cm,0.303,0.281,0.084,Accept,Reject,Reject
P05,Replay_Video,Standar,60cm,0.253,0.225,0.081,Accept,Reject,Reject
P05,Replay_Video,Standar,60cm,0.279,0.247,0.100,Accept,Reject,Reject
P05,Replay_Video,Standar,60cm,0.318,0.265,0.085,Accept,Reject,Reject
P05,Replay_Video,Standar,60cm,0.296,0.231,0.086,Accept,Reject,Reject
P05,Replay_Video,Standar,60cm,0.251,0.244,0.079,Accept,Reject,Reject
P05,Replay_Video,Standar,60cm,0.298,0.289,0.106,Accept,Reject,Reject
P05,Replay_Video,Standar,60cm,0.318,0.261,0.092,Accept,Reject,Reject
P05,Replay_Video,Standar,60cm,0.306,0.265,0.079,Accept,Reject,Reject
P05,Replay_Video,Terang,30cm,0.255,0.240,0.076,Accept,Reject,Reject
P05,Replay_Video,Terang,30cm,0.331,0.245,0.097,Accept,Reject,Reject
P05,Replay_Video,Terang,30cm,0.209,0.248,0.089,Accept,Reject,Reject
P05,Replay_Video,Terang,30cm,0.314,0.223,0.088,Accept,Reject,Reject
P05,Replay_Video,Terang,30cm,0.200,0.253,0.078,Accept,Reject,Reject
P05,Replay_Video,Terang,30cm,0.248,0.228,0.097,Accept,Reject,Reject
P05,Replay_Video,Terang,30cm,0.249,0.289,0.088,Accept,Reject,Reject
P05,Replay_Video,Terang,30cm,0.298,0.266,0.083,Accept,Reject,Reject
P05,Replay_Video,Terang,30cm,0.333,0.243,0.071,Accept,Reject,Reject
P05,Replay_Video,Terang,30cm,0.289,0.249,0.097,Accept,Reject,Reject
P05,Replay_Video,Terang,45cm,0.287,0.271,0.109,Accept,Reject,Reject
P05,Replay_Video,Terang,45cm,0.260,0.237,0.076,Accept,Reject,Reject
P05,Replay_Video,Terang,45cm,0.294,0.263,0.078,Accept,Reject,Reject
P05,Replay_Video,Terang,45cm,0.246,0.256,0.094,Accept,Reject,Reject
P05,Replay_Video,Terang,45cm,0.339,0.252,0.104,Accept,Reject,Reject
P05,Replay_Video,Terang,45cm,0.237,0.246,0.073,Accept,Reject,Reject
P05,Replay_Video,Terang,45cm,0.268,0.229,0.082,Accept,Reject,Reject
P05,Replay_Video,Terang,45cm,0.256,0.229,0.087,Accept,Reject,Reject
P05,Replay_Video,Terang,45cm,0.242,0.245,0.098,Accept,Reject,Reject
P05,Replay_Video,Terang,45cm,0.352,0.241,0.088,Accept,Reject,Reject
P05,Replay_Video,Terang,60cm,0.342,0.286,0.112,Accept,Reject,Reject
P05,Replay_Video,Terang,60cm,0.251,0.289,0.112,Accept,Reject,Reject
P05,Replay_Video,Terang,60cm,0.242,0.223,0.074,Accept,Reject,Reject
P05,Replay_Video,Terang,60cm,0.367,0.255,0.097,Accept,Reject,Reject
P05,Replay_Video,Terang,60cm,0.272,0.233,0.115,Accept,Reject,Reject
P05,Replay_Video,Terang,60cm,0.314,0.264,0.113,Accept,Reject,Reject
P05,Replay_Video,Terang,60cm,0.353,0.272,0.073,Accept,Reject,Reject
P05,Replay_Video,Terang,60cm,0.370,0.281,0.091,Accept,Reject,Reject
P05,Replay_Video,Terang,60cm,0.339,0.272,0.107,Accept,Reject,Reject
P05,Replay_Video,Terang,60cm,0.355,0.224,0.080,Accept,Reject,Reject
P06,Replay_Video,Redup,30cm,0.223,0.272,0.112,Accept,Reject,Reject
P06,Replay_Video,Redup,30cm,0.300,0.263,0.112,Accept,Reject,Reject
P06,Replay_Video,Redup,30cm,0.206,0.289,0.099,Accept,Reject,Reject
P06,Replay_Video,Redup,30cm,0.243,0.283,0.073,Accept,Reject,Reject
P06,Replay_Video,Redup,30cm,0.265,0.223,0.113,Accept,Reject,Reject
P06,Replay_Video,Redup,30cm,0.312,0.268,0.114,Accept,Reject,Reject
P06,Replay_Video,Redup,30cm,0.275,0.271,0.097,Accept,Reject,Reject
P06,Replay_Video,Redup,30cm,0.216,0.241,0.078,Accept,Reject,Reject
P06,Replay_Video,Redup,30cm,0.237,0.235,0.074,Accept,Reject,Reject
P06,Replay_Video,Redup,30cm,0.270,0.278,0.077,Accept,Reject,Reject
P06,Replay_Video,Redup,45cm,0.377,0.224,0.105,Accept,Accept,Accept
P06,Replay_Video,Redup,45cm,0.311,0.257,0.073,Accept,Reject,Reject
P06,Replay_Video,Redup,45cm,0.274,0.224,0.079,Accept,Reject,Reject
P06,Replay_Video,Redup,45cm,0.308,0.277,0.097,Accept,Reject,Reject
P06,Replay_Video,Redup,45cm,0.309,0.259,0.102,Accept,Reject,Reject
P06,Replay_Video,Redup,45cm,0.366,0.250,0.112,Accept,Reject,Reject
P06,Replay_Video,Redup,45cm,0.242,0.255,0.085,Accept,Reject,Reject
P06,Replay_Video,Redup,45cm,0.254,0.237,0.104,Accept,Reject,Reject
P06,Replay_Video,Redup,45cm,0.361,0.268,0.108,Accept,Reject,Reject
P06,Replay_Video,Redup,45cm,0.247,0.237,0.101,Accept,Reject,Reject
P06,Replay_Video,Redup,60cm,0.325,0.263,0.096,Accept,Reject,Reject
P06,Replay_Video,Redup,60cm,0.333,0.259,0.075,Accept,Reject,Reject
P06,Replay_Video,Redup,60cm,0.382,0.280,0.090,Accept,Reject,Reject
P06,Replay_Video,Redup,60cm,0.306,0.264,0.088,Accept,Reject,Reject
P06,Replay_Video,Redup,60cm,0.288,0.222,0.097,Accept,Reject,Reject
P06,Replay_Video,Redup,60cm,0.381,0.246,0.078,Accept,Reject,Reject
P06,Replay_Video,Redup,60cm,0.285,0.267,0.088,Accept,Reject,Reject
P06,Replay_Video,Redup,60cm,0.276,0.241,0.094,Accept,Reject,Reject
P06,Replay_Video,Redup,60cm,0.346,0.255,0.105,Accept,Reject,Reject
P06,Replay_Video,Redup,60cm,0.400,0.235,0.115,Accept,Accept,Accept
P06,Replay_Video,Standar,30cm,0.254,0.282,0.109,Accept,Reject,Reject
P06,Replay_Video,Standar,30cm,0.304,0.238,0.076,Accept,Reject,Reject
P06,Replay_Video,Standar,30cm,0.246,0.235,0.077,Accept,Reject,Reject
P06,Replay_Video,Standar,30cm,0.296,0.247,0.094,Accept,Reject,Reject
P06,Replay_Video,Standar,30cm,0.255,0.272,0.105,Accept,Reject,Reject
P06,Replay_Video,Standar,30cm,0.215,0.270,0.071,Accept,Reject,Reject
P06,Replay_Video,Standar,30cm,0.262,0.283,0.082,Accept,Reject,Reject
P06,Replay_Video,Standar,30cm,0.259,0.238,0.100,Accept,Reject,Reject
P06,Replay_Video,Standar,30cm,0.281,0.276,0.110,Accept,Reject,Reject
P06,Replay_Video,Standar,30cm,0.297,0.273,0.092,Accept,Reject,Reject
P06,Replay_Video,Standar,45cm,0.277,0.264,0.109,Accept,Reject,Reject
P06,Replay_Video,Standar,45cm,0.338,0.267,0.109,Accept,Accept,Reject
P06,Replay_Video,Standar,45cm,0.309,0.228,0.102,Accept,Reject,Reject
P06,Replay_Video,Standar,45cm,0.310,0.264,0.076,Accept,Reject,Reject
P06,Replay_Video,Standar,45cm,0.330,0.264,0.109,Accept,Reject,Reject
P06,Replay_Video,Standar,45cm,0.264,0.228,0.111,Accept,Reject,Reject
P06,Replay_Video,Standar,45cm,0.249,0.259,0.100,Accept,Reject,Reject
P06,Replay_Video,Standar,45cm,0.312,0.290,0.081,Accept,Reject,Reject
P06,Replay_Video,Standar,45cm,0.311,0.244,0.071,Accept,Reject,Reject
P06,Replay_Video,Standar,45cm,0.211,0.230,0.083,Accept,Reject,Reject
P06,Replay_Video,Standar,60cm,0.284,0.222,0.073,Accept,Reject,Reject
P06,Replay_Video,Standar,60cm,0.291,0.269,0.106,Accept,Reject,Reject
P06,Replay_Video,Standar,60cm,0.334,0.246,0.092,Accept,Reject,Reject
P06,Replay_Video,Standar,60cm,0.296,0.280,0.084,Accept,Reject,Reject
P06,Replay_Video,Standar,60cm,0.324,0.235,0.114,Accept,Reject,Reject
P06,Replay_Video,Standar,60cm,0.355,0.229,0.100,Accept,Reject,Reject
P06,Replay_Video,Standar,60cm,0.302,0.243,0.097,Accept,Reject,Reject
P06,Replay_Video,Standar,60cm,0.238,0.288,0.092,Accept,Reject,Reject
P06,Replay_Video,Standar,60cm,0.267,0.260,0.074,Accept,Reject,Reject
P06,Replay_Video,Standar,60cm,0.258,0.230,0.085,Accept,Reject,Reject
P06,Replay_Video,Terang,30cm,0.211,0.239,0.074,Accept,Reject,Reject
P06,Replay_Video,Terang,30cm,0.287,0.241,0.095,Accept,Reject,Reject
P06,Replay_Video,Terang,30cm,0.317,0.269,0.090,Accept,Reject,Reject
P06,Replay_Video,Terang,30cm,0.263,0.227,0.087,Accept,Reject,Reject
P06,Replay_Video,Terang,30cm,0.191,0.250,0.080,Accept,Reject,Reject
P06,Replay_Video,Terang,30cm,0.262,0.228,0.099,Accept,Reject,Reject
P06,Replay_Video,Terang,30cm,0.219,0.226,0.087,Accept,Reject,Reject
P06,Replay_Video,Terang,30cm,0.303,0.278,0.081,Accept,Reject,Reject
P06,Replay_Video,Terang,30cm,0.252,0.277,0.073,Accept,Reject,Reject
P06,Replay_Video,Terang,30cm,0.235,0.250,0.079,Accept,Reject,Reject
P06,Replay_Video,Terang,45cm,0.276,0.280,0.107,Accept,Reject,Reject
P06,Replay_Video,Terang,45cm,0.245,0.242,0.074,Accept,Reject,Reject
P06,Replay_Video,Terang,45cm,0.345,0.221,0.079,Accept,Reject,Reject
P06,Replay_Video,Terang,45cm,0.329,0.286,0.092,Accept,Reject,Reject
P06,Replay_Video,Terang,45cm,0.229,0.271,0.105,Accept,Reject,Reject
P06,Replay_Video,Terang,45cm,0.296,0.268,0.074,Accept,Reject,Reject
P06,Replay_Video,Terang,45cm,0.220,0.262,0.080,Accept,Reject,Reject
P06,Replay_Video,Terang,45cm,0.239,0.232,0.086,Accept,Reject,Reject
P06,Replay_Video,Terang,45cm,0.226,0.274,0.100,Accept,Reject,Reject
P06,Replay_Video,Terang,45cm,0.214,0.224,0.109,Accept,Reject,Reject
P06,Replay_Video,Terang,60cm,0.251,0.221,0.110,Accept,Reject,Reject
P06,Replay_Video,Terang,60cm,0.309,0.227,0.111,Accept,Reject,Reject
P06,Replay_Video,Terang,60cm,0.367,0.254,0.075,Accept,Reject,Reject
P06,Replay_Video,Terang,60cm,0.257,0.288,0.095,Accept,Reject,Reject
P06,Replay_Video,Terang,60cm,0.269,0.256,0.070,Accept,Reject,Reject
P06,Replay_Video,Terang,60cm,0.288,0.283,0.114,Accept,Reject,Reject
P06,Replay_Video,Terang,60cm,0.370,0.231,0.071,Accept,Reject,Reject
P06,Replay_Video,Terang,60cm,0.278,0.287,0.090,Accept,Reject,Reject
P06,Replay_Video,Terang,60cm,0.246,0.234,0.109,Accept,Reject,Reject
P06,Replay_Video,Terang,60cm,0.235,0.221,0.107,Accept,Reject,Reject
P07,Replay_Video,Redup,30cm,0.277,0.237,0.092,Accept,Reject,Reject
P07,Replay_Video,Redup,30cm,0.324,0.272,0.080,Accept,Reject,Reject
P07,Replay_Video,Redup,30cm,0.250,0.268,0.074,Accept,Reject,Reject
P07,Replay_Video,Redup,30cm,0.333,0.268,0.107,Accept,Reject,Reject
P07,Replay_Video,Redup,30cm,0.232,0.287,0.090,Accept,Reject,Reject
P07,Replay_Video,Redup,30cm,0.227,0.229,0.079,Accept,Reject,Reject
P07,Replay_Video,Redup,30cm,0.254,0.222,0.074,Accept,Reject,Reject
P07,Replay_Video,Redup,30cm,0.241,0.284,0.101,Accept,Reject,Reject
P07,Replay_Video,Redup,30cm,0.226,0.221,0.085,Accept,Reject,Reject
P07,Replay_Video,Redup,30cm,0.339,0.249,0.078,Accept,Reject,Reject
P07,Replay_Video,Redup,45cm,0.352,0.226,0.086,Accept,Reject,Reject
P07,Replay_Video,Redup,45cm,0.351,0.232,0.087,Accept,Reject,Reject
P07,Replay_Video,Redup,45cm,0.352,0.277,0.099,Accept,Reject,Reject
P07,Replay_Video,Redup,45cm,0.367,0.230,0.075,Accept,Reject,Reject
P07,Replay_Video,Redup,45cm,0.352,0.255,0.092,Accept,Reject,Reject
P07,Replay_Video,Redup,45cm,0.302,0.281,0.090,Accept,Reject,Reject
P07,Replay_Video,Redup,45cm,0.252,0.245,0.095,Accept,Reject,Reject
P07,Replay_Video,Redup,45cm,0.241,0.281,0.114,Accept,Reject,Reject
P07,Replay_Video,Redup,45cm,0.246,0.282,0.085,Accept,Reject,Reject
P07,Replay_Video,Redup,45cm,0.236,0.222,0.101,Accept,Reject,Reject
P07,Replay_Video,Redup,60cm,0.354,0.284,0.084,Accept,Reject,Reject
P07,Replay_Video,Redup,60cm,0.255,0.245,0.095,Accept,Reject,Reject
P07,Replay_Video,Redup,60cm,0.273,0.245,0.103,Accept,Reject,Reject
P07,Replay_Video,Redup,60cm,0.396,0.229,0.072,Accept,Reject,Reject
P07,Replay_Video,Redup,60cm,0.294,0.268,0.082,Accept,Reject,Reject
P07,Replay_Video,Redup,60cm,0.303,0.265,0.095,Accept,Reject,Reject
P07,Replay_Video,Redup,60cm,0.348,0.276,0.104,Accept,Reject,Reject
P07,Replay_Video,Redup,60cm,0.323,0.228,0.110,Accept,Reject,Reject
P07,Replay_Video,Redup,60cm,0.372,0.251,0.076,Accept,Reject,Reject
P07,Replay_Video,Redup,60cm,0.254,0.270,0.071,Accept,Reject,Reject
P07,Replay_Video,Standar,30cm,0.278,0.276,0.081,Accept,Reject,Reject
P07,Replay_Video,Standar,30cm,0.198,0.270,0.092,Accept,Reject,Reject
P07,Replay_Video,Standar,30cm,0.209,0.266,0.106,Accept,Reject,Reject
P07,Replay_Video,Standar,30cm,0.308,0.241,0.076,Accept,Reject,Reject
P07,Replay_Video,Standar,30cm,0.277,0.280,0.079,Accept,Reject,Reject
P07,Replay_Video,Standar,30cm,0.295,0.240,0.091,Accept,Reject,Reject
P07,Replay_Video,Standar,30cm,0.280,0.250,0.107,Accept,Reject,Reject
P07,Replay_Video,Standar,30cm,0.304,0.247,0.081,Accept,Reject,Reject
P07,Replay_Video,Standar,30cm,0.210,0.274,0.085,Accept,Reject,Reject
P07,Replay_Video,Standar,30cm,0.294,0.271,0.095,Accept,Reject,Reject
P07,Replay_Video,Standar,45cm,0.295,0.230,0.086,Accept,Reject,Reject
P07,Replay_Video,Standar,45cm,0.237,0.261,0.087,Accept,Reject,Reject
P07,Replay_Video,Standar,45cm,0.304,0.237,0.079,Accept,Reject,Reject
P07,Replay_Video,Standar,45cm,0.317,0.223,0.094,Accept,Reject,Reject
P07,Replay_Video,Standar,45cm,0.229,0.228,0.091,Accept,Reject,Reject
P07,Replay_Video,Standar,45cm,0.316,0.235,0.091,Accept,Reject,Reject
P07,Replay_Video,Standar,45cm,0.310,0.250,0.075,Accept,Reject,Reject
P07,Replay_Video,Standar,45cm,0.239,0.275,0.101,Accept,Reject,Reject
P07,Replay_Video,Standar,45cm,0.321,0.256,0.096,Accept,Reject,Reject
P07,Replay_Video,Standar,45cm,0.305,0.251,0.071,Accept,Reject,Reject
P07,Replay_Video,Standar,60cm,0.343,0.227,0.096,Accept,Reject,Reject
P07,Replay_Video,Standar,60cm,0.270,0.224,0.083,Accept,Reject,Reject
P07,Replay_Video,Standar,60cm,0.239,0.222,0.115,Accept,Reject,Reject
P07,Replay_Video,Standar,60cm,0.343,0.278,0.105,Accept,Reject,Reject
P07,Replay_Video,Standar,60cm,0.284,0.230,0.094,Accept,Reject,Reject
P07,Replay_Video,Standar,60cm,0.318,0.274,0.082,Accept,Reject,Reject
P07,Replay_Video,Standar,60cm,0.293,0.265,0.070,Accept,Reject,Reject
P07,Replay_Video,Standar,60cm,0.275,0.236,0.110,Accept,Reject,Reject
P07,Replay_Video,Standar,60cm,0.366,0.241,0.101,Accept,Accept,Accept
P07,Replay_Video,Standar,60cm,0.219,0.275,0.112,Accept,Reject,Reject
P07,Replay_Video,Terang,30cm,0.200,0.273,0.075,Accept,Reject,Reject
P07,Replay_Video,Terang,30cm,0.287,0.249,0.094,Accept,Reject,Reject
P07,Replay_Video,Terang,30cm,0.245,0.268,0.091,Accept,Reject,Reject
P07,Replay_Video,Terang,30cm,0.308,0.281,0.087,Accept,Reject,Reject
P07,Replay_Video,Terang,30cm,0.314,0.239,0.079,Accept,Reject,Reject
P07,Replay_Video,Terang,30cm,0.278,0.245,0.100,Accept,Reject,Reject
P07,Replay_Video,Terang,30cm,0.282,0.248,0.086,Accept,Reject,Reject
P07,Replay_Video,Terang,30cm,0.229,0.288,0.080,Accept,Reject,Reject
P07,Replay_Video,Terang,30cm,0.323,0.233,0.074,Accept,Reject,Reject
P07,Replay_Video,Terang,30cm,0.205,0.251,0.096,Accept,Reject,Reject
P07,Replay_Video,Terang,45cm,0.351,0.250,0.107,Accept,Reject,Reject
P07,Replay_Video,Terang,45cm,0.230,0.243,0.076,Accept,Reject,Reject
P07,Replay_Video,Terang,45cm,0.259,0.231,0.079,Accept,Reject,Reject
P07,Replay_Video,Terang,45cm,0.276,0.240,0.092,Accept,Reject,Reject
P07,Replay_Video,Terang,45cm,0.240,0.221,0.106,Accept,Reject,Reject
P07,Replay_Video,Terang,45cm,0.344,0.255,0.073,Accept,Reject,Reject
P07,Replay_Video,Terang,45cm,0.208,0.244,0.081,Accept,Reject,Reject
P07,Replay_Video,Terang,45cm,0.329,0.282,0.086,Accept,Reject,Reject
P07,Replay_Video,Terang,45cm,0.314,0.239,0.099,Accept,Reject,Reject
P07,Replay_Video,Terang,45cm,0.254,0.242,0.080,Accept,Reject,Reject
P07,Replay_Video,Terang,60cm,0.267,0.288,0.111,Accept,Reject,Reject
P07,Replay_Video,Terang,60cm,0.270,0.248,0.110,Accept,Reject,Reject
P07,Replay_Video,Terang,60cm,0.262,0.289,0.076,Accept,Reject,Reject
P07,Replay_Video,Terang,60cm,0.261,0.224,0.096,Accept,Reject,Reject
P07,Replay_Video,Terang,60cm,0.333,0.252,0.070,Accept,Reject,Reject
P07,Replay_Video,Terang,60cm,0.353,0.254,0.070,Accept,Reject,Reject
P07,Replay_Video,Terang,60cm,0.292,0.258,0.070,Accept,Reject,Reject
P07,Replay_Video,Terang,60cm,0.335,0.283,0.089,Accept,Reject,Reject
P07,Replay_Video,Terang,60cm,0.256,0.225,0.109,Accept,Reject,Reject
P07,Replay_Video,Terang,60cm,0.358,0.264,0.089,Accept,Reject,Reject
P08,Replay_Video,Redup,30cm,0.336,0.232,0.080,Accept,Reject,Reject
P08,Replay_Video,Redup,30cm,0.350,0.267,0.092,Accept,Reject,Reject
P08,Replay_Video,Redup,30cm,0.223,0.248,0.106,Accept,Reject,Reject
P08,Replay_Video,Redup,30cm,0.243,0.233,0.075,Accept,Reject,Reject
P08,Replay_Video,Redup,30cm,0.215,0.220,0.078,Accept,Reject,Reject
P08,Replay_Video,Redup,30cm,0.309,0.283,0.091,Accept,Reject,Reject
P08,Replay_Video,Redup,30cm,0.219,0.276,0.107,Accept,Reject,Reject
P08,Replay_Video,Redup,30cm,0.302,0.261,0.113,Accept,Reject,Reject
P08,Replay_Video,Redup,30cm,0.316,0.268,0.073,Accept,Reject,Reject
P08,Replay_Video,Redup,30cm,0.341,0.258,0.071,Accept,Reject,Reject
P08,Replay_Video,Redup,45cm,0.292,0.290,0.099,Accept,Reject,Reject
P08,Replay_Video,Redup,45cm,0.326,0.226,0.075,Accept,Reject,Reject
P08,Replay_Video,Redup,45cm,0.275,0.252,0.111,Accept,Reject,Reject
P08,Replay_Video,Redup,45cm,0.353,0.290,0.107,Accept,Reject,Reject
P08,Replay_Video,Redup,45cm,0.369,0.240,0.104,Accept,Reject,Reject
P08,Replay_Video,Redup,45cm,0.370,0.286,0.078,Accept,Reject,Reject
P08,Replay_Video,Redup,45cm,0.333,0.285,0.107,Accept,Reject,Reject
P08,Replay_Video,Redup,45cm,0.287,0.279,0.102,Accept,Reject,Reject
P08,Replay_Video,Redup,45cm,0.303,0.245,0.097,Accept,Reject,Reject
P08,Replay_Video,Redup,45cm,0.322,0.231,0.095,Accept,Reject,Reject
P08,Replay_Video,Redup,60cm,0.297,0.277,0.096,Accept,Reject,Reject
P08,Replay_Video,Redup,60cm,0.376,0.239,0.084,Accept,Reject,Reject
P08,Replay_Video,Redup,60cm,0.343,0.289,0.071,Accept,Reject,Reject
P08,Replay_Video,Redup,60cm,0.379,0.289,0.104,Accept,Reject,Reject
P08,Replay_Video,Redup,60cm,0.309,0.254,0.093,Accept,Reject,Reject
P08,Replay_Video,Redup,60cm,0.373,0.269,0.083,Accept,Reject,Reject
P08,Replay_Video,Redup,60cm,0.282,0.246,0.071,Accept,Reject,Reject
P08,Replay_Video,Redup,60cm,0.372,0.225,0.097,Accept,Reject,Reject
P08,Replay_Video,Redup,60cm,0.282,0.284,0.088,Accept,Reject,Reject
P08,Replay_Video,Redup,60cm,0.295,0.222,0.109,Accept,Reject,Reject
P08,Replay_Video,Standar,30cm,0.284,0.221,0.099,Accept,Reject,Reject
P08,Replay_Video,Standar,30cm,0.193,0.269,0.073,Accept,Reject,Reject
P08,Replay_Video,Standar,30cm,0.228,0.255,0.112,Accept,Reject,Reject
P08,Replay_Video,Standar,30cm,0.271,0.264,0.108,Accept,Reject,Reject
P08,Replay_Video,Standar,30cm,0.258,0.255,0.103,Accept,Reject,Reject
P08,Replay_Video,Standar,30cm,0.177,0.257,0.079,Accept,Reject,Reject
P08,Replay_Video,Standar,30cm,0.258,0.228,0.107,Accept,Reject,Reject
P08,Replay_Video,Standar,30cm,0.307,0.252,0.101,Accept,Reject,Reject
P08,Replay_Video,Standar,30cm,0.274,0.268,0.098,Accept,Reject,Reject
P08,Replay_Video,Standar,30cm,0.270,0.266,0.110,Accept,Reject,Reject
P08,Replay_Video,Standar,45cm,0.313,0.229,0.080,Accept,Reject,Reject
P08,Replay_Video,Standar,45cm,0.223,0.226,0.093,Accept,Reject,Reject
P08,Replay_Video,Standar,45cm,0.316,0.247,0.106,Accept,Reject,Reject
P08,Replay_Video,Standar,45cm,0.222,0.262,0.074,Accept,Reject,Reject
P08,Replay_Video,Standar,45cm,0.215,0.278,0.079,Accept,Reject,Reject
P08,Replay_Video,Standar,45cm,0.322,0.239,0.091,Accept,Reject,Reject
P08,Replay_Video,Standar,45cm,0.250,0.261,0.108,Accept,Reject,Reject
P08,Replay_Video,Standar,45cm,0.248,0.285,0.113,Accept,Reject,Reject
P08,Replay_Video,Standar,45cm,0.305,0.244,0.072,Accept,Reject,Reject
P08,Replay_Video,Standar,45cm,0.302,0.242,0.113,Accept,Reject,Reject
P08,Replay_Video,Standar,60cm,0.298,0.270,0.084,Accept,Reject,Reject
P08,Replay_Video,Standar,60cm,0.324,0.227,0.083,Accept,Reject,Reject
P08,Replay_Video,Standar,60cm,0.229,0.231,0.103,Accept,Reject,Reject
P08,Replay_Video,Standar,60cm,0.262,0.242,0.079,Accept,Reject,Reject
P08,Replay_Video,Standar,60cm,0.363,0.235,0.088,Accept,Reject,Reject
P08,Replay_Video,Standar,60cm,0.283,0.242,0.088,Accept,Reject,Reject
P08,Replay_Video,Standar,60cm,0.285,0.279,0.098,Accept,Reject,Reject
P08,Replay_Video,Standar,60cm,0.319,0.283,0.071,Accept,Reject,Reject
P08,Replay_Video,Standar,60cm,0.312,0.227,0.082,Accept,Reject,Reject
P08,Replay_Video,Standar,60cm,0.347,0.278,0.082,Accept,Reject,Reject
P08,Replay_Video,Terang,30cm,0.205,0.280,0.113,Accept,Reject,Reject
P08,Replay_Video,Terang,30cm,0.277,0.254,0.101,Accept,Reject,Reject
P08,Replay_Video,Terang,30cm,0.298,0.220,0.097,Accept,Reject,Reject
P08,Replay_Video,Terang,30cm,0.219,0.223,0.081,Accept,Reject,Reject
P08,Replay_Video,Terang,30cm,0.234,0.238,0.074,Accept,Reject,Reject
P08,Replay_Video,Terang,30cm,0.199,0.235,0.105,Accept,Reject,Reject
P08,Replay_Video,Terang,30cm,0.318,0.259,0.093,Accept,Reject,Reject
P08,Replay_Video,Terang,30cm,0.316,0.277,0.087,Accept,Reject,Reject
P08,Replay_Video,Terang,30cm,0.244,0.234,0.079,Accept,Reject,Reject
P08,Replay_Video,Terang,30cm,0.206,0.255,0.084,Accept,Reject,Reject
P08,Replay_Video,Terang,45cm,0.261,0.264,0.102,Accept,Reject,Reject
P08,Replay_Video,Terang,45cm,0.281,0.249,0.080,Accept,Reject,Reject
P08,Replay_Video,Terang,45cm,0.282,0.257,0.085,Accept,Reject,Reject
P08,Replay_Video,Terang,45cm,0.323,0.287,0.086,Accept,Reject,Reject
P08,Replay_Video,Terang,45cm,0.245,0.243,0.099,Accept,Reject,Reject
P08,Replay_Video,Terang,45cm,0.305,0.278,0.080,Accept,Reject,Reject
P08,Replay_Video,Terang,45cm,0.258,0.282,0.086,Accept,Reject,Reject
P08,Replay_Video,Terang,45cm,0.275,0.236,0.092,Accept,Reject,Reject
P08,Replay_Video,Terang,45cm,0.327,0.286,0.106,Accept,Reject,Reject
P08,Replay_Video,Terang,45cm,0.343,0.253,0.086,Accept,Reject,Reject
P08,Replay_Video,Terang,60cm,0.287,0.276,0.104,Accept,Reject,Reject
P08,Replay_Video,Terang,60cm,0.267,0.236,0.072,Accept,Reject,Reject
P08,Replay_Video,Terang,60cm,0.259,0.289,0.081,Accept,Reject,Reject
P08,Replay_Video,Terang,60cm,0.323,0.288,0.089,Accept,Reject,Reject
P08,Replay_Video,Terang,60cm,0.322,0.229,0.109,Accept,Reject,Reject
P08,Replay_Video,Terang,60cm,0.353,0.224,0.075,Accept,Reject,Reject
P08,Replay_Video,Terang,60cm,0.349,0.251,0.077,Accept,Reject,Reject
P08,Replay_Video,Terang,60cm,0.269,0.290,0.096,Accept,Reject,Reject
P08,Replay_Video,Terang,60cm,0.268,0.247,0.070,Accept,Reject,Reject
P08,Replay_Video,Terang,60cm,0.246,0.249,0.094,Accept,Reject,Reject
P09,Replay_Video,Redup,30cm,0.296,0.233,0.100,Accept,Reject,Reject
P09,Replay_Video,Redup,30cm,0.248,0.225,0.079,Accept,Reject,Reject
P09,Replay_Video,Redup,30cm,0.257,0.232,0.087,Accept,Reject,Reject
P09,Replay_Video,Redup,30cm,0.225,0.286,0.085,Accept,Reject,Reject
P09,Replay_Video,Redup,30cm,0.325,0.259,0.101,Accept,Reject,Reject
P09,Replay_Video,Redup,30cm,0.230,0.286,0.082,Accept,Reject,Reject
P09,Replay_Video,Redup,30cm,0.254,0.222,0.085,Accept,Reject,Reject
P09,Replay_Video,Redup,30cm,0.262,0.252,0.090,Accept,Reject,Reject
P09,Replay_Video,Redup,30cm,0.342,0.249,0.107,Accept,Reject,Reject
P09,Replay_Video,Redup,30cm,0.276,0.221,0.072,Accept,Reject,Reject
P09,Replay_Video,Redup,45cm,0.303,0.251,0.073,Accept,Reject,Reject
P09,Replay_Video,Redup,45cm,0.363,0.284,0.106,Accept,Reject,Reject
P09,Replay_Video,Redup,45cm,0.269,0.236,0.092,Accept,Reject,Reject
P09,Replay_Video,Redup,45cm,0.372,0.229,0.085,Accept,Reject,Reject
P09,Replay_Video,Redup,45cm,0.248,0.282,0.114,Accept,Reject,Reject
P09,Replay_Video,Redup,45cm,0.298,0.221,0.100,Accept,Reject,Reject
P09,Replay_Video,Redup,45cm,0.309,0.259,0.097,Accept,Reject,Reject
P09,Replay_Video,Redup,45cm,0.315,0.270,0.092,Accept,Reject,Reject
P09,Replay_Video,Redup,45cm,0.254,0.266,0.074,Accept,Reject,Reject
P09,Replay_Video,Redup,45cm,0.239,0.285,0.095,Accept,Reject,Reject
P09,Replay_Video,Redup,60cm,0.254,0.220,0.109,Accept,Reject,Reject
P09,Replay_Video,Redup,60cm,0.382,0.285,0.109,Accept,Reject,Reject
P09,Replay_Video,Redup,60cm,0.374,0.223,0.102,Accept,Reject,Reject
P09,Replay_Video,Redup,60cm,0.367,0.287,0.076,Accept,Reject,Reject
P09,Replay_Video,Redup,60cm,0.375,0.245,0.109,Accept,Reject,Reject
P09,Replay_Video,Redup,60cm,0.315,0.287,0.111,Accept,Reject,Reject
P09,Replay_Video,Redup,60cm,0.354,0.272,0.100,Accept,Reject,Reject
P09,Replay_Video,Redup,60cm,0.339,0.275,0.081,Accept,Reject,Reject
P09,Replay_Video,Redup,60cm,0.391,0.253,0.071,Accept,Reject,Reject
P09,Replay_Video,Redup,60cm,0.321,0.234,0.110,Accept,Reject,Reject
P09,Replay_Video,Standar,30cm,0.203,0.278,0.075,Accept,Reject,Reject
P09,Replay_Video,Standar,30cm,0.312,0.284,0.096,Accept,Reject,Reject
P09,Replay_Video,Standar,30cm,0.281,0.233,0.088,Accept,Reject,Reject
P09,Replay_Video,Standar,30cm,0.287,0.288,0.088,Accept,Reject,Reject
P09,Replay_Video,Standar,30cm,0.260,0.234,0.078,Accept,Reject,Reject
P09,Replay_Video,Standar,30cm,0.202,0.279,0.097,Accept,Reject,Reject
P09,Replay_Video,Standar,30cm,0.197,0.283,0.088,Accept,Reject,Reject
P09,Replay_Video,Standar,30cm,0.292,0.232,0.083,Accept,Reject,Reject
P09,Replay_Video,Standar,30cm,0.286,0.225,0.071,Accept,Reject,Reject
P09,Replay_Video,Standar,30cm,0.199,0.262,0.089,Accept,Reject,Reject
P09,Replay_Video,Standar,45cm,0.323,0.251,0.110,Accept,Reject,Reject
P09,Replay_Video,Standar,45cm,0.272,0.286,0.076,Accept,Reject,Reject
P09,Replay_Video,Standar,45cm,0.334,0.259,0.078,Accept,Reject,Reject
P09,Replay_Video,Standar,45cm,0.216,0.243,0.094,Accept,Reject,Reject
P09,Replay_Video,Standar,45cm,0.252,0.290,0.104,Accept,Reject,Reject
P09,Replay_Video,Standar,45cm,0.286,0.283,0.072,Accept,Reject,Reject
P09,Replay_Video,Standar,45cm,0.271,0.286,0.082,Accept,Reject,Reject
P09,Replay_Video,Standar,45cm,0.266,0.281,0.087,Accept,Reject,Reject
P09,Replay_Video,Standar,45cm,0.240,0.245,0.098,Accept,Reject,Reject
P09,Replay_Video,Standar,45cm,0.296,0.236,0.074,Accept,Reject,Reject
P09,Replay_Video,Standar,60cm,0.238,0.254,0.112,Accept,Reject,Reject
P09,Replay_Video,Standar,60cm,0.263,0.256,0.112,Accept,Reject,Reject
P09,Replay_Video,Standar,60cm,0.307,0.274,0.074,Accept,Reject,Reject
P09,Replay_Video,Standar,60cm,0.337,0.254,0.097,Accept,Reject,Reject
P09,Replay_Video,Standar,60cm,0.310,0.286,0.114,Accept,Reject,Reject
P09,Replay_Video,Standar,60cm,0.309,0.246,0.113,Accept,Reject,Reject
P09,Replay_Video,Standar,60cm,0.347,0.272,0.073,Accept,Reject,Reject
P09,Replay_Video,Standar,60cm,0.257,0.248,0.091,Accept,Reject,Reject
P09,Replay_Video,Standar,60cm,0.336,0.259,0.107,Accept,Reject,Reject
P09,Replay_Video,Standar,60cm,0.358,0.225,0.082,Accept,Reject,Reject
P09,Replay_Video,Terang,30cm,0.311,0.253,0.114,Accept,Reject,Reject
P09,Replay_Video,Terang,30cm,0.292,0.247,0.100,Accept,Reject,Reject
P09,Replay_Video,Terang,30cm,0.230,0.225,0.097,Accept,Reject,Reject
P09,Replay_Video,Terang,30cm,0.272,0.274,0.081,Accept,Reject,Reject
P09,Replay_Video,Terang,30cm,0.226,0.272,0.073,Accept,Reject,Reject
P09,Replay_Video,Terang,30cm,0.186,0.250,0.106,Accept,Reject,Reject
P09,Replay_Video,Terang,30cm,0.299,0.264,0.092,Accept,Reject,Reject
P09,Replay_Video,Terang,30cm,0.212,0.232,0.087,Accept,Reject,Reject
P09,Replay_Video,Terang,30cm,0.295,0.254,0.080,Accept,Reject,Reject
P09,Replay_Video,Terang,30cm,0.252,0.231,0.105,Accept,Reject,Reject
P09,Replay_Video,Terang,45cm,0.251,0.287,0.101,Accept,Reject,Reject
P09,Replay_Video,Terang,45cm,0.272,0.247,0.082,Accept,Reject,Reject
P09,Replay_Video,Terang,45cm,0.218,0.243,0.085,Accept,Reject,Reject
P09,Replay_Video,Terang,45cm,0.287,0.227,0.085,Accept,Reject,Reject
P09,Replay_Video,Terang,45cm,0.259,0.269,0.100,Accept,Reject,Reject
P09,Replay_Video,Terang,45cm,0.264,0.258,0.079,Accept,Reject,Reject
P09,Replay_Video,Terang,45cm,0.217,0.273,0.087,Accept,Reject,Reject
P09,Replay_Video,Terang,45cm,0.223,0.220,0.092,Accept,Reject,Reject
P09,Replay_Video,Terang,45cm,0.258,0.275,0.105,Accept,Reject,Reject
P09,Replay_Video,Terang,45cm,0.312,0.255,0.109,Accept,Reject,Reject
P09,Replay_Video,Terang,60cm,0.238,0.254,0.105,Accept,Reject,Reject
P09,Replay_Video,Terang,60cm,0.254,0.251,0.071,Accept,Reject,Reject
P09,Replay_Video,Terang,60cm,0.276,0.232,0.082,Accept,Reject,Reject
P09,Replay_Video,Terang,60cm,0.325,0.282,0.090,Accept,Reject,Reject
P09,Replay_Video,Terang,60cm,0.288,0.230,0.109,Accept,Reject,Reject
P09,Replay_Video,Terang,60cm,0.379,0.255,0.076,Accept,Reject,Reject
P09,Replay_Video,Terang,60cm,0.370,0.287,0.076,Accept,Reject,Reject
P09,Replay_Video,Terang,60cm,0.285,0.222,0.095,Accept,Reject,Reject
P09,Replay_Video,Terang,60cm,0.292,0.260,0.070,Accept,Reject,Reject
P09,Replay_Video,Terang,60cm,0.360,0.251,0.074,Accept,Reject,Reject
P10,Replay_Video,Redup,30cm,0.243,0.269,0.091,Accept,Reject,Reject
P10,Replay_Video,Redup,30cm,0.227,0.265,0.091,Accept,Reject,Reject
P10,Replay_Video,Redup,30cm,0.261,0.259,0.094,Accept,Reject,Reject
P10,Replay_Video,Redup,30cm,0.265,0.273,0.079,Accept,Reject,Reject
P10,Replay_Video,Redup,30cm,0.252,0.228,0.087,Accept,Reject,Reject
P10,Replay_Video,Redup,30cm,0.219,0.264,0.086,Accept,Reject,Reject
P10,Replay_Video,Redup,30cm,0.284,0.278,0.100,Accept,Reject,Reject
P10,Replay_Video,Redup,30cm,0.271,0.271,0.074,Accept,Reject,Reject
P10,Replay_Video,Redup,30cm,0.215,0.276,0.081,Accept,Reject,Reject
P10,Replay_Video,Redup,30cm,0.254,0.223,0.100,Accept,Reject,Reject
P10,Replay_Video,Redup,45cm,0.370,0.272,0.091,Accept,Reject,Reject
P10,Replay_Video,Redup,45cm,0.274,0.247,0.079,Accept,Reject,Reject
P10,Replay_Video,Redup,45cm,0.365,0.278,0.076,Accept,Reject,Reject
P10,Replay_Video,Redup,45cm,0.270,0.233,0.106,Accept,Reject,Reject
P10,Replay_Video,Redup,45cm,0.347,0.236,0.092,Accept,Reject,Reject
P10,Replay_Video,Redup,45cm,0.336,0.239,0.081,Accept,Reject,Reject
P10,Replay_Video,Redup,45cm,0.346,0.266,0.073,Accept,Reject,Reject
P10,Replay_Video,Redup,45cm,0.345,0.232,0.099,Accept,Reject,Reject
P10,Replay_Video,Redup,45cm,0.273,0.289,0.086,Accept,Reject,Reject
P10,Replay_Video,Redup,45cm,0.250,0.271,0.085,Accept,Reject,Reject
P10,Replay_Video,Redup,60cm,0.313,0.234,0.100,Accept,Reject,Reject
P10,Replay_Video,Redup,60cm,0.313,0.245,0.076,Accept,Reject,Reject
P10,Replay_Video,Redup,60cm,0.319,0.222,0.110,Accept,Reject,Reject
P10,Replay_Video,Redup,60cm,0.328,0.246,0.070,Accept,Reject,Reject
P10,Replay_Video,Redup,60cm,0.274,0.274,0.096,Accept,Reject,Reject
P10,Replay_Video,Redup,60cm,0.397,0.244,0.070,Accept,Reject,Reject
P10,Replay_Video,Redup,60cm,0.379,0.254,0.070,Accept,Reject,Reject
P10,Replay_Video,Redup,60cm,0.355,0.227,0.110,Accept,Reject,Reject
P10,Replay_Video,Redup,60cm,0.320,0.231,0.089,Accept,Reject,Reject
P10,Replay_Video,Redup,60cm,0.300,0.275,0.083,Accept,Reject,Reject
P10,Replay_Video,Standar,30cm,0.297,0.244,0.082,Accept,Reject,Reject
P10,Replay_Video,Standar,30cm,0.274,0.277,0.094,Accept,Reject,Reject
P10,Replay_Video,Standar,30cm,0.182,0.233,0.105,Accept,Reject,Reject
P10,Replay_Video,Standar,30cm,0.303,0.262,0.070,Accept,Reject,Reject
P10,Replay_Video,Standar,30cm,0.199,0.220,0.083,Accept,Reject,Reject
P10,Replay_Video,Standar,30cm,0.203,0.284,0.096,Accept,Reject,Reject
P10,Replay_Video,Standar,30cm,0.180,0.236,0.103,Accept,Reject,Reject
P10,Replay_Video,Standar,30cm,0.283,0.253,0.108,Accept,Reject,Reject
P10,Replay_Video,Standar,30cm,0.221,0.232,0.077,Accept,Reject,Reject
P10,Replay_Video,Standar,30cm,0.292,0.232,0.097,Accept,Reject,Reject
P10,Replay_Video,Standar,45cm,0.334,0.280,0.099,Accept,Reject,Reject
P10,Replay_Video,Standar,45cm,0.322,0.285,0.075,Accept,Reject,Reject
P10,Replay_Video,Standar,45cm,0.283,0.252,0.110,Accept,Reject,Reject
P10,Replay_Video,Standar,45cm,0.200,0.261,0.115,Accept,Reject,Reject
P10,Replay_Video,Standar,45cm,0.327,0.225,0.096,Accept,Reject,Reject
P10,Replay_Video,Standar,45cm,0.239,0.271,0.070,Accept,Reject,Reject
P10,Replay_Video,Standar,45cm,0.231,0.258,0.115,Accept,Reject,Reject
P10,Replay_Video,Standar,45cm,0.198,0.226,0.110,Accept,Reject,Reject
P10,Replay_Video,Standar,45cm,0.324,0.275,0.089,Accept,Reject,Reject
P10,Replay_Video,Standar,45cm,0.326,0.235,0.082,Accept,Reject,Reject
P10,Replay_Video,Standar,60cm,0.343,0.262,0.091,Accept,Reject,Reject
P10,Replay_Video,Standar,60cm,0.245,0.230,0.078,Accept,Reject,Reject
P10,Replay_Video,Standar,60cm,0.282,0.252,0.075,Accept,Reject,Reject
P10,Replay_Video,Standar,60cm,0.303,0.235,0.106,Accept,Reject,Reject
P10,Replay_Video,Standar,60cm,0.271,0.244,0.091,Accept,Reject,Reject
P10,Replay_Video,Standar,60cm,0.340,0.253,0.080,Accept,Reject,Reject
P10,Replay_Video,Standar,60cm,0.220,0.257,0.073,Accept,Reject,Reject
P10,Replay_Video,Standar,60cm,0.262,0.244,0.100,Accept,Reject,Reject
P10,Replay_Video,Standar,60cm,0.360,0.276,0.086,Accept,Reject,Reject
P10,Replay_Video,Standar,60cm,0.222,0.237,0.087,Accept,Reject,Reject
P10,Replay_Video,Terang,30cm,0.322,0.261,0.103,Accept,Reject,Reject
P10,Replay_Video,Terang,30cm,0.254,0.279,0.079,Accept,Reject,Reject
P10,Replay_Video,Terang,30cm,0.205,0.241,0.106,Accept,Reject,Reject
P10,Replay_Video,Terang,30cm,0.322,0.240,0.112,Accept,Reject,Reject
P10,Replay_Video,Terang,30cm,0.246,0.283,0.099,Accept,Reject,Reject
P10,Replay_Video,Terang,30cm,0.195,0.247,0.074,Accept,Reject,Reject
P10,Replay_Video,Terang,30cm,0.271,0.243,0.112,Accept,Reject,Reject
P10,Replay_Video,Terang,30cm,0.336,0.235,0.107,Accept,Accept,Accept
P10,Replay_Video,Terang,30cm,0.323,0.220,0.093,Accept,Reject,Reject
P10,Replay_Video,Terang,30cm,0.190,0.276,0.091,Accept,Reject,Reject
P10,Replay_Video,Terang,45cm,0.281,0.266,0.079,Accept,Reject,Reject
P10,Replay_Video,Terang,45cm,0.326,0.223,0.091,Accept,Reject,Reject
P10,Replay_Video,Terang,45cm,0.238,0.254,0.109,Accept,Reject,Reject
P10,Replay_Video,Terang,45cm,0.328,0.223,0.073,Accept,Reject,Reject
P10,Replay_Video,Terang,45cm,0.283,0.242,0.079,Accept,Reject,Reject
P10,Replay_Video,Terang,45cm,0.350,0.242,0.093,Accept,Reject,Reject
P10,Replay_Video,Terang,45cm,0.255,0.254,0.106,Accept,Reject,Reject
P10,Replay_Video,Terang,45cm,0.227,0.240,0.111,Accept,Reject,Reject
P10,Replay_Video,Terang,45cm,0.312,0.284,0.074,Accept,Reject,Reject
P10,Replay_Video,Terang,45cm,0.311,0.264,0.082,Accept,Reject,Reject
P10,Replay_Video,Terang,60cm,0.266,0.282,0.088,Accept,Reject,Reject
P10,Replay_Video,Terang,60cm,0.253,0.277,0.088,Accept,Reject,Reject
P10,Replay_Video,Terang,60cm,0.353,0.255,0.098,Accept,Reject,Reject
P10,Replay_Video,Terang,60cm,0.326,0.250,0.082,Accept,Reject,Reject
P10,Replay_Video,Terang,60cm,0.324,0.222,0.084,Accept,Reject,Reject
P10,Replay_Video,Terang,60cm,0.380,0.259,0.083,Accept,Reject,Reject
P10,Replay_Video,Terang,60cm,0.361,0.256,0.103,Accept,Reject,Reject
P10,Replay_Video,Terang,60cm,0.273,0.223,0.076,Accept,Reject,Reject
P10,Replay_Video,Terang,60cm,0.271,0.282,0.077,Accept,Reject,Reject
P10,Replay_Video,Terang,60cm,0.355,0.248,0.074,Accept,Reject,Reject
P11,Replay_Video,Redup,30cm,0.299,0.261,0.101,Accept,Reject,Reject
P11,Replay_Video,Redup,30cm,0.218,0.285,0.113,Accept,Reject,Reject
P11,Replay_Video,Redup,30cm,0.328,0.251,0.084,Accept,Reject,Reject
P11,Replay_Video,Redup,30cm,0.238,0.244,0.093,Accept,Reject,Reject
P11,Replay_Video,Redup,30cm,0.354,0.277,0.107,Accept,Accept,Accept
P11,Replay_Video,Redup,30cm,0.278,0.277,0.072,Accept,Reject,Reject
P11,Replay_Video,Redup,30cm,0.306,0.283,0.081,Accept,Reject,Reject
P11,Replay_Video,Redup,30cm,0.337,0.256,0.099,Accept,Reject,Reject
P11,Replay_Video,Redup,30cm,0.325,0.264,0.112,Accept,Reject,Reject
P11,Replay_Video,Redup,30cm,0.246,0.257,0.100,Accept,Reject,Reject
P11,Replay_Video,Redup,45cm,0.325,0.227,0.114,Accept,Reject,Reject
P11,Replay_Video,Redup,45cm,0.259,0.228,0.113,Accept,Reject,Reject
P11,Replay_Video,Redup,45cm,0.286,0.270,0.097,Accept,Reject,Reject
P11,Replay_Video,Redup,45cm,0.339,0.238,0.074,Accept,Reject,Reject
P11,Replay_Video,Redup,45cm,0.343,0.283,0.111,Accept,Reject,Reject
P11,Replay_Video,Redup,45cm,0.235,0.249,0.113,Accept,Reject,Reject
P11,Replay_Video,Redup,45cm,0.376,0.236,0.098,Accept,Reject,Reject
P11,Replay_Video,Redup,45cm,0.308,0.284,0.079,Accept,Reject,Reject
P11,Replay_Video,Redup,45cm,0.249,0.247,0.073,Accept,Reject,Reject
P11,Replay_Video,Redup,45cm,0.286,0.285,0.084,Accept,Reject,Reject
P11,Replay_Video,Redup,60cm,0.343,0.239,0.071,Accept,Reject,Reject
P11,Replay_Video,Redup,60cm,0.396,0.285,0.105,Accept,Accept,Reject
P11,Replay_Video,Redup,60cm,0.255,0.232,0.093,Accept,Reject,Reject
P11,Replay_Video,Redup,60cm,0.345,0.239,0.077,Accept,Reject,Reject
P11,Replay_Video,Redup,60cm,0.286,0.269,0.076,Accept,Reject,Reject
P11,Replay_Video,Redup,60cm,0.289,0.266,0.108,Accept,Reject,Reject
P11,Replay_Video,Redup,60cm,0.333,0.275,0.089,Accept,Reject,Reject
P11,Replay_Video,Redup,60cm,0.294,0.268,0.084,Accept,Reject,Reject
P11,Replay_Video,Redup,60cm,0.341,0.278,0.082,Accept,Reject,Reject
P11,Replay_Video,Redup,60cm,0.291,0.246,0.084,Accept,Reject,Reject
P11,Replay_Video,Standar,30cm,0.289,0.260,0.101,Accept,Reject,Reject
P11,Replay_Video,Standar,30cm,0.297,0.252,0.114,Accept,Reject,Reject
P11,Replay_Video,Standar,30cm,0.313,0.251,0.085,Accept,Reject,Reject
P11,Replay_Video,Standar,30cm,0.243,0.245,0.092,Accept,Reject,Reject
P11,Replay_Video,Standar,30cm,0.296,0.239,0.106,Accept,Reject,Reject
P11,Replay_Video,Standar,30cm,0.304,0.277,0.073,Accept,Reject,Reject
P11,Replay_Video,Standar,30cm,0.173,0.250,0.081,Accept,Reject,Reject
P11,Replay_Video,Standar,30cm,0.236,0.259,0.086,Accept,Reject,Reject
P11,Replay_Video,Standar,30cm,0.246,0.233,0.099,Accept,Reject,Reject
P11,Replay_Video,Standar,30cm,0.229,0.235,0.106,Accept,Reject,Reject
P11,Replay_Video,Standar,45cm,0.331,0.258,0.081,Accept,Reject,Reject
P11,Replay_Video,Standar,45cm,0.338,0.231,0.101,Accept,Accept,Reject
P11,Replay_Video,Standar,45cm,0.313,0.238,0.085,Accept,Reject,Reject
P11,Replay_Video,Standar,45cm,0.331,0.268,0.087,Accept,Reject,Reject
P11,Replay_Video,Standar,45cm,0.247,0.281,0.079,Accept,Reject,Reject
P11,Replay_Video,Standar,45cm,0.216,0.289,0.100,Accept,Reject,Reject
P11,Replay_Video,Standar,45cm,0.220,0.238,0.085,Accept,Reject,Reject
P11,Replay_Video,Standar,45cm,0.270,0.251,0.080,Accept,Reject,Reject
P11,Replay_Video,Standar,45cm,0.335,0.248,0.074,Accept,Reject,Reject
P11,Replay_Video,Standar,45cm,0.330,0.251,0.109,Accept,Reject,Reject
P11,Replay_Video,Standar,60cm,0.251,0.272,0.071,Accept,Reject,Reject
P11,Replay_Video,Standar,60cm,0.321,0.284,0.105,Accept,Reject,Reject
P11,Replay_Video,Standar,60cm,0.243,0.269,0.094,Accept,Reject,Reject
P11,Replay_Video,Standar,60cm,0.346,0.273,0.076,Accept,Reject,Reject
P11,Replay_Video,Standar,60cm,0.232,0.269,0.076,Accept,Reject,Reject
P11,Replay_Video,Standar,60cm,0.248,0.232,0.109,Accept,Reject,Reject
P11,Replay_Video,Standar,60cm,0.269,0.275,0.089,Accept,Reject,Reject
P11,Replay_Video,Standar,60cm,0.273,0.238,0.071,Accept,Reject,Reject
P11,Replay_Video,Standar,60cm,0.331,0.280,0.115,Accept,Reject,Reject
P11,Replay_Video,Standar,60cm,0.322,0.246,0.075,Accept,Reject,Reject
P11,Replay_Video,Terang,30cm,0.219,0.234,0.104,Accept,Reject,Reject
P11,Replay_Video,Terang,30cm,0.302,0.270,0.078,Accept,Reject,Reject
P11,Replay_Video,Terang,30cm,0.260,0.243,0.107,Accept,Reject,Reject
P11,Replay_Video,Terang,30cm,0.196,0.261,0.113,Accept,Reject,Reject
P11,Replay_Video,Terang,30cm,0.234,0.220,0.099,Accept,Reject,Reject
P11,Replay_Video,Terang,30cm,0.278,0.234,0.075,Accept,Reject,Reject
P11,Replay_Video,Terang,30cm,0.287,0.288,0.111,Accept,Reject,Reject
P11,Replay_Video,Terang,30cm,0.233,0.287,0.106,Accept,Reject,Reject
P11,Replay_Video,Terang,30cm,0.250,0.271,0.093,Accept,Reject,Reject
P11,Replay_Video,Terang,30cm,0.309,0.281,0.110,Accept,Reject,Reject
P11,Replay_Video,Terang,45cm,0.332,0.289,0.078,Accept,Reject,Reject
P11,Replay_Video,Terang,45cm,0.287,0.223,0.091,Accept,Reject,Reject
P11,Replay_Video,Terang,45cm,0.349,0.243,0.107,Accept,Reject,Reject
P11,Replay_Video,Terang,45cm,0.320,0.263,0.072,Accept,Reject,Reject
P11,Replay_Video,Terang,45cm,0.304,0.226,0.080,Accept,Reject,Reject
P11,Replay_Video,Terang,45cm,0.215,0.251,0.092,Accept,Reject,Reject
P11,Replay_Video,Terang,45cm,0.325,0.275,0.106,Accept,Reject,Reject
P11,Replay_Video,Terang,45cm,0.322,0.267,0.112,Accept,Reject,Reject
P11,Replay_Video,Terang,45cm,0.219,0.242,0.073,Accept,Reject,Reject
P11,Replay_Video,Terang,45cm,0.335,0.225,0.102,Accept,Reject,Reject
P11,Replay_Video,Terang,60cm,0.340,0.289,0.088,Accept,Reject,Reject
P11,Replay_Video,Terang,60cm,0.262,0.253,0.087,Accept,Reject,Reject
P11,Replay_Video,Terang,60cm,0.367,0.225,0.099,Accept,Reject,Reject
P11,Replay_Video,Terang,60cm,0.294,0.245,0.083,Accept,Reject,Reject
P11,Replay_Video,Terang,60cm,0.316,0.225,0.083,Accept,Reject,Reject
P11,Replay_Video,Terang,60cm,0.341,0.224,0.083,Accept,Reject,Reject
P11,Replay_Video,Terang,60cm,0.293,0.223,0.102,Accept,Reject,Reject
P11,Replay_Video,Terang,60cm,0.266,0.223,0.076,Accept,Reject,Reject
P11,Replay_Video,Terang,60cm,0.332,0.223,0.078,Accept,Reject,Reject
P11,Replay_Video,Terang,60cm,0.331,0.225,0.102,Accept,Reject,Reject
P12,Replay_Video,Redup,30cm,0.220,0.284,0.084,Accept,Reject,Reject
P12,Replay_Video,Redup,30cm,0.320,0.276,0.084,Accept,Reject,Reject
P12,Replay_Video,Redup,30cm,0.229,0.280,0.081,Accept,Reject,Reject
P12,Replay_Video,Redup,30cm,0.307,0.259,0.100,Accept,Reject,Reject
P12,Replay_Video,Redup,30cm,0.331,0.287,0.085,Accept,Reject,Reject
P12,Replay_Video,Redup,30cm,0.264,0.262,0.087,Accept,Reject,Reject
P12,Replay_Video,Redup,30cm,0.307,0.248,0.079,Accept,Reject,Reject
P12,Replay_Video,Redup,30cm,0.301,0.243,0.106,Accept,Reject,Reject
P12,Replay_Video,Redup,30cm,0.261,0.257,0.093,Accept,Reject,Reject
P12,Replay_Video,Redup,30cm,0.238,0.283,0.099,Accept,Reject,Reject
P12,Replay_Video,Redup,45cm,0.283,0.237,0.085,Accept,Reject,Reject
P12,Replay_Video,Redup,45cm,0.336,0.269,0.097,Accept,Reject,Reject
P12,Replay_Video,Redup,45cm,0.253,0.221,0.101,Accept,Reject,Reject
P12,Replay_Video,Redup,45cm,0.245,0.289,0.073,Accept,Reject,Reject
P12,Replay_Video,Redup,45cm,0.287,0.221,0.081,Accept,Reject,Reject
P12,Replay_Video,Redup,45cm,0.318,0.281,0.092,Accept,Reject,Reject
P12,Replay_Video,Redup,45cm,0.351,0.267,0.106,Accept,Reject,Reject
P12,Replay_Video,Redup,45cm,0.274,0.280,0.079,Accept,Reject,Reject
P12,Replay_Video,Redup,45cm,0.336,0.258,0.086,Accept,Reject,Reject
P12,Replay_Video,Redup,45cm,0.282,0.262,0.083,Accept,Reject,Reject
P12,Replay_Video,Redup,60cm,0.305,0.289,0.076,Accept,Reject,Reject
P12,Replay_Video,Redup,60cm,0.286,0.284,0.100,Accept,Reject,Reject
P12,Replay_Video,Redup,60cm,0.279,0.222,0.111,Accept,Reject,Reject
P12,Replay_Video,Redup,60cm,0.356,0.263,0.109,Accept,Reject,Reject
P12,Replay_Video,Redup,60cm,0.389,0.239,0.077,Accept,Reject,Reject
P12,Replay_Video,Redup,60cm,0.300,0.263,0.102,Accept,Reject,Reject
P12,Replay_Video,Redup,60cm,0.371,0.266,0.109,Accept,Reject,Reject
P12,Replay_Video,Redup,60cm,0.370,0.228,0.114,Accept,Reject,Reject
P12,Replay_Video,Redup,60cm,0.253,0.259,0.083,Accept,Reject,Reject
P12,Replay_Video,Redup,60cm,0.402,0.283,0.086,Reject,Reject,Reject
P12,Replay_Video,Standar,30cm,0.238,0.258,0.087,Accept,Reject,Reject
P12,Replay_Video,Standar,30cm,0.273,0.289,0.086,Accept,Reject,Reject
P12,Replay_Video,Standar,30cm,0.308,0.223,0.100,Accept,Reject,Reject
P12,Replay_Video,Standar,30cm,0.306,0.229,0.082,Accept,Reject,Reject
P12,Replay_Video,Standar,30cm,0.271,0.259,0.085,Accept,Reject,Reject
P12,Replay_Video,Standar,30cm,0.186,0.262,0.085,Accept,Reject,Reject
P12,Replay_Video,Standar,30cm,0.314,0.262,0.101,Accept,Accept,Reject
P12,Replay_Video,Standar,30cm,0.266,0.272,0.075,Accept,Reject,Reject
P12,Replay_Video,Standar,30cm,0.317,0.289,0.079,Accept,Reject,Reject
P12,Replay_Video,Standar,30cm,0.294,0.255,0.106,Accept,Reject,Reject
P12,Replay_Video,Standar,45cm,0.198,0.273,0.092,Accept,Reject,Reject
P12,Replay_Video,Standar,45cm,0.301,0.288,0.081,Accept,Reject,Reject
P12,Replay_Video,Standar,45cm,0.201,0.255,0.073,Accept,Reject,Reject
P12,Replay_Video,Standar,45cm,0.282,0.272,0.100,Accept,Reject,Reject
P12,Replay_Video,Standar,45cm,0.342,0.286,0.097,Accept,Reject,Reject
P12,Replay_Video,Standar,45cm,0.320,0.247,0.085,Accept,Reject,Reject
P12,Replay_Video,Standar,45cm,0.309,0.272,0.114,Accept,Reject,Reject
P12,Replay_Video,Standar,45cm,0.193,0.221,0.095,Accept,Reject,Reject
P12,Replay_Video,Standar,45cm,0.272,0.281,0.090,Accept,Reject,Reject
P12,Replay_Video,Standar,45cm,0.319,0.272,0.070,Accept,Reject,Reject
P12,Replay_Video,Standar,60cm,0.223,0.273,0.102,Accept,Reject,Reject
P12,Replay_Video,Standar,60cm,0.274,0.248,0.077,Accept,Reject,Reject
P12,Replay_Video,Standar,60cm,0.216,0.237,0.109,Accept,Reject,Reject
P12,Replay_Video,Standar,60cm,0.259,0.253,0.111,Accept,Reject,Reject
P12,Replay_Video,Standar,60cm,0.356,0.285,0.100,Accept,Reject,Reject
P12,Replay_Video,Standar,60cm,0.280,0.220,0.076,Accept,Reject,Reject
P12,Replay_Video,Standar,60cm,0.260,0.221,0.109,Accept,Reject,Reject
P12,Replay_Video,Standar,60cm,0.285,0.247,0.104,Accept,Reject,Reject
P12,Replay_Video,Standar,60cm,0.233,0.262,0.095,Accept,Reject,Reject
P12,Replay_Video,Standar,60cm,0.252,0.287,0.113,Accept,Reject,Reject
P12,Replay_Video,Terang,30cm,0.191,0.282,0.102,Accept,Reject,Reject
P12,Replay_Video,Terang,30cm,0.270,0.246,0.077,Accept,Reject,Reject
P12,Replay_Video,Terang,30cm,0.230,0.244,0.109,Accept,Reject,Reject
P12,Replay_Video,Terang,30cm,0.263,0.260,0.111,Accept,Reject,Reject
P12,Replay_Video,Terang,30cm,0.193,0.282,0.100,Accept,Reject,Reject
P12,Replay_Video,Terang,30cm,0.257,0.229,0.076,Accept,Reject,Reject
P12,Replay_Video,Terang,30cm,0.223,0.221,0.109,Accept,Reject,Reject
P12,Replay_Video,Terang,30cm,0.241,0.250,0.104,Accept,Reject,Reject
P12,Replay_Video,Terang,30cm,0.322,0.256,0.095,Accept,Reject,Reject
P12,Replay_Video,Terang,30cm,0.320,0.266,0.090,Accept,Reject,Reject
P12,Replay_Video,Terang,45cm,0.350,0.261,0.076,Accept,Reject,Reject
P12,Replay_Video,Terang,45cm,0.306,0.262,0.090,Accept,Reject,Reject
P12,Replay_Video,Terang,45cm,0.283,0.234,0.109,Accept,Reject,Reject
P12,Replay_Video,Terang,45cm,0.331,0.241,0.071,Accept,Reject,Reject
P12,Replay_Video,Terang,45cm,0.271,0.263,0.082,Accept,Reject,Reject
P12,Replay_Video,Terang,45cm,0.355,0.221,0.094,Accept,Reject,Reject
P12,Replay_Video,Terang,45cm,0.358,0.256,0.106,Accept,Accept,Accept
P12,Replay_Video,Terang,45cm,0.257,0.235,0.111,Accept,Reject,Reject
P12,Replay_Video,Terang,45cm,0.305,0.237,0.075,Accept,Reject,Reject
P12,Replay_Video,Terang,45cm,0.296,0.261,0.074,Accept,Reject,Reject
P12,Replay_Video,Terang,60cm,0.293,0.258,0.087,Accept,Reject,Reject
P12,Replay_Video,Terang,60cm,0.368,0.225,0.086,Accept,Reject,Reject
P12,Replay_Video,Terang,60cm,0.239,0.220,0.100,Accept,Reject,Reject
P12,Replay_Video,Terang,60cm,0.246,0.227,0.082,Accept,Reject,Reject
P12,Replay_Video,Terang,60cm,0.376,0.266,0.085,Accept,Reject,Reject
P12,Replay_Video,Terang,60cm,0.381,0.262,0.085,Accept,Reject,Reject
P12,Replay_Video,Terang,60cm,0.376,0.271,0.101,Accept,Accept,Reject
P12,Replay_Video,Terang,60cm,0.290,0.265,0.075,Accept,Reject,Reject
P12,Replay_Video,Terang,60cm,0.355,0.221,0.079,Accept,Reject,Reject
P12,Replay_Video,Terang,60cm,0.295,0.282,0.083,Accept,Reject,Reject
P13,Replay_Video,Redup,30cm,0.340,0.283,0.075,Accept,Reject,Reject
P13,Replay_Video,Redup,30cm,0.352,0.248,0.108,Accept,Accept,Reject
P13,Replay_Video,Redup,30cm,0.283,0.266,0.092,Accept,Reject,Reject
P13,Replay_Video,Redup,30cm,0.264,0.246,0.080,Accept,Reject,Reject
P13,Replay_Video,Redup,30cm,0.301,0.248,0.073,Accept,Reject,Reject
P13,Replay_Video,Redup,30cm,0.274,0.260,0.107,Accept,Reject,Reject
P13,Replay_Video,Redup,30cm,0.211,0.270,0.092,Accept,Reject,Reject
P13,Replay_Video,Redup,30cm,0.215,0.251,0.073,Accept,Reject,Reject
P13,Replay_Video,Redup,30cm,0.251,0.238,0.112,Accept,Reject,Reject
P13,Replay_Video,Redup,30cm,0.346,0.238,0.098,Accept,Reject,Reject
P13,Replay_Video,Redup,45cm,0.289,0.239,0.107,Accept,Reject,Reject
P13,Replay_Video,Redup,45cm,0.315,0.245,0.107,Accept,Reject,Reject
P13,Replay_Video,Redup,45cm,0.373,0.234,0.078,Accept,Reject,Reject
P13,Replay_Video,Redup,45cm,0.340,0.277,0.098,Accept,Reject,Reject
P13,Replay_Video,Redup,45cm,0.275,0.282,0.112,Accept,Reject,Reject
P13,Replay_Video,Redup,45cm,0.257,0.240,0.111,Accept,Reject,Reject
P13,Replay_Video,Redup,45cm,0.339,0.221,0.074,Accept,Reject,Reject
P13,Replay_Video,Redup,45cm,0.276,0.255,0.093,Accept,Reject,Reject
P13,Replay_Video,Redup,45cm,0.317,0.240,0.106,Accept,Reject,Reject
P13,Replay_Video,Redup,45cm,0.362,0.237,0.083,Accept,Reject,Reject
P13,Replay_Video,Redup,60cm,0.319,0.240,0.104,Accept,Reject,Reject
P13,Replay_Video,Redup,60cm,0.401,0.271,0.071,Reject,Reject,Reject
P13,Replay_Video,Redup,60cm,0.316,0.286,0.083,Accept,Reject,Reject
P13,Replay_Video,Redup,60cm,0.286,0.262,0.095,Accept,Reject,Reject
P13,Replay_Video,Redup,60cm,0.294,0.282,0.102,Accept,Reject,Reject
P13,Replay_Video,Redup,60cm,0.329,0.279,0.070,Accept,Reject,Reject
P13,Replay_Video,Redup,60cm,0.368,0.238,0.083,Accept,Reject,Reject
P13,Replay_Video,Redup,60cm,0.386,0.285,0.089,Accept,Reject,Reject
P13,Replay_Video,Redup,60cm,0.330,0.222,0.097,Accept,Reject,Reject
P13,Replay_Video,Redup,60cm,0.332,0.288,0.084,Accept,Reject,Reject
P13,Replay_Video,Standar,30cm,0.191,0.257,0.070,Accept,Reject,Reject
P13,Replay_Video,Standar,30cm,0.221,0.262,0.070,Accept,Reject,Reject
P13,Replay_Video,Standar,30cm,0.225,0.251,0.070,Accept,Reject,Reject
P13,Replay_Video,Standar,30cm,0.286,0.223,0.100,Accept,Reject,Reject
P13,Replay_Video,Standar,30cm,0.317,0.258,0.111,Accept,Accept,Reject
P13,Replay_Video,Standar,30cm,0.307,0.284,0.110,Accept,Reject,Reject
P13,Replay_Video,Standar,30cm,0.278,0.237,0.076,Accept,Reject,Reject
P13,Replay_Video,Standar,30cm,0.303,0.255,0.094,Accept,Reject,Reject
P13,Replay_Video,Standar,30cm,0.247,0.233,0.104,Accept,Reject,Reject
P13,Replay_Video,Standar,30cm,0.284,0.252,0.103,Accept,Reject,Reject
P13,Replay_Video,Standar,45cm,0.301,0.248,0.115,Accept,Reject,Reject
P13,Replay_Video,Standar,45cm,0.309,0.283,0.102,Accept,Reject,Reject
P13,Replay_Video,Standar,45cm,0.229,0.253,0.096,Accept,Reject,Reject
P13,Replay_Video,Standar,45cm,0.225,0.249,0.082,Accept,Reject,Reject
P13,Replay_Video,Standar,45cm,0.312,0.240,0.070,Accept,Reject,Reject
P13,Replay_Video,Standar,45cm,0.276,0.252,0.105,Accept,Reject,Reject
P13,Replay_Video,Standar,45cm,0.330,0.274,0.094,Accept,Reject,Reject
P13,Replay_Video,Standar,45cm,0.247,0.247,0.075,Accept,Reject,Reject
P13,Replay_Video,Standar,45cm,0.313,0.262,0.110,Accept,Reject,Reject
P13,Replay_Video,Standar,45cm,0.239,0.255,0.082,Accept,Reject,Reject
P13,Replay_Video,Standar,60cm,0.237,0.279,0.079,Accept,Reject,Reject
P13,Replay_Video,Standar,60cm,0.342,0.281,0.100,Accept,Reject,Reject
P13,Replay_Video,Standar,60cm,0.325,0.267,0.086,Accept,Reject,Reject
P13,Replay_Video,Standar,60cm,0.263,0.262,0.091,Accept,Reject,Reject
P13,Replay_Video,Standar,60cm,0.217,0.278,0.075,Accept,Reject,Reject
P13,Replay_Video,Standar,60cm,0.316,0.257,0.094,Accept,Reject,Reject
P13,Replay_Video,Standar,60cm,0.341,0.261,0.091,Accept,Reject,Reject
P13,Replay_Video,Standar,60cm,0.278,0.243,0.086,Accept,Reject,Reject
P13,Replay_Video,Standar,60cm,0.232,0.274,0.113,Accept,Reject,Reject
P13,Replay_Video,Standar,60cm,0.289,0.238,0.086,Accept,Reject,Reject
P13,Replay_Video,Terang,30cm,0.264,0.254,0.102,Accept,Reject,Reject
P13,Replay_Video,Terang,30cm,0.197,0.268,0.078,Accept,Reject,Reject
P13,Replay_Video,Terang,30cm,0.210,0.253,0.108,Accept,Reject,Reject
P13,Replay_Video,Terang,30cm,0.221,0.254,0.110,Accept,Reject,Reject
P13,Replay_Video,Terang,30cm,0.254,0.286,0.101,Accept,Reject,Reject
P13,Replay_Video,Terang,30cm,0.225,0.253,0.075,Accept,Reject,Reject
P13,Replay_Video,Terang,30cm,0.192,0.260,0.111,Accept,Reject,Reject
P13,Replay_Video,Terang,30cm,0.205,0.253,0.105,Accept,Reject,Reject
P13,Replay_Video,Terang,30cm,0.195,0.264,0.094,Accept,Reject,Reject
P13,Replay_Video,Terang,30cm,0.214,0.271,0.073,Accept,Reject,Reject
P13,Replay_Video,Terang,45cm,0.286,0.280,0.077,Accept,Reject,Reject
P13,Replay_Video,Terang,45cm,0.328,0.234,0.089,Accept,Reject,Reject
P13,Replay_Video,Terang,45cm,0.240,0.221,0.110,Accept,Reject,Reject
P13,Replay_Video,Terang,45cm,0.308,0.242,0.072,Accept,Reject,Reject
P13,Replay_Video,Terang,45cm,0.309,0.255,0.081,Accept,Reject,Reject
P13,Replay_Video,Terang,45cm,0.245,0.258,0.094,Accept,Reject,Reject
P13,Replay_Video,Terang,45cm,0.254,0.277,0.104,Accept,Reject,Reject
P13,Replay_Video,Terang,45cm,0.344,0.237,0.110,Accept,Reject,Reject
P13,Replay_Video,Terang,45cm,0.345,0.233,0.076,Accept,Reject,Reject
P13,Replay_Video,Terang,45cm,0.276,0.249,0.103,Accept,Reject,Reject
P13,Replay_Video,Terang,60cm,0.341,0.223,0.086,Accept,Reject,Reject
P13,Replay_Video,Terang,60cm,0.328,0.222,0.086,Accept,Reject,Reject
P13,Replay_Video,Terang,60cm,0.278,0.226,0.099,Accept,Reject,Reject
P13,Replay_Video,Terang,60cm,0.263,0.274,0.081,Accept,Reject,Reject
P13,Replay_Video,Terang,60cm,0.307,0.238,0.085,Accept,Reject,Reject
P13,Replay_Video,Terang,60cm,0.340,0.272,0.084,Accept,Reject,Reject
P13,Replay_Video,Terang,60cm,0.276,0.276,0.102,Accept,Reject,Reject
P13,Replay_Video,Terang,60cm,0.313,0.223,0.076,Accept,Reject,Reject
P13,Replay_Video,Terang,60cm,0.377,0.234,0.079,Accept,Reject,Reject
P13,Replay_Video,Terang,60cm,0.342,0.246,0.101,Accept,Reject,Reject
P14,Replay_Video,Redup,30cm,0.265,0.269,0.112,Accept,Reject,Reject
P14,Replay_Video,Redup,30cm,0.234,0.238,0.111,Accept,Reject,Reject
P14,Replay_Video,Redup,30cm,0.354,0.245,0.074,Accept,Reject,Reject
P14,Replay_Video,Redup,30cm,0.344,0.231,0.103,Accept,Reject,Reject
P14,Replay_Video,Redup,30cm,0.245,0.244,0.107,Accept,Reject,Reject
P14,Replay_Video,Redup,30cm,0.223,0.237,0.107,Accept,Reject,Reject
P14,Replay_Video,Redup,30cm,0.267,0.275,0.078,Accept,Reject,Reject
P14,Replay_Video,Redup,30cm,0.334,0.259,0.097,Accept,Reject,Reject
P14,Replay_Video,Redup,30cm,0.322,0.259,0.102,Accept,Reject,Reject
P14,Replay_Video,Redup,30cm,0.235,0.270,0.101,Accept,Reject,Reject
P14,Replay_Video,Redup,45cm,0.354,0.251,0.072,Accept,Reject,Reject
P14,Replay_Video,Redup,45cm,0.355,0.258,0.107,Accept,Reject,Reject
P14,Replay_Video,Redup,45cm,0.265,0.242,0.092,Accept,Reject,Reject
P14,Replay_Video,Redup,45cm,0.334,0.224,0.078,Accept,Reject,Reject
P14,Replay_Video,Redup,45cm,0.292,0.274,0.075,Accept,Reject,Reject
P14,Replay_Video,Redup,45cm,0.339,0.245,0.108,Accept,Reject,Reject
P14,Replay_Video,Redup,45cm,0.276,0.285,0.092,Accept,Reject,Reject
P14,Replay_Video,Redup,45cm,0.344,0.259,0.073,Accept,Reject,Reject
P14,Replay_Video,Redup,45cm,0.324,0.285,0.113,Accept,Reject,Reject
P14,Replay_Video,Redup,45cm,0.298,0.263,0.080,Accept,Reject,Reject
P14,Replay_Video,Redup,60cm,0.276,0.250,0.083,Accept,Reject,Reject
P14,Replay_Video,Redup,60cm,0.392,0.286,0.102,Accept,Reject,Reject
P14,Replay_Video,Redup,60cm,0.311,0.226,0.083,Accept,Reject,Reject
P14,Replay_Video,Redup,60cm,0.335,0.277,0.088,Accept,Reject,Reject
P14,Replay_Video,Redup,60cm,0.367,0.272,0.078,Accept,Reject,Reject
P14,Replay_Video,Redup,60cm,0.377,0.287,0.099,Accept,Reject,Reject
P14,Replay_Video,Redup,60cm,0.271,0.235,0.087,Accept,Reject,Reject
P14,Replay_Video,Redup,60cm,0.346,0.287,0.081,Accept,Reject,Reject
P14,Replay_Video,Redup,60cm,0.377,0.266,0.072,Accept,Reject,Reject
P14,Replay_Video,Redup,60cm,0.292,0.254,0.087,Accept,Reject,Reject
P14,Replay_Video,Standar,30cm,0.284,0.276,0.092,Accept,Reject,Reject
P14,Replay_Video,Standar,30cm,0.203,0.289,0.081,Accept,Reject,Reject
P14,Replay_Video,Standar,30cm,0.286,0.236,0.073,Accept,Reject,Reject
P14,Replay_Video,Standar,30cm,0.285,0.235,0.107,Accept,Reject,Reject
P14,Replay_Video,Standar,30cm,0.308,0.234,0.091,Accept,Reject,Reject
P14,Replay_Video,Standar,30cm,0.173,0.268,0.079,Accept,Reject,Reject
P14,Replay_Video,Standar,30cm,0.209,0.238,0.075,Accept,Reject,Reject
P14,Replay_Video,Standar,30cm,0.228,0.235,0.101,Accept,Reject,Reject
P14,Replay_Video,Standar,30cm,0.207,0.284,0.084,Accept,Reject,Reject
P14,Replay_Video,Standar,30cm,0.218,0.226,0.106,Accept,Reject,Reject
P14,Replay_Video,Standar,45cm,0.263,0.257,0.087,Accept,Reject,Reject
P14,Replay_Video,Standar,45cm,0.260,0.285,0.085,Accept,Reject,Reject
P14,Replay_Video,Standar,45cm,0.254,0.239,0.100,Accept,Reject,Reject
P14,Replay_Video,Standar,45cm,0.333,0.263,0.075,Accept,Reject,Reject
P14,Replay_Video,Standar,45cm,0.195,0.238,0.091,Accept,Reject,Reject
P14,Replay_Video,Standar,45cm,0.294,0.243,0.091,Accept,Reject,Reject
P14,Replay_Video,Standar,45cm,0.235,0.229,0.094,Accept,Reject,Reject
P14,Replay_Video,Standar,45cm,0.342,0.260,0.114,Accept,Accept,Accept
P14,Replay_Video,Standar,45cm,0.203,0.288,0.086,Accept,Reject,Reject
P14,Replay_Video,Standar,45cm,0.278,0.263,0.082,Accept,Reject,Reject
P14,Replay_Video,Standar,60cm,0.286,0.277,0.082,Accept,Reject,Reject
P14,Replay_Video,Standar,60cm,0.294,0.269,0.096,Accept,Reject,Reject
P14,Replay_Video,Standar,60cm,0.361,0.237,0.102,Accept,Accept,Reject
P14,Replay_Video,Standar,60cm,0.253,0.222,0.071,Accept,Reject,Reject
P14,Replay_Video,Standar,60cm,0.272,0.221,0.082,Accept,Reject,Reject
P14,Replay_Video,Standar,60cm,0.281,0.259,0.094,Accept,Reject,Reject
P14,Replay_Video,Standar,60cm,0.333,0.227,0.105,Accept,Reject,Reject
P14,Replay_Video,Standar,60cm,0.261,0.244,0.111,Accept,Reject,Reject
P14,Replay_Video,Standar,60cm,0.301,0.289,0.075,Accept,Reject,Reject
P14,Replay_Video,Standar,60cm,0.306,0.258,0.113,Accept,Reject,Reject
P14,Replay_Video,Terang,30cm,0.192,0.289,0.099,Accept,Reject,Reject
P14,Replay_Video,Terang,30cm,0.274,0.224,0.075,Accept,Reject,Reject
P14,Replay_Video,Terang,30cm,0.234,0.233,0.111,Accept,Reject,Reject
P14,Replay_Video,Terang,30cm,0.253,0.284,0.107,Accept,Reject,Reject
P14,Replay_Video,Terang,30cm,0.317,0.253,0.104,Accept,Reject,Reject
P14,Replay_Video,Terang,30cm,0.226,0.228,0.078,Accept,Reject,Reject
P14,Replay_Video,Terang,30cm,0.190,0.280,0.107,Accept,Reject,Reject
P14,Replay_Video,Terang,30cm,0.203,0.284,0.102,Accept,Reject,Reject
P14,Replay_Video,Terang,30cm,0.223,0.233,0.097,Accept,Reject,Reject
P14,Replay_Video,Terang,30cm,0.285,0.229,0.071,Accept,Reject,Reject
P14,Replay_Video,Terang,45cm,0.242,0.245,0.080,Accept,Reject,Reject
P14,Replay_Video,Terang,45cm,0.216,0.280,0.092,Accept,Reject,Reject
P14,Replay_Video,Terang,45cm,0.342,0.243,0.106,Accept,Reject,Reject
P14,Replay_Video,Terang,45cm,0.252,0.284,0.075,Accept,Reject,Reject
P14,Replay_Video,Terang,45cm,0.213,0.289,0.078,Accept,Reject,Reject
P14,Replay_Video,Terang,45cm,0.278,0.283,0.091,Accept,Reject,Reject
P14,Replay_Video,Terang,45cm,0.281,0.257,0.107,Accept,Reject,Reject
P14,Replay_Video,Terang,45cm,0.253,0.281,0.113,Accept,Reject,Reject
P14,Replay_Video,Terang,45cm,0.214,0.269,0.073,Accept,Reject,Reject
P14,Replay_Video,Terang,45cm,0.237,0.233,0.093,Accept,Reject,Reject
P14,Replay_Video,Terang,60cm,0.304,0.247,0.083,Accept,Reject,Reject
P14,Replay_Video,Terang,60cm,0.361,0.249,0.083,Accept,Reject,Reject
P14,Replay_Video,Terang,60cm,0.318,0.258,0.102,Accept,Reject,Reject
P14,Replay_Video,Terang,60cm,0.376,0.225,0.078,Accept,Reject,Reject
P14,Replay_Video,Terang,60cm,0.273,0.285,0.088,Accept,Reject,Reject
P14,Replay_Video,Terang,60cm,0.298,0.246,0.087,Accept,Reject,Reject
P14,Replay_Video,Terang,60cm,0.354,0.242,0.099,Accept,Reject,Reject
P14,Replay_Video,Terang,60cm,0.241,0.247,0.073,Accept,Reject,Reject
P14,Replay_Video,Terang,60cm,0.309,0.283,0.082,Accept,Reject,Reject
P14,Replay_Video,Terang,60cm,0.253,0.250,0.088,Accept,Reject,Reject
P15,Replay_Video,Redup,30cm,0.248,0.244,0.081,Accept,Reject,Reject
P15,Replay_Video,Redup,30cm,0.305,0.241,0.092,Accept,Reject,Reject
P15,Replay_Video,Redup,30cm,0.255,0.255,0.106,Accept,Reject,Reject
P15,Replay_Video,Redup,30cm,0.296,0.221,0.114,Accept,Reject,Reject
P15,Replay_Video,Redup,30cm,0.273,0.275,0.085,Accept,Reject,Reject
P15,Replay_Video,Redup,30cm,0.212,0.233,0.097,Accept,Reject,Reject
P15,Replay_Video,Redup,30cm,0.271,0.228,0.101,Accept,Reject,Reject
P15,Replay_Video,Redup,30cm,0.351,0.261,0.074,Accept,Reject,Reject
P15,Replay_Video,Redup,30cm,0.329,0.229,0.091,Accept,Reject,Reject
P15,Replay_Video,Redup,30cm,0.348,0.263,0.102,Accept,Reject,Reject
P15,Replay_Video,Redup,45cm,0.286,0.260,0.085,Accept,Reject,Reject
P15,Replay_Video,Redup,45cm,0.313,0.223,0.086,Accept,Reject,Reject
P15,Replay_Video,Redup,45cm,0.300,0.250,0.079,Accept,Reject,Reject
P15,Replay_Video,Redup,45cm,0.371,0.245,0.101,Accept,Reject,Reject
P15,Replay_Video,Redup,45cm,0.264,0.235,0.085,Accept,Reject,Reject
P15,Replay_Video,Redup,45cm,0.361,0.239,0.084,Accept,Reject,Reject
P15,Replay_Video,Redup,45cm,0.270,0.270,0.081,Accept,Reject,Reject
P15,Replay_Video,Redup,45cm,0.304,0.258,0.108,Accept,Reject,Reject
P15,Replay_Video,Redup,45cm,0.304,0.228,0.090,Accept,Reject,Reject
P15,Replay_Video,Redup,45cm,0.307,0.224,0.080,Accept,Reject,Reject
P15,Replay_Video,Redup,60cm,0.342,0.240,0.090,Accept,Reject,Reject
P15,Replay_Video,Redup,60cm,0.357,0.240,0.076,Accept,Reject,Reject
P15,Replay_Video,Redup,60cm,0.271,0.252,0.076,Accept,Reject,Reject
P15,Replay_Video,Redup,60cm,0.379,0.286,0.105,Accept,Reject,Reject
P15,Replay_Video,Redup,60cm,0.265,0.252,0.093,Accept,Reject,Reject
P15,Replay_Video,Redup,60cm,0.302,0.224,0.082,Accept,Reject,Reject
P15,Replay_Video,Redup,60cm,0.400,0.272,0.071,Accept,Reject,Reject
P15,Replay_Video,Redup,60cm,0.283,0.274,0.111,Accept,Reject,Reject
P15,Replay_Video,Redup,60cm,0.255,0.227,0.101,Accept,Reject,Reject
P15,Replay_Video,Redup,60cm,0.322,0.265,0.089,Accept,Reject,Reject
P15,Replay_Video,Standar,30cm,0.238,0.245,0.076,Accept,Reject,Reject
P15,Replay_Video,Standar,30cm,0.289,0.283,0.109,Accept,Reject,Reject
P15,Replay_Video,Standar,30cm,0.284,0.240,0.090,Accept,Reject,Reject
P15,Replay_Video,Standar,30cm,0.266,0.284,0.082,Accept,Reject,Reject
P15,Replay_Video,Standar,30cm,0.295,0.262,0.071,Accept,Reject,Reject
P15,Replay_Video,Standar,30cm,0.213,0.271,0.105,Accept,Reject,Reject
P15,Replay_Video,Standar,30cm,0.183,0.236,0.094,Accept,Reject,Reject
P15,Replay_Video,Standar,30cm,0.205,0.262,0.075,Accept,Reject,Reject
P15,Replay_Video,Standar,30cm,0.277,0.260,0.110,Accept,Reject,Reject
P15,Replay_Video,Standar,30cm,0.237,0.234,0.091,Accept,Reject,Reject
P15,Replay_Video,Standar,45cm,0.284,0.257,0.108,Accept,Reject,Reject
P15,Replay_Video,Standar,45cm,0.210,0.265,0.109,Accept,Reject,Reject
P15,Replay_Video,Standar,45cm,0.281,0.267,0.076,Accept,Reject,Reject
P15,Replay_Video,Standar,45cm,0.206,0.260,0.100,Accept,Reject,Reject
P15,Replay_Video,Standar,45cm,0.303,0.239,0.111,Accept,Reject,Reject
P15,Replay_Video,Standar,45cm,0.250,0.263,0.109,Accept,Reject,Reject
P15,Replay_Video,Standar,45cm,0.315,0.272,0.076,Accept,Reject,Reject
P15,Replay_Video,Standar,45cm,0.226,0.238,0.095,Accept,Reject,Reject
P15,Replay_Video,Standar,45cm,0.322,0.233,0.105,Accept,Reject,Reject
P15,Replay_Video,Standar,45cm,0.252,0.241,0.082,Accept,Reject,Reject
P15,Replay_Video,Standar,60cm,0.347,0.245,0.106,Accept,Reject,Reject
P15,Replay_Video,Standar,60cm,0.325,0.279,0.072,Accept,Reject,Reject
P15,Replay_Video,Standar,60cm,0.298,0.233,0.081,Accept,Reject,Reject
P15,Replay_Video,Standar,60cm,0.317,0.258,0.097,Accept,Reject,Reject
P15,Replay_Video,Standar,60cm,0.292,0.253,0.100,Accept,Reject,Reject
P15,Replay_Video,Standar,60cm,0.297,0.247,0.114,Accept,Reject,Reject
P15,Replay_Video,Standar,60cm,0.343,0.232,0.085,Accept,Reject,Reject
P15,Replay_Video,Standar,60cm,0.254,0.253,0.091,Accept,Reject,Reject
P15,Replay_Video,Standar,60cm,0.360,0.273,0.096,Accept,Reject,Reject
P15,Replay_Video,Standar,60cm,0.365,0.290,0.074,Accept,Reject,Reject
P15,Replay_Video,Terang,30cm,0.195,0.229,0.099,Accept,Reject,Reject
P15,Replay_Video,Terang,30cm,0.297,0.278,0.074,Accept,Reject,Reject
P15,Replay_Video,Terang,30cm,0.229,0.283,0.112,Accept,Reject,Reject
P15,Replay_Video,Terang,30cm,0.334,0.289,0.108,Accept,Accept,Accept
P15,Replay_Video,Terang,30cm,0.304,0.264,0.103,Accept,Reject,Reject
P15,Replay_Video,Terang,30cm,0.256,0.266,0.079,Accept,Reject,Reject
P15,Replay_Video,Terang,30cm,0.307,0.252,0.106,Accept,Reject,Reject
P15,Replay_Video,Terang,30cm,0.198,0.276,0.101,Accept,Reject,Reject
P15,Replay_Video,Terang,30cm,0.317,0.235,0.098,Accept,Reject,Reject
P15,Replay_Video,Terang,30cm,0.296,0.262,0.100,Accept,Reject,Reject
P15,Replay_Video,Terang,45cm,0.290,0.239,0.079,Accept,Reject,Reject
P15,Replay_Video,Terang,45cm,0.336,0.235,0.093,Accept,Reject,Reject
P15,Replay_Video,Terang,45cm,0.332,0.271,0.106,Accept,Reject,Reject
P15,Replay_Video,Terang,45cm,0.305,0.288,0.074,Accept,Reject,Reject
P15,Replay_Video,Terang,45cm,0.217,0.287,0.079,Accept,Reject,Reject
P15,Replay_Video,Terang,45cm,0.300,0.249,0.091,Accept,Reject,Reject
P15,Replay_Video,Terang,45cm,0.227,0.289,0.109,Accept,Reject,Reject
P15,Replay_Video,Terang,45cm,0.267,0.280,0.114,Accept,Reject,Reject
P15,Replay_Video,Terang,45cm,0.285,0.259,0.072,Accept,Reject,Reject
P15,Replay_Video,Terang,45cm,0.216,0.251,0.076,Accept,Reject,Reject
P15,Replay_Video,Terang,60cm,0.284,0.223,0.084,Accept,Reject,Reject
P15,Replay_Video,Terang,60cm,0.268,0.249,0.083,Accept,Reject,Reject
P15,Replay_Video,Terang,60cm,0.349,0.270,0.103,Accept,Reject,Reject
P15,Replay_Video,Terang,60cm,0.365,0.256,0.079,Accept,Reject,Reject
P15,Replay_Video,Terang,60cm,0.259,0.231,0.088,Accept,Reject,Reject
P15,Replay_Video,Terang,60cm,0.296,0.236,0.088,Accept,Reject,Reject
P15,Replay_Video,Terang,60cm,0.252,0.223,0.098,Accept,Reject,Reject
P15,Replay_Video,Terang,60cm,0.293,0.222,0.071,Accept,Reject,Reject
P15,Replay_Video,Terang,60cm,0.274,0.254,0.082,Accept,Reject,Reject
P15,Replay_Video,Terang,60cm,0.268,0.242,0.108,Accept,Reject,Reject
P16,Replay_Video,Redup,30cm,0.329,0.281,0.111,Accept,Reject,Reject
P16,Replay_Video,Redup,30cm,0.242,0.253,0.113,Accept,Reject,Reject
P16,Replay_Video,Redup,30cm,0.249,0.262,0.098,Accept,Reject,Reject
P16,Replay_Video,Redup,30cm,0.312,0.284,0.072,Accept,Reject,Reject
P16,Replay_Video,Redup,30cm,0.239,0.237,0.113,Accept,Reject,Reject
P16,Replay_Video,Redup,30cm,0.355,0.232,0.113,Accept,Accept,Accept
P16,Replay_Video,Redup,30cm,0.346,0.248,0.097,Accept,Reject,Reject
P16,Replay_Video,Redup,30cm,0.271,0.234,0.079,Accept,Reject,Reject
P16,Replay_Video,Redup,30cm,0.303,0.236,0.074,Accept,Reject,Reject
P16,Replay_Video,Redup,30cm,0.224,0.240,0.103,Accept,Reject,Reject
P16,Replay_Video,Redup,45cm,0.332,0.289,0.106,Accept,Reject,Reject
P16,Replay_Video,Redup,45cm,0.351,0.276,0.072,Accept,Reject,Reject
P16,Replay_Video,Redup,45cm,0.376,0.260,0.081,Accept,Reject,Reject
P16,Replay_Video,Redup,45cm,0.233,0.285,0.098,Accept,Reject,Reject
P16,Replay_Video,Redup,45cm,0.316,0.255,0.102,Accept,Reject,Reject
P16,Replay_Video,Redup,45cm,0.235,0.221,0.114,Accept,Reject,Reject
P16,Replay_Video,Redup,45cm,0.375,0.282,0.085,Accept,Reject,Reject
P16,Replay_Video,Redup,45cm,0.367,0.234,0.103,Accept,Reject,Reject
P16,Replay_Video,Redup,45cm,0.300,0.258,0.108,Accept,Reject,Reject
P16,Replay_Video,Redup,45cm,0.295,0.243,0.081,Accept,Reject,Reject
P16,Replay_Video,Redup,60cm,0.309,0.234,0.096,Accept,Reject,Reject
P16,Replay_Video,Redup,60cm,0.386,0.261,0.077,Accept,Reject,Reject
P16,Replay_Video,Redup,60cm,0.392,0.289,0.090,Accept,Reject,Reject
P16,Replay_Video,Redup,60cm,0.334,0.288,0.088,Accept,Reject,Reject
P16,Replay_Video,Redup,60cm,0.353,0.243,0.099,Accept,Reject,Reject
P16,Replay_Video,Redup,60cm,0.322,0.235,0.078,Accept,Reject,Reject
P16,Replay_Video,Redup,60cm,0.365,0.249,0.089,Accept,Reject,Reject
P16,Replay_Video,Redup,60cm,0.312,0.220,0.094,Accept,Reject,Reject
P16,Replay_Video,Redup,60cm,0.352,0.222,0.104,Accept,Reject,Reject
P16,Replay_Video,Redup,60cm,0.344,0.225,0.087,Accept,Reject,Reject
P16,Replay_Video,Standar,30cm,0.291,0.264,0.100,Accept,Reject,Reject
P16,Replay_Video,Standar,30cm,0.245,0.266,0.076,Accept,Reject,Reject
P16,Replay_Video,Standar,30cm,0.314,0.253,0.110,Accept,Accept,Reject
P16,Replay_Video,Standar,30cm,0.295,0.280,0.109,Accept,Reject,Reject
P16,Replay_Video,Standar,30cm,0.319,0.258,0.102,Accept,Accept,Accept
P16,Replay_Video,Standar,30cm,0.268,0.237,0.077,Accept,Reject,Reject
P16,Replay_Video,Standar,30cm,0.223,0.279,0.109,Accept,Reject,Reject
P16,Replay_Video,Standar,30cm,0.262,0.229,0.103,Accept,Reject,Reject
P16,Replay_Video,Standar,30cm,0.198,0.220,0.095,Accept,Reject,Reject
P16,Replay_Video,Standar,30cm,0.241,0.283,0.085,Accept,Reject,Reject
P16,Replay_Video,Standar,45cm,0.300,0.262,0.081,Accept,Reject,Reject
P16,Replay_Video,Standar,45cm,0.240,0.223,0.093,Accept,Reject,Reject
P16,Replay_Video,Standar,45cm,0.331,0.230,0.105,Accept,Reject,Reject
P16,Replay_Video,Standar,45cm,0.238,0.241,0.076,Accept,Reject,Reject
P16,Replay_Video,Standar,45cm,0.246,0.254,0.076,Accept,Reject,Reject
P16,Replay_Video,Standar,45cm,0.284,0.251,0.090,Accept,Reject,Reject
P16,Replay_Video,Standar,45cm,0.308,0.287,0.109,Accept,Reject,Reject
P16,Replay_Video,Standar,45cm,0.330,0.252,0.115,Accept,Reject,Reject
P16,Replay_Video,Standar,45cm,0.317,0.290,0.071,Accept,Reject,Reject
P16,Replay_Video,Standar,45cm,0.194,0.221,0.082,Accept,Reject,Reject
P16,Replay_Video,Standar,60cm,0.251,0.260,0.084,Accept,Reject,Reject
P16,Replay_Video,Standar,60cm,0.281,0.266,0.084,Accept,Reject,Reject
P16,Replay_Video,Standar,60cm,0.328,0.250,0.101,Accept,Reject,Reject
P16,Replay_Video,Standar,60cm,0.219,0.257,0.079,Accept,Reject,Reject
P16,Replay_Video,Standar,60cm,0.338,0.253,0.087,Accept,Reject,Reject
P16,Replay_Video,Standar,60cm,0.329,0.280,0.085,Accept,Reject,Reject
P16,Replay_Video,Standar,60cm,0.360,0.271,0.100,Accept,Accept,Reject
P16,Replay_Video,Standar,60cm,0.315,0.223,0.074,Accept,Reject,Reject
P16,Replay_Video,Standar,60cm,0.285,0.236,0.080,Accept,Reject,Reject
P16,Replay_Video,Standar,60cm,0.293,0.288,0.074,Accept,Reject,Reject
P16,Replay_Video,Terang,30cm,0.239,0.254,0.101,Accept,Reject,Reject
P16,Replay_Video,Terang,30cm,0.319,0.229,0.075,Accept,Reject,Reject
P16,Replay_Video,Terang,30cm,0.248,0.279,0.110,Accept,Reject,Reject
P16,Replay_Video,Terang,30cm,0.262,0.286,0.110,Accept,Reject,Reject
P16,Replay_Video,Terang,30cm,0.188,0.268,0.102,Accept,Reject,Reject
P16,Replay_Video,Terang,30cm,0.290,0.274,0.078,Accept,Reject,Reject
P16,Replay_Video,Terang,30cm,0.234,0.253,0.108,Accept,Reject,Reject
P16,Replay_Video,Terang,30cm,0.334,0.241,0.103,Accept,Accept,Accept
P16,Replay_Video,Terang,30cm,0.240,0.247,0.096,Accept,Reject,Reject
P16,Replay_Video,Terang,30cm,0.288,0.224,0.085,Accept,Reject,Reject
P16,Replay_Video,Terang,45cm,0.277,0.270,0.081,Accept,Reject,Reject
P16,Replay_Video,Terang,45cm,0.304,0.263,0.094,Accept,Reject,Reject
P16,Replay_Video,Terang,45cm,0.234,0.276,0.104,Accept,Reject,Reject
P16,Replay_Video,Terang,45cm,0.278,0.237,0.075,Accept,Reject,Reject
P16,Replay_Video,Terang,45cm,0.233,0.247,0.077,Accept,Reject,Reject
P16,Replay_Video,Terang,45cm,0.320,0.281,0.089,Accept,Reject,Reject
P16,Replay_Video,Terang,45cm,0.354,0.241,0.110,Accept,Accept,Reject
P16,Replay_Video,Terang,45cm,0.314,0.238,0.070,Accept,Reject,Reject
P16,Replay_Video,Terang,45cm,0.333,0.261,0.070,Accept,Reject,Reject
P16,Replay_Video,Terang,45cm,0.304,0.235,0.088,Accept,Reject,Reject
P16,Replay_Video,Terang,60cm,0.322,0.250,0.085,Accept,Reject,Reject
P16,Replay_Video,Terang,60cm,0.328,0.280,0.084,Accept,Reject,Reject
P16,Replay_Video,Terang,60cm,0.344,0.279,0.102,Accept,Reject,Reject
P16,Replay_Video,Terang,60cm,0.276,0.278,0.079,Accept,Reject,Reject
P16,Replay_Video,Terang,60cm,0.363,0.263,0.086,Accept,Reject,Reject
P16,Replay_Video,Terang,60cm,0.250,0.266,0.086,Accept,Reject,Reject
P16,Replay_Video,Terang,60cm,0.313,0.242,0.099,Accept,Reject,Reject
P16,Replay_Video,Terang,60cm,0.283,0.254,0.073,Accept,Reject,Reject
P16,Replay_Video,Terang,60cm,0.263,0.259,0.081,Accept,Reject,Reject
P16,Replay_Video,Terang,60cm,0.297,0.270,0.092,Accept,Reject,Reject
P17,Replay_Video,Redup,30cm,0.338,0.265,0.092,Accept,Reject,Reject
P17,Replay_Video,Redup,30cm,0.318,0.279,0.081,Accept,Reject,Reject
P17,Replay_Video,Redup,30cm,0.338,0.264,0.073,Accept,Reject,Reject
P17,Replay_Video,Redup,30cm,0.300,0.287,0.107,Accept,Reject,Reject
P17,Replay_Video,Redup,30cm,0.248,0.253,0.091,Accept,Reject,Reject
P17,Replay_Video,Redup,30cm,0.258,0.284,0.079,Accept,Reject,Reject
P17,Replay_Video,Redup,30cm,0.285,0.287,0.075,Accept,Reject,Reject
P17,Replay_Video,Redup,30cm,0.337,0.258,0.101,Accept,Reject,Reject
P17,Replay_Video,Redup,30cm,0.305,0.271,0.084,Accept,Reject,Reject
P17,Replay_Video,Redup,30cm,0.307,0.259,0.103,Accept,Reject,Reject
P17,Replay_Video,Redup,45cm,0.351,0.273,0.087,Accept,Reject,Reject
P17,Replay_Video,Redup,45cm,0.340,0.234,0.085,Accept,Reject,Reject
P17,Replay_Video,Redup,45cm,0.258,0.220,0.100,Accept,Reject,Reject
P17,Replay_Video,Redup,45cm,0.243,0.220,0.075,Accept,Reject,Reject
P17,Replay_Video,Redup,45cm,0.318,0.228,0.091,Accept,Reject,Reject
P17,Replay_Video,Redup,45cm,0.333,0.231,0.091,Accept,Reject,Reject
P17,Replay_Video,Redup,45cm,0.275,0.254,0.094,Accept,Reject,Reject
P17,Replay_Video,Redup,45cm,0.313,0.228,0.113,Accept,Reject,Reject
P17,Replay_Video,Redup,45cm,0.323,0.223,0.086,Accept,Reject,Reject
P17,Replay_Video,Redup,45cm,0.323,0.223,0.082,Accept,Reject,Reject
P17,Replay_Video,Redup,60cm,0.261,0.237,0.083,Accept,Reject,Reject
P17,Replay_Video,Redup,60cm,0.285,0.231,0.096,Accept,Reject,Reject
P17,Replay_Video,Redup,60cm,0.266,0.232,0.102,Accept,Reject,Reject
P17,Replay_Video,Redup,60cm,0.255,0.236,0.071,Accept,Reject,Reject
P17,Replay_Video,Redup,60cm,0.346,0.268,0.082,Accept,Reject,Reject
P17,Replay_Video,Redup,60cm,0.285,0.234,0.094,Accept,Reject,Reject
P17,Replay_Video,Redup,60cm,0.348,0.239,0.105,Accept,Reject,Reject
P17,Replay_Video,Redup,60cm,0.289,0.225,0.111,Accept,Reject,Reject
P17,Replay_Video,Redup,60cm,0.338,0.237,0.075,Accept,Reject,Reject
P17,Replay_Video,Redup,60cm,0.397,0.238,0.086,Accept,Reject,Reject
P17,Replay_Video,Standar,30cm,0.181,0.243,0.075,Accept,Reject,Reject
P17,Replay_Video,Standar,30cm,0.231,0.287,0.095,Accept,Reject,Reject
P17,Replay_Video,Standar,30cm,0.273,0.238,0.091,Accept,Reject,Reject
P17,Replay_Video,Standar,30cm,0.294,0.290,0.087,Accept,Reject,Reject
P17,Replay_Video,Standar,30cm,0.276,0.246,0.079,Accept,Reject,Reject
P17,Replay_Video,Standar,30cm,0.199,0.252,0.100,Accept,Reject,Reject
P17,Replay_Video,Standar,30cm,0.296,0.257,0.086,Accept,Reject,Reject
P17,Replay_Video,Standar,30cm,0.214,0.249,0.080,Accept,Reject,Reject
P17,Replay_Video,Standar,30cm,0.282,0.263,0.073,Accept,Reject,Reject
P17,Replay_Video,Standar,30cm,0.298,0.276,0.106,Accept,Reject,Reject
P17,Replay_Video,Standar,45cm,0.319,0.274,0.107,Accept,Reject,Reject
P17,Replay_Video,Standar,45cm,0.224,0.267,0.075,Accept,Reject,Reject
P17,Replay_Video,Standar,45cm,0.313,0.254,0.078,Accept,Reject,Reject
P17,Replay_Video,Standar,45cm,0.240,0.225,0.091,Accept,Reject,Reject
P17,Replay_Video,Standar,45cm,0.237,0.277,0.106,Accept,Reject,Reject
P17,Replay_Video,Standar,45cm,0.202,0.242,0.073,Accept,Reject,Reject
P17,Replay_Video,Standar,45cm,0.287,0.229,0.081,Accept,Reject,Reject
P17,Replay_Video,Standar,45cm,0.322,0.258,0.087,Accept,Reject,Reject
P17,Replay_Video,Standar,45cm,0.339,0.286,0.100,Accept,Accept,Reject
P17,Replay_Video,Standar,45cm,0.294,0.243,0.076,Accept,Reject,Reject
P17,Replay_Video,Standar,60cm,0.310,0.240,0.111,Accept,Reject,Reject
P17,Replay_Video,Standar,60cm,0.345,0.271,0.110,Accept,Reject,Reject
P17,Replay_Video,Standar,60cm,0.221,0.242,0.075,Accept,Reject,Reject
P17,Replay_Video,Standar,60cm,0.262,0.280,0.096,Accept,Reject,Reject
P17,Replay_Video,Standar,60cm,0.240,0.237,0.070,Accept,Reject,Reject
P17,Replay_Video,Standar,60cm,0.307,0.239,0.070,Accept,Reject,Reject
P17,Replay_Video,Standar,60cm,0.270,0.243,0.070,Accept,Reject,Reject
P17,Replay_Video,Standar,60cm,0.266,0.261,0.089,Accept,Reject,Reject
P17,Replay_Video,Standar,60cm,0.246,0.271,0.110,Accept,Reject,Reject
P17,Replay_Video,Standar,60cm,0.221,0.287,0.075,Accept,Reject,Reject
P17,Replay_Video,Terang,30cm,0.263,0.229,0.100,Accept,Reject,Reject
P17,Replay_Video,Terang,30cm,0.327,0.231,0.076,Accept,Reject,Reject
P17,Replay_Video,Terang,30cm,0.223,0.287,0.109,Accept,Reject,Reject
P17,Replay_Video,Terang,30cm,0.195,0.266,0.109,Accept,Reject,Reject
P17,Replay_Video,Terang,30cm,0.299,0.247,0.102,Accept,Reject,Reject
P17,Replay_Video,Terang,30cm,0.213,0.225,0.077,Accept,Reject,Reject
P17,Replay_Video,Terang,30cm,0.285,0.266,0.109,Accept,Reject,Reject
P17,Replay_Video,Terang,30cm,0.324,0.263,0.104,Accept,Reject,Reject
P17,Replay_Video,Terang,30cm,0.191,0.256,0.096,Accept,Reject,Reject
P17,Replay_Video,Terang,30cm,0.200,0.283,0.105,Accept,Reject,Reject
P17,Replay_Video,Terang,45cm,0.246,0.233,0.082,Accept,Reject,Reject
P17,Replay_Video,Terang,45cm,0.348,0.265,0.094,Accept,Reject,Reject
P17,Replay_Video,Terang,45cm,0.323,0.272,0.106,Accept,Reject,Reject
P17,Replay_Video,Terang,45cm,0.259,0.261,0.076,Accept,Reject,Reject
P17,Replay_Video,Terang,45cm,0.324,0.273,0.076,Accept,Reject,Reject
P17,Replay_Video,Terang,45cm,0.239,0.270,0.090,Accept,Reject,Reject
P17,Replay_Video,Terang,45cm,0.287,0.237,0.109,Accept,Reject,Reject
P17,Replay_Video,Terang,45cm,0.273,0.281,0.114,Accept,Reject,Reject
P17,Replay_Video,Terang,45cm,0.318,0.247,0.071,Accept,Reject,Reject
P17,Replay_Video,Terang,45cm,0.279,0.234,0.107,Accept,Reject,Reject
P17,Replay_Video,Terang,60cm,0.373,0.232,0.085,Accept,Reject,Reject
P17,Replay_Video,Terang,60cm,0.298,0.238,0.085,Accept,Reject,Reject
P17,Replay_Video,Terang,60cm,0.256,0.221,0.101,Accept,Reject,Reject
P17,Replay_Video,Terang,60cm,0.305,0.276,0.079,Accept,Reject,Reject
P17,Replay_Video,Terang,60cm,0.307,0.273,0.087,Accept,Reject,Reject
P17,Replay_Video,Terang,60cm,0.329,0.230,0.086,Accept,Reject,Reject
P17,Replay_Video,Terang,60cm,0.280,0.289,0.100,Accept,Reject,Reject
P17,Replay_Video,Terang,60cm,0.368,0.251,0.073,Accept,Reject,Reject
P17,Replay_Video,Terang,60cm,0.369,0.265,0.080,Accept,Reject,Reject
P17,Replay_Video,Terang,60cm,0.366,0.232,0.077,Accept,Reject,Reject
P18,Replay_Video,Redup,30cm,0.329,0.233,0.080,Accept,Reject,Reject
P18,Replay_Video,Redup,30cm,0.316,0.230,0.093,Accept,Reject,Reject
P18,Replay_Video,Redup,30cm,0.308,0.284,0.106,Accept,Reject,Reject
P18,Replay_Video,Redup,30cm,0.340,0.287,0.074,Accept,Reject,Reject
P18,Replay_Video,Redup,30cm,0.349,0.268,0.079,Accept,Reject,Reject
P18,Replay_Video,Redup,30cm,0.232,0.230,0.091,Accept,Reject,Reject
P18,Replay_Video,Redup,30cm,0.296,0.287,0.108,Accept,Reject,Reject
P18,Replay_Video,Redup,30cm,0.332,0.281,0.114,Accept,Reject,Reject
P18,Replay_Video,Redup,30cm,0.340,0.277,0.072,Accept,Reject,Reject
P18,Replay_Video,Redup,30cm,0.268,0.222,0.097,Accept,Reject,Reject
P18,Replay_Video,Redup,45cm,0.317,0.280,0.099,Accept,Reject,Reject
P18,Replay_Video,Redup,45cm,0.299,0.258,0.074,Accept,Reject,Reject
P18,Replay_Video,Redup,45cm,0.285,0.282,0.112,Accept,Reject,Reject
P18,Replay_Video,Redup,45cm,0.351,0.231,0.108,Accept,Reject,Reject
P18,Replay_Video,Redup,45cm,0.324,0.258,0.103,Accept,Reject,Reject
P18,Replay_Video,Redup,45cm,0.315,0.260,0.079,Accept,Reject,Reject
P18,Replay_Video,Redup,45cm,0.261,0.265,0.106,Accept,Reject,Reject
P18,Replay_Video,Redup,45cm,0.318,0.263,0.101,Accept,Reject,Reject
P18,Replay_Video,Redup,45cm,0.334,0.241,0.098,Accept,Reject,Reject
P18,Replay_Video,Redup,45cm,0.294,0.283,0.075,Accept,Reject,Reject
P18,Replay_Video,Redup,60cm,0.374,0.243,0.095,Accept,Reject,Reject
P18,Replay_Video,Redup,60cm,0.396,0.255,0.084,Accept,Reject,Reject
P18,Replay_Video,Redup,60cm,0.296,0.224,0.115,Accept,Reject,Reject
P18,Replay_Video,Redup,60cm,0.364,0.247,0.103,Accept,Reject,Reject
P18,Replay_Video,Redup,60cm,0.355,0.228,0.094,Accept,Reject,Reject
P18,Replay_Video,Redup,60cm,0.265,0.263,0.081,Accept,Reject,Reject
P18,Replay_Video,Redup,60cm,0.332,0.251,0.072,Accept,Reject,Reject
P18,Replay_Video,Redup,60cm,0.291,0.261,0.098,Accept,Reject,Reject
P18,Replay_Video,Redup,60cm,0.346,0.256,0.087,Accept,Reject,Reject
P18,Replay_Video,Redup,60cm,0.346,0.284,0.081,Accept,Reject,Reject
P18,Replay_Video,Standar,30cm,0.318,0.262,0.108,Accept,Accept,Accept
P18,Replay_Video,Standar,30cm,0.243,0.260,0.074,Accept,Reject,Reject
P18,Replay_Video,Standar,30cm,0.266,0.259,0.079,Accept,Reject,Reject
P18,Replay_Video,Standar,30cm,0.208,0.277,0.093,Accept,Reject,Reject
P18,Replay_Video,Standar,30cm,0.315,0.243,0.106,Accept,Accept,Reject
P18,Replay_Video,Standar,30cm,0.175,0.269,0.073,Accept,Reject,Reject
P18,Replay_Video,Standar,30cm,0.312,0.283,0.079,Accept,Reject,Reject
P18,Replay_Video,Standar,30cm,0.170,0.242,0.098,Accept,Reject,Reject
P18,Replay_Video,Standar,30cm,0.257,0.232,0.113,Accept,Reject,Reject
P18,Replay_Video,Standar,30cm,0.181,0.232,0.103,Accept,Reject,Reject
P18,Replay_Video,Standar,45cm,0.299,0.281,0.107,Accept,Reject,Reject
P18,Replay_Video,Standar,45cm,0.250,0.245,0.108,Accept,Reject,Reject
P18,Replay_Video,Standar,45cm,0.257,0.290,0.103,Accept,Reject,Reject
P18,Replay_Video,Standar,45cm,0.278,0.234,0.074,Accept,Reject,Reject
P18,Replay_Video,Standar,45cm,0.248,0.239,0.112,Accept,Reject,Reject
P18,Replay_Video,Standar,45cm,0.331,0.242,0.112,Accept,Reject,Reject
P18,Replay_Video,Standar,45cm,0.256,0.257,0.100,Accept,Reject,Reject
P18,Replay_Video,Standar,45cm,0.295,0.276,0.080,Accept,Reject,Reject
P18,Replay_Video,Standar,45cm,0.329,0.224,0.072,Accept,Reject,Reject
P18,Replay_Video,Standar,45cm,0.335,0.285,0.112,Accept,Reject,Reject
P18,Replay_Video,Standar,60cm,0.232,0.280,0.072,Accept,Reject,Reject
P18,Replay_Video,Standar,60cm,0.303,0.274,0.104,Accept,Reject,Reject
P18,Replay_Video,Standar,60cm,0.320,0.273,0.094,Accept,Reject,Reject
P18,Replay_Video,Standar,60cm,0.296,0.287,0.084,Accept,Reject,Reject
P18,Replay_Video,Standar,60cm,0.340,0.237,0.070,Accept,Reject,Reject
P18,Replay_Video,Standar,60cm,0.232,0.285,0.103,Accept,Reject,Reject
P18,Replay_Video,Standar,60cm,0.264,0.277,0.095,Accept,Reject,Reject
P18,Replay_Video,Standar,60cm,0.279,0.234,0.089,Accept,Reject,Reject
P18,Replay_Video,Standar,60cm,0.366,0.274,0.076,Accept,Reject,Reject
P18,Replay_Video,Standar,60cm,0.291,0.249,0.072,Accept,Reject,Reject
P18,Replay_Video,Terang,30cm,0.300,0.260,0.095,Accept,Reject,Reject
P18,Replay_Video,Terang,30cm,0.293,0.254,0.081,Accept,Reject,Reject
P18,Replay_Video,Terang,30cm,0.194,0.223,0.072,Accept,Reject,Reject
P18,Replay_Video,Terang,30cm,0.303,0.266,0.104,Accept,Reject,Reject
P18,Replay_Video,Terang,30cm,0.335,0.258,0.096,Accept,Reject,Reject
P18,Replay_Video,Terang,30cm,0.303,0.236,0.084,Accept,Reject,Reject
P18,Replay_Video,Terang,30cm,0.197,0.256,0.114,Accept,Reject,Reject
P18,Replay_Video,Terang,30cm,0.275,0.265,0.109,Accept,Reject,Reject
P18,Replay_Video,Terang,30cm,0.242,0.244,0.102,Accept,Reject,Reject
P18,Replay_Video,Terang,30cm,0.294,0.230,0.078,Accept,Reject,Reject
P18,Replay_Video,Terang,45cm,0.298,0.261,0.075,Accept,Reject,Reject
P18,Replay_Video,Terang,45cm,0.336,0.221,0.100,Accept,Reject,Reject
P18,Replay_Video,Terang,45cm,0.254,0.278,0.110,Accept,Reject,Reject
P18,Replay_Video,Terang,45cm,0.346,0.283,0.114,Accept,Reject,Reject
P18,Replay_Video,Terang,45cm,0.236,0.249,0.071,Accept,Reject,Reject
P18,Replay_Video,Terang,45cm,0.243,0.238,0.095,Accept,Reject,Reject
P18,Replay_Video,Terang,45cm,0.287,0.259,0.071,Accept,Reject,Reject
P18,Replay_Video,Terang,45cm,0.267,0.258,0.076,Accept,Reject,Reject
P18,Replay_Video,Terang,45cm,0.327,0.271,0.076,Accept,Reject,Reject
P18,Replay_Video,Terang,45cm,0.331,0.287,0.107,Accept,Reject,Reject
P18,Replay_Video,Terang,60cm,0.263,0.242,0.079,Accept,Reject,Reject
P18,Replay_Video,Terang,60cm,0.262,0.240,0.090,Accept,Reject,Reject
P18,Replay_Video,Terang,60cm,0.300,0.280,0.108,Accept,Reject,Reject
P18,Replay_Video,Terang,60cm,0.285,0.253,0.074,Accept,Reject,Reject
P18,Replay_Video,Terang,60cm,0.272,0.267,0.080,Accept,Reject,Reject
P18,Replay_Video,Terang,60cm,0.361,0.223,0.092,Accept,Reject,Reject
P18,Replay_Video,Terang,60cm,0.318,0.259,0.105,Accept,Reject,Reject
P18,Replay_Video,Terang,60cm,0.322,0.273,0.079,Accept,Reject,Reject
P18,Replay_Video,Terang,60cm,0.310,0.271,0.087,Accept,Reject,Reject
P18,Replay_Video,Terang,60cm,0.284,0.221,0.109,Accept,Reject,Reject
